claim_id,claim_class,split,variation,path
CLM-000001,Manual Review,train,v1,gtm_training/manual_review/CLM-000001_v1.png
CLM-000001,Manual Review,train,v2,gtm_training/manual_review/CLM-000001_v2.png
CLM-000002,Manual Review,train,v1,gtm_training/manual_review/CLM-000002_v1.png
CLM-000002,Manual Review,train,v2,gtm_training/manual_review/CLM-000002_v2.png
CLM-000003,Manual Review,train,v1,gtm_training/manual_review/CLM-000003_v1.png
CLM-000003,Manual Review,train,v2,gtm_training/manual_review/CLM-000003_v2.png
CLM-000004,Manual Review,test,v1,holdout_test/manual_review/CLM-000004_v1.png
CLM-000005,Manual Review,train,v1,gtm_training/manual_review/CLM-000005_v1.png
CLM-000005,Manual Review,train,v2,gtm_training/manual_review/CLM-000005_v2.png
CLM-000006,Valid Claim,test,v1,holdout_test/valid_claim/CLM-000006_v1.png
CLM-000007,Manual Review,train,v1,gtm_training/manual_review/CLM-000007_v1.png
CLM-000007,Manual Review,train,v2,gtm_training/manual_review/CLM-000007_v2.png
CLM-000008,Invalid Claim,validation,v1,holdout_validation/invalid_claim/CLM-000008_v1.png
CLM-000009,Valid Claim,train,v1,gtm_training/valid_claim/CLM-000009_v1.png
CLM-000009,Valid Claim,train,v2,gtm_training/valid_claim/CLM-000009_v2.png
CLM-000010,Valid Claim,validation,v1,holdout_validation/valid_claim/CLM-000010_v1.png
CLM-000011,Manual Review,train,v1,gtm_training/manual_review/CLM-000011_v1.png
CLM-000011,Manual Review,train,v2,gtm_training/manual_review/CLM-000011_v2.png
CLM-000012,Valid Claim,train,v1,gtm_training/valid_claim/CLM-000012_v1.png
CLM-000012,Valid Claim,train,v2,gtm_training/valid_claim/CLM-000012_v2.png
CLM-000013,Valid Claim,train,v1,gtm_training/valid_claim/CLM-000013_v1.png
CLM-000013,Valid Claim,train,v2,gtm_training/valid_claim/CLM-000013_v2.png
CLM-000014,Manual Review,train,v1,gtm_training/manual_review/CLM-000014_v1.png
CLM-000014,Manual Review,train,v2,gtm_training/manual_review/CLM-000014_v2.png
CLM-000015,Invalid Claim,train,v1,gtm_training/invalid_claim/CLM-000015_v1.png
CLM-000015,Invalid Claim,train,v2,gtm_training/invalid_claim/CLM-000015_v2.png
CLM-000016,Valid Claim,train,v1,gtm_training/valid_claim/CLM-000016_v1.png
CLM-000016,Valid Claim,train,v2,gtm_training/valid_claim/CLM-000016_v2.png
CLM-000017,Valid Claim,train,v1,gtm_training/valid_claim/CLM-000017_v1.png
CLM-000017,Valid Claim,train,v2,gtm_training/valid_claim/CLM-000017_v2.png
CLM-000018,Valid Claim,train,v1,gtm_training/valid_claim/CLM-000018_v1.png
CLM-000018,Valid Claim,train,v2,gtm_training/valid_claim/CLM-000018_v2.png
CLM-000019,Invalid Claim,train,v1,gtm_training/invalid_claim/CLM-000019_v1.png
CLM-000019,Invalid Claim,train,v2,gtm_training/invalid_claim/CLM-000019_v2.png
CLM-000020,Manual Review,train,v1,gtm_training/manual_review/CLM-000020_v1.png
CLM-000020,Manual Review,train,v2,gtm_training/manual_review/CLM-000020_v2.png
CLM-000021,Valid Claim,train,v1,gtm_training/valid_claim/CLM-000021_v1.png
CLM-000021,Valid Claim,train,v2,gtm_training/valid_claim/CLM-000021_v2.png
CLM-000022,Manual Review,train,v1,gtm_training/manual_review/CLM-000022_v1.png
CLM-000022,Manual Review,train,v2,gtm_training/manual_review/CLM-000022_v2.png
CLM-000023,Valid Claim,train,v1,gtm_training/valid_claim/CLM-000023_v1.png
CLM-000023,Valid Claim,train,v2,gtm_training/valid_claim/CLM-000023_v2.png
CLM-000024,Manual Review,train,v1,gtm_training/manual_review/CLM-000024_v1.png
CLM-000024,Manual Review,train,v2,gtm_training/manual_review/CLM-000024_v2.png
CLM-000025,Valid Claim,train,v1,gtm_training/valid_claim/CLM-000025_v1.png
CLM-000025,Valid Claim,train,v2,gtm_training/valid_claim/CLM-000025_v2.png
CLM-000026,Invalid Claim,train,v1,gtm_training/invalid_claim/CLM-000026_v1.png
CLM-000026,Invalid Claim,train,v2,gtm_training/invalid_claim/CLM-000026_v2.png
CLM-000027,Manual Review,train,v1,gtm_training/manual_review/CLM-000027_v1.png
CLM-000027,Manual Review,train,v2,gtm_training/manual_review/CLM-000027_v2.png
CLM-000028,Valid Claim,train,v1,gtm_training/valid_claim/CLM-000028_v1.png
CLM-000028,Valid Claim,train,v2,gtm_training/valid_claim/CLM-000028_v2.png
CLM-000029,Invalid Claim,train,v1,gtm_training/invalid_claim/CLM-000029_v1.png
CLM-000029,Invalid Claim,train,v2,gtm_training/invalid_claim/CLM-000029_v2.png
CLM-000030,Manual Review,test,v1,holdout_test/manual_review/CLM-000030_v1.png
CLM-000031,Invalid Claim,train,v1,gtm_training/invalid_claim/CLM-000031_v1.png
CLM-000031,Invalid Claim,train,v2,gtm_training/invalid_claim/CLM-000031_v2.png
CLM-000032,Valid Claim,validation,v1,holdout_validation/valid_claim/CLM-000032_v1.png
CLM-000033,Invalid Claim,train,v1,gtm_training/invalid_claim/CLM-000033_v1.png
CLM-000033,Invalid Claim,train,v2,gtm_training/invalid_claim/CLM-000033_v2.png
CLM-000034,Valid Claim,train,v1,gtm_training/valid_claim/CLM-000034_v1.png
CLM-000034,Valid Claim,train,v2,gtm_training/valid_claim/CLM-000034_v2.png
CLM-000035,Invalid Claim,validation,v1,holdout_validation/invalid_claim/CLM-000035_v1.png
CLM-000036,Valid Claim,train,v1,gtm_training/valid_claim/CLM-000036_v1.png
CLM-000036,Valid Claim,train,v2,gtm_training/valid_claim/CLM-000036_v2.png
CLM-000037,Manual Review,test,v1,holdout_test/manual_review/CLM-000037_v1.png
CLM-000038,Invalid Claim,train,v1,gtm_training/invalid_claim/CLM-000038_v1.png
CLM-000038,Invalid Claim,train,v2,gtm_training/invalid_claim/CLM-000038_v2.png
CLM-000039,Manual Review,train,v1,gtm_training/manual_review/CLM-000039_v1.png
CLM-000039,Manual Review,train,v2,gtm_training/manual_review/CLM-000039_v2.png
CLM-000040,Valid Claim,train,v1,gtm_training/valid_claim/CLM-000040_v1.png
CLM-000040,Valid Claim,train,v2,gtm_training/valid_claim/CLM-000040_v2.png
CLM-000041,Valid Claim,train,v1,gtm_training/valid_claim/CLM-000041_v1.png
CLM-000041,Valid Claim,train,v2,gtm_training/valid_claim/CLM-000041_v2.png
CLM-000042,Manual Review,test,v1,holdout_test/manual_review/CLM-000042_v1.png
CLM-000043,Manual Review,test,v1,holdout_test/manual_review/CLM-000043_v1.png
CLM-000044,Valid Claim,train,v1,gtm_training/valid_claim/CLM-000044_v1.png
CLM-000044,Valid Claim,train,v2,gtm_training/valid_claim/CLM-000044_v2.png
CLM-000045,Manual Review,train,v1,gtm_training/manual_review/CLM-000045_v1.png
CLM-000045,Manual Review,train,v2,gtm_training/manual_review/CLM-000045_v2.png
CLM-000046,Manual Review,train,v1,gtm_training/manual_review/CLM-000046_v1.png
CLM-000046,Manual Review,train,v2,gtm_training/manual_review/CLM-000046_v2.png
CLM-000047,Invalid Claim,train,v1,gtm_training/invalid_claim/CLM-000047_v1.png
CLM-000047,Invalid Claim,train,v2,gtm_training/invalid_claim/CLM-000047_v2.png
CLM-000048,Valid Claim,train,v1,gtm_training/valid_claim/CLM-000048_v1.png
CLM-000048,Valid Claim,train,v2,gtm_training/valid_claim/CLM-000048_v2.png
CLM-000049,Manual Review,train,v1,gtm_training/manual_review/CLM-000049_v1.png
CLM-000049,Manual Review,train,v2,gtm_training/manual_review/CLM-000049_v2.png
CLM-000050,Invalid Claim,test,v1,holdout_test/invalid_claim/CLM-000050_v1.png
CLM-000051,Manual Review,train,v1,gtm_training/manual_review/CLM-000051_v1.png
CLM-000051,Manual Review,train,v2,gtm_training/manual_review/CLM-000051_v2.png
CLM-000052,Valid Claim,test,v1,holdout_test/valid_claim/CLM-000052_v1.png
CLM-000053,Valid Claim,train,v1,gtm_training/valid_claim/CLM-000053_v1.png
CLM-000053,Valid Claim,train,v2,gtm_training/valid_claim/CLM-000053_v2.png
CLM-000054,Invalid Claim,train,v1,gtm_training/invalid_claim/CLM-000054_v1.png
CLM-000054,Invalid Claim,train,v2,gtm_training/invalid_claim/CLM-000054_v2.png
CLM-000055,Valid Claim,train,v1,gtm_training/valid_claim/CLM-000055_v1.png
CLM-000055,Valid Claim,train,v2,gtm_training/valid_claim/CLM-000055_v2.png
CLM-000056,Valid Claim,test,v1,holdout_test/valid_claim/CLM-000056_v1.png
CLM-000057,Valid Claim,validation,v1,holdout_validation/valid_claim/CLM-000057_v1.png
CLM-000058,Invalid Claim,train,v1,gtm_training/invalid_claim/CLM-000058_v1.png
CLM-000058,Invalid Claim,train,v2,gtm_training/invalid_claim/CLM-000058_v2.png
CLM-000059,Manual Review,train,v1,gtm_training/manual_review/CLM-000059_v1.png
CLM-000059,Manual Review,train,v2,gtm_training/manual_review/CLM-000059_v2.png
CLM-000060,Invalid Claim,test,v1,holdout_test/invalid_claim/CLM-000060_v1.png
CLM-000061,Manual Review,test,v1,holdout_test/manual_review/CLM-000061_v1.png
CLM-000062,Invalid Claim,validation,v1,holdout_validation/invalid_claim/CLM-000062_v1.png
CLM-000063,Invalid Claim,train,v1,gtm_training/invalid_claim/CLM-000063_v1.png
CLM-000063,Invalid Claim,train,v2,gtm_training/invalid_claim/CLM-000063_v2.png
CLM-000064,Valid Claim,train,v1,gtm_training/valid_claim/CLM-000064_v1.png
CLM-000064,Valid Claim,train,v2,gtm_training/valid_claim/CLM-000064_v2.png
CLM-000065,Valid Claim,validation,v1,holdout_validation/valid_claim/CLM-000065_v1.png
CLM-000066,Invalid Claim,train,v1,gtm_training/invalid_claim/CLM-000066_v1.png
CLM-000066,Invalid Claim,train,v2,gtm_training/invalid_claim/CLM-000066_v2.png
CLM-000067,Valid Claim,train,v1,gtm_training/valid_claim/CLM-000067_v1.png
CLM-000067,Valid Claim,train,v2,gtm_training/valid_claim/CLM-000067_v2.png
CLM-000068,Valid Claim,train,v1,gtm_training/valid_claim/CLM-000068_v1.png
CLM-000068,Valid Claim,train,v2,gtm_training/valid_claim/CLM-000068_v2.png
CLM-000069,Manual Review,validation,v1,holdout_validation/manual_review/CLM-000069_v1.png
CLM-000070,Invalid Claim,train,v1,gtm_training/invalid_claim/CLM-000070_v1.png
CLM-000070,Invalid Claim,train,v2,gtm_training/invalid_claim/CLM-000070_v2.png
CLM-000071,Invalid Claim,validation,v1,holdout_validation/invalid_claim/CLM-000071_v1.png
CLM-000072,Manual Review,train,v1,gtm_training/manual_review/CLM-000072_v1.png
CLM-000072,Manual Review,train,v2,gtm_training/manual_review/CLM-000072_v2.png
CLM-000073,Valid Claim,train,v1,gtm_training/valid_claim/CLM-000073_v1.png
CLM-000073,Valid Claim,train,v2,gtm_training/valid_claim/CLM-000073_v2.png
CLM-000074,Valid Claim,train,v1,gtm_training/valid_claim/CLM-000074_v1.png
CLM-000074,Valid Claim,train,v2,gtm_training/valid_claim/CLM-000074_v2.png
CLM-000075,Invalid Claim,train,v1,gtm_training/invalid_claim/CLM-000075_v1.png
CLM-000075,Invalid Claim,train,v2,gtm_training/invalid_claim/CLM-000075_v2.png
CLM-000076,Invalid Claim,test,v1,holdout_test/invalid_claim/CLM-000076_v1.png
CLM-000077,Manual Review,train,v1,gtm_training/manual_review/CLM-000077_v1.png
CLM-000077,Manual Review,train,v2,gtm_training/manual_review/CLM-000077_v2.png
CLM-000078,Valid Claim,train,v1,gtm_training/valid_claim/CLM-000078_v1.png
CLM-000078,Valid Claim,train,v2,gtm_training/valid_claim/CLM-000078_v2.png
CLM-000079,Valid Claim,train,v1,gtm_training/valid_claim/CLM-000079_v1.png
CLM-000079,Valid Claim,train,v2,gtm_training/valid_claim/CLM-000079_v2.png
CLM-000080,Valid Claim,train,v1,gtm_training/valid_claim/CLM-000080_v1.png
CLM-000080,Valid Claim,train,v2,gtm_training/valid_claim/CLM-000080_v2.png
CLM-000081,Invalid Claim,train,v1,gtm_training/invalid_claim/CLM-000081_v1.png
CLM-000081,Invalid Claim,train,v2,gtm_training/invalid_claim/CLM-000081_v2.png
CLM-000082,Manual Review,train,v1,gtm_training/manual_review/CLM-000082_v1.png
CLM-000082,Manual Review,train,v2,gtm_training/manual_review/CLM-000082_v2.png
CLM-000083,Valid Claim,train,v1,gtm_training/valid_claim/CLM-000083_v1.png
CLM-000083,Valid Claim,train,v2,gtm_training/valid_claim/CLM-000083_v2.png
CLM-000084,Valid Claim,train,v1,gtm_training/valid_claim/CLM-000084_v1.png
CLM-000084,Valid Claim,train,v2,gtm_training/valid_claim/CLM-000084_v2.png
CLM-000085,Manual Review,train,v1,gtm_training/manual_review/CLM-000085_v1.png
CLM-000085,Manual Review,train,v2,gtm_training/manual_review/CLM-000085_v2.png
CLM-000086,Manual Review,validation,v1,holdout_validation/manual_review/CLM-000086_v1.png
CLM-000087,Invalid Claim,train,v1,gtm_training/invalid_claim/CLM-000087_v1.png
CLM-000087,Invalid Claim,train,v2,gtm_training/invalid_claim/CLM-000087_v2.png
CLM-000088,Manual Review,train,v1,gtm_training/manual_review/CLM-000088_v1.png
CLM-000088,Manual Review,train,v2,gtm_training/manual_review/CLM-000088_v2.png
CLM-000089,Valid Claim,test,v1,holdout_test/valid_claim/CLM-000089_v1.png
CLM-000090,Invalid Claim,train,v1,gtm_training/invalid_claim/CLM-000090_v1.png
CLM-000090,Invalid Claim,train,v2,gtm_training/invalid_claim/CLM-000090_v2.png
CLM-000091,Manual Review,train,v1,gtm_training/manual_review/CLM-000091_v1.png
CLM-000091,Manual Review,train,v2,gtm_training/manual_review/CLM-000091_v2.png
CLM-000092,Valid Claim,train,v1,gtm_training/valid_claim/CLM-000092_v1.png
CLM-000092,Valid Claim,train,v2,gtm_training/valid_claim/CLM-000092_v2.png
CLM-000093,Manual Review,train,v1,gtm_training/manual_review/CLM-000093_v1.png
CLM-000093,Manual Review,train,v2,gtm_training/manual_review/CLM-000093_v2.png
CLM-000094,Invalid Claim,train,v1,gtm_training/invalid_claim/CLM-000094_v1.png
CLM-000094,Invalid Claim,train,v2,gtm_training/invalid_claim/CLM-000094_v2.png
CLM-000095,Valid Claim,validation,v1,holdout_validation/valid_claim/CLM-000095_v1.png
CLM-000096,Valid Claim,train,v1,gtm_training/valid_claim/CLM-000096_v1.png
CLM-000096,Valid Claim,train,v2,gtm_training/valid_claim/CLM-000096_v2.png
CLM-000097,Manual Review,train,v1,gtm_training/manual_review/CLM-000097_v1.png
CLM-000097,Manual Review,train,v2,gtm_training/manual_review/CLM-000097_v2.png
CLM-000098,Invalid Claim,train,v1,gtm_training/invalid_claim/CLM-000098_v1.png
CLM-000098,Invalid Claim,train,v2,gtm_training/invalid_claim/CLM-000098_v2.png
CLM-000099,Valid Claim,train,v1,gtm_training/valid_claim/CLM-000099_v1.png
CLM-000099,Valid Claim,train,v2,gtm_training/valid_claim/CLM-000099_v2.png
CLM-000100,Invalid Claim,validation,v1,holdout_validation/invalid_claim/CLM-000100_v1.png
CLM-000101,Valid Claim,train,v1,gtm_training/valid_claim/CLM-000101_v1.png
CLM-000101,Valid Claim,train,v2,gtm_training/valid_claim/CLM-000101_v2.png
CLM-000102,Invalid Claim,validation,v1,holdout_validation/invalid_claim/CLM-000102_v1.png
CLM-000103,Valid Claim,train,v1,gtm_training/valid_claim/CLM-000103_v1.png
CLM-000103,Valid Claim,train,v2,gtm_training/valid_claim/CLM-000103_v2.png
CLM-000104,Manual Review,validation,v1,holdout_validation/manual_review/CLM-000104_v1.png
CLM-000105,Valid Claim,train,v1,gtm_training/valid_claim/CLM-000105_v1.png
CLM-000105,Valid Claim,train,v2,gtm_training/valid_claim/CLM-000105_v2.png
CLM-000106,Manual Review,train,v1,gtm_training/manual_review/CLM-000106_v1.png
CLM-000106,Manual Review,train,v2,gtm_training/manual_review/CLM-000106_v2.png
CLM-000107,Invalid Claim,train,v1,gtm_training/invalid_claim/CLM-000107_v1.png
CLM-000107,Invalid Claim,train,v2,gtm_training/invalid_claim/CLM-000107_v2.png
CLM-000108,Manual Review,validation,v1,holdout_validation/manual_review/CLM-000108_v1.png
CLM-000109,Invalid Claim,train,v1,gtm_training/invalid_claim/CLM-000109_v1.png
CLM-000109,Invalid Claim,train,v2,gtm_training/invalid_claim/CLM-000109_v2.png
CLM-000110,Manual Review,validation,v1,holdout_validation/manual_review/CLM-000110_v1.png
CLM-000111,Manual Review,train,v1,gtm_training/manual_review/CLM-000111_v1.png
CLM-000111,Manual Review,train,v2,gtm_training/manual_review/CLM-000111_v2.png
CLM-000112,Invalid Claim,test,v1,holdout_test/invalid_claim/CLM-000112_v1.png
CLM-000113,Invalid Claim,train,v1,gtm_training/invalid_claim/CLM-000113_v1.png
CLM-000113,Invalid Claim,train,v2,gtm_training/invalid_claim/CLM-000113_v2.png
CLM-000114,Invalid Claim,train,v1,gtm_training/invalid_claim/CLM-000114_v1.png
CLM-000114,Invalid Claim,train,v2,gtm_training/invalid_claim/CLM-000114_v2.png
CLM-000115,Valid Claim,validation,v1,holdout_validation/valid_claim/CLM-000115_v1.png
CLM-000116,Valid Claim,train,v1,gtm_training/valid_claim/CLM-000116_v1.png
CLM-000116,Valid Claim,train,v2,gtm_training/valid_claim/CLM-000116_v2.png
CLM-000117,Manual Review,train,v1,gtm_training/manual_review/CLM-000117_v1.png
CLM-000117,Manual Review,train,v2,gtm_training/manual_review/CLM-000117_v2.png
CLM-000118,Manual Review,train,v1,gtm_training/manual_review/CLM-000118_v1.png
CLM-000118,Manual Review,train,v2,gtm_training/manual_review/CLM-000118_v2.png
CLM-000119,Manual Review,test,v1,holdout_test/manual_review/CLM-000119_v1.png
CLM-000120,Manual Review,train,v1,gtm_training/manual_review/CLM-000120_v1.png
CLM-000120,Manual Review,train,v2,gtm_training/manual_review/CLM-000120_v2.png
CLM-000121,Manual Review,train,v1,gtm_training/manual_review/CLM-000121_v1.png
CLM-000121,Manual Review,train,v2,gtm_training/manual_review/CLM-000121_v2.png
CLM-000122,Valid Claim,train,v1,gtm_training/valid_claim/CLM-000122_v1.png
CLM-000122,Valid Claim,train,v2,gtm_training/valid_claim/CLM-000122_v2.png
CLM-000123,Manual Review,train,v1,gtm_training/manual_review/CLM-000123_v1.png
CLM-000123,Manual Review,train,v2,gtm_training/manual_review/CLM-000123_v2.png
CLM-000124,Invalid Claim,train,v1,gtm_training/invalid_claim/CLM-000124_v1.png
CLM-000124,Invalid Claim,train,v2,gtm_training/invalid_claim/CLM-000124_v2.png
CLM-000125,Valid Claim,train,v1,gtm_training/valid_claim/CLM-000125_v1.png
CLM-000125,Valid Claim,train,v2,gtm_training/valid_claim/CLM-000125_v2.png
CLM-000126,Manual Review,test,v1,holdout_test/manual_review/CLM-000126_v1.png
CLM-000127,Valid Claim,validation,v1,holdout_validation/valid_claim/CLM-000127_v1.png
CLM-000128,Manual Review,train,v1,gtm_training/manual_review/CLM-000128_v1.png
CLM-000128,Manual Review,train,v2,gtm_training/manual_review/CLM-000128_v2.png
CLM-000129,Manual Review,validation,v1,holdout_validation/manual_review/CLM-000129_v1.png
CLM-000130,Invalid Claim,train,v1,gtm_training/invalid_claim/CLM-000130_v1.png
CLM-000130,Invalid Claim,train,v2,gtm_training/invalid_claim/CLM-000130_v2.png
CLM-000131,Valid Claim,train,v1,gtm_training/valid_claim/CLM-000131_v1.png
CLM-000131,Valid Claim,train,v2,gtm_training/valid_claim/CLM-000131_v2.png
CLM-000132,Invalid Claim,train,v1,gtm_training/invalid_claim/CLM-000132_v1.png
CLM-000132,Invalid Claim,train,v2,gtm_training/invalid_claim/CLM-000132_v2.png
CLM-000133,Invalid Claim,test,v1,holdout_test/invalid_claim/CLM-000133_v1.png
CLM-000134,Manual Review,test,v1,holdout_test/manual_review/CLM-000134_v1.png
CLM-000135,Invalid Claim,train,v1,gtm_training/invalid_claim/CLM-000135_v1.png
CLM-000135,Invalid Claim,train,v2,gtm_training/invalid_claim/CLM-000135_v2.png
CLM-000136,Invalid Claim,train,v1,gtm_training/invalid_claim/CLM-000136_v1.png
CLM-000136,Invalid Claim,train,v2,gtm_training/invalid_claim/CLM-000136_v2.png
CLM-000137,Manual Review,train,v1,gtm_training/manual_review/CLM-000137_v1.png
CLM-000137,Manual Review,train,v2,gtm_training/manual_review/CLM-000137_v2.png
CLM-000138,Invalid Claim,train,v1,gtm_training/invalid_claim/CLM-000138_v1.png
CLM-000138,Invalid Claim,train,v2,gtm_training/invalid_claim/CLM-000138_v2.png
CLM-000139,Valid Claim,train,v1,gtm_training/valid_claim/CLM-000139_v1.png
CLM-000139,Valid Claim,train,v2,gtm_training/valid_claim/CLM-000139_v2.png
CLM-000140,Invalid Claim,train,v1,gtm_training/invalid_claim/CLM-000140_v1.png
CLM-000140,Invalid Claim,train,v2,gtm_training/invalid_claim/CLM-000140_v2.png
CLM-000141,Manual Review,test,v1,holdout_test/manual_review/CLM-000141_v1.png
CLM-000142,Invalid Claim,test,v1,holdout_test/invalid_claim/CLM-000142_v1.png
CLM-000143,Manual Review,train,v1,gtm_training/manual_review/CLM-000143_v1.png
CLM-000143,Manual Review,train,v2,gtm_training/manual_review/CLM-000143_v2.png
CLM-000144,Valid Claim,train,v1,gtm_training/valid_claim/CLM-000144_v1.png
CLM-000144,Valid Claim,train,v2,gtm_training/valid_claim/CLM-000144_v2.png
CLM-000145,Valid Claim,train,v1,gtm_training/valid_claim/CLM-000145_v1.png
CLM-000145,Valid Claim,train,v2,gtm_training/valid_claim/CLM-000145_v2.png
CLM-000146,Manual Review,validation,v1,holdout_validation/manual_review/CLM-000146_v1.png
CLM-000147,Valid Claim,train,v1,gtm_training/valid_claim/CLM-000147_v1.png
CLM-000147,Valid Claim,train,v2,gtm_training/valid_claim/CLM-000147_v2.png
CLM-000148,Valid Claim,train,v1,gtm_training/valid_claim/CLM-000148_v1.png
CLM-000148,Valid Claim,train,v2,gtm_training/valid_claim/CLM-000148_v2.png
CLM-000149,Invalid Claim,train,v1,gtm_training/invalid_claim/CLM-000149_v1.png
CLM-000149,Invalid Claim,train,v2,gtm_training/invalid_claim/CLM-000149_v2.png
CLM-000150,Manual Review,test,v1,holdout_test/manual_review/CLM-000150_v1.png
CLM-000151,Manual Review,train,v1,gtm_training/manual_review/CLM-000151_v1.png
CLM-000151,Manual Review,train,v2,gtm_training/manual_review/CLM-000151_v2.png
CLM-000152,Manual Review,train,v1,gtm_training/manual_review/CLM-000152_v1.png
CLM-000152,Manual Review,train,v2,gtm_training/manual_review/CLM-000152_v2.png
CLM-000153,Invalid Claim,train,v1,gtm_training/invalid_claim/CLM-000153_v1.png
CLM-000153,Invalid Claim,train,v2,gtm_training/invalid_claim/CLM-000153_v2.png
CLM-000154,Valid Claim,validation,v1,holdout_validation/valid_claim/CLM-000154_v1.png
CLM-000155,Valid Claim,test,v1,holdout_test/valid_claim/CLM-000155_v1.png
CLM-000156,Manual Review,train,v1,gtm_training/manual_review/CLM-000156_v1.png
CLM-000156,Manual Review,train,v2,gtm_training/manual_review/CLM-000156_v2.png
CLM-000157,Valid Claim,train,v1,gtm_training/valid_claim/CLM-000157_v1.png
CLM-000157,Valid Claim,train,v2,gtm_training/valid_claim/CLM-000157_v2.png
CLM-000158,Invalid Claim,train,v1,gtm_training/invalid_claim/CLM-000158_v1.png
CLM-000158,Invalid Claim,train,v2,gtm_training/invalid_claim/CLM-000158_v2.png
CLM-000159,Valid Claim,train,v1,gtm_training/valid_claim/CLM-000159_v1.png
CLM-000159,Valid Claim,train,v2,gtm_training/valid_claim/CLM-000159_v2.png
CLM-000160,Valid Claim,train,v1,gtm_training/valid_claim/CLM-000160_v1.png
CLM-000160,Valid Claim,train,v2,gtm_training/valid_claim/CLM-000160_v2.png
CLM-000161,Valid Claim,test,v1,holdout_test/valid_claim/CLM-000161_v1.png
CLM-000162,Manual Review,train,v1,gtm_training/manual_review/CLM-000162_v1.png
CLM-000162,Manual Review,train,v2,gtm_training/manual_review/CLM-000162_v2.png
CLM-000163,Manual Review,test,v1,holdout_test/manual_review/CLM-000163_v1.png
CLM-000164,Invalid Claim,validation,v1,holdout_validation/invalid_claim/CLM-000164_v1.png
CLM-000165,Valid Claim,train,v1,gtm_training/valid_claim/CLM-000165_v1.png
CLM-000165,Valid Claim,train,v2,gtm_training/valid_claim/CLM-000165_v2.png
CLM-000166,Manual Review,train,v1,gtm_training/manual_review/CLM-000166_v1.png
CLM-000166,Manual Review,train,v2,gtm_training/manual_review/CLM-000166_v2.png
CLM-000167,Invalid Claim,test,v1,holdout_test/invalid_claim/CLM-000167_v1.png
CLM-000168,Manual Review,train,v1,gtm_training/manual_review/CLM-000168_v1.png
CLM-000168,Manual Review,train,v2,gtm_training/manual_review/CLM-000168_v2.png
CLM-000169,Valid Claim,train,v1,gtm_training/valid_claim/CLM-000169_v1.png
CLM-000169,Valid Claim,train,v2,gtm_training/valid_claim/CLM-000169_v2.png
CLM-000170,Valid Claim,validation,v1,holdout_validation/valid_claim/CLM-000170_v1.png
CLM-000171,Manual Review,train,v1,gtm_training/manual_review/CLM-000171_v1.png
CLM-000171,Manual Review,train,v2,gtm_training/manual_review/CLM-000171_v2.png
CLM-000172,Invalid Claim,validation,v1,holdout_validation/invalid_claim/CLM-000172_v1.png
CLM-000173,Invalid Claim,train,v1,gtm_training/invalid_claim/CLM-000173_v1.png
CLM-000173,Invalid Claim,train,v2,gtm_training/invalid_claim/CLM-000173_v2.png
CLM-000174,Valid Claim,test,v1,holdout_test/valid_claim/CLM-000174_v1.png
CLM-000175,Invalid Claim,train,v1,gtm_training/invalid_claim/CLM-000175_v1.png
CLM-000175,Invalid Claim,train,v2,gtm_training/invalid_claim/CLM-000175_v2.png
CLM-000176,Manual Review,train,v1,gtm_training/manual_review/CLM-000176_v1.png
CLM-000176,Manual Review,train,v2,gtm_training/manual_review/CLM-000176_v2.png
CLM-000177,Invalid Claim,train,v1,gtm_training/invalid_claim/CLM-000177_v1.png
CLM-000177,Invalid Claim,train,v2,gtm_training/invalid_claim/CLM-000177_v2.png
CLM-000178,Valid Claim,train,v1,gtm_training/valid_claim/CLM-000178_v1.png
CLM-000178,Valid Claim,train,v2,gtm_training/valid_claim/CLM-000178_v2.png
CLM-000179,Valid Claim,test,v1,holdout_test/valid_claim/CLM-000179_v1.png
CLM-000180,Invalid Claim,train,v1,gtm_training/invalid_claim/CLM-000180_v1.png
CLM-000180,Invalid Claim,train,v2,gtm_training/invalid_claim/CLM-000180_v2.png
CLM-000181,Manual Review,train,v1,gtm_training/manual_review/CLM-000181_v1.png
CLM-000181,Manual Review,train,v2,gtm_training/manual_review/CLM-000181_v2.png
CLM-000182,Invalid Claim,train,v1,gtm_training/invalid_claim/CLM-000182_v1.png
CLM-000182,Invalid Claim,train,v2,gtm_training/invalid_claim/CLM-000182_v2.png
CLM-000183,Manual Review,test,v1,holdout_test/manual_review/CLM-000183_v1.png
CLM-000184,Invalid Claim,validation,v1,holdout_validation/invalid_claim/CLM-000184_v1.png
CLM-000185,Valid Claim,train,v1,gtm_training/valid_claim/CLM-000185_v1.png
CLM-000185,Valid Claim,train,v2,gtm_training/valid_claim/CLM-000185_v2.png
CLM-000186,Manual Review,train,v1,gtm_training/manual_review/CLM-000186_v1.png
CLM-000186,Manual Review,train,v2,gtm_training/manual_review/CLM-000186_v2.png
CLM-000187,Valid Claim,train,v1,gtm_training/valid_claim/CLM-000187_v1.png
CLM-000187,Valid Claim,train,v2,gtm_training/valid_claim/CLM-000187_v2.png
CLM-000188,Manual Review,train,v1,gtm_training/manual_review/CLM-000188_v1.png
CLM-000188,Manual Review,train,v2,gtm_training/manual_review/CLM-000188_v2.png
CLM-000189,Valid Claim,validation,v1,holdout_validation/valid_claim/CLM-000189_v1.png
CLM-000190,Invalid Claim,train,v1,gtm_training/invalid_claim/CLM-000190_v1.png
CLM-000190,Invalid Claim,train,v2,gtm_training/invalid_claim/CLM-000190_v2.png
CLM-000191,Manual Review,train,v1,gtm_training/manual_review/CLM-000191_v1.png
CLM-000191,Manual Review,train,v2,gtm_training/manual_review/CLM-000191_v2.png
CLM-000192,Invalid Claim,train,v1,gtm_training/invalid_claim/CLM-000192_v1.png
CLM-000192,Invalid Claim,train,v2,gtm_training/invalid_claim/CLM-000192_v2.png
CLM-000193,Manual Review,train,v1,gtm_training/manual_review/CLM-000193_v1.png
CLM-000193,Manual Review,train,v2,gtm_training/manual_review/CLM-000193_v2.png
CLM-000194,Manual Review,train,v1,gtm_training/manual_review/CLM-000194_v1.png
CLM-000194,Manual Review,train,v2,gtm_training/manual_review/CLM-000194_v2.png
CLM-000195,Manual Review,train,v1,gtm_training/manual_review/CLM-000195_v1.png
CLM-000195,Manual Review,train,v2,gtm_training/manual_review/CLM-000195_v2.png
CLM-000196,Valid Claim,train,v1,gtm_training/valid_claim/CLM-000196_v1.png
CLM-000196,Valid Claim,train,v2,gtm_training/valid_claim/CLM-000196_v2.png
CLM-000197,Valid Claim,train,v1,gtm_training/valid_claim/CLM-000197_v1.png
CLM-000197,Valid Claim,train,v2,gtm_training/valid_claim/CLM-000197_v2.png
CLM-000198,Invalid Claim,train,v1,gtm_training/invalid_claim/CLM-000198_v1.png
CLM-000198,Invalid Claim,train,v2,gtm_training/invalid_claim/CLM-000198_v2.png
CLM-000199,Invalid Claim,train,v1,gtm_training/invalid_claim/CLM-000199_v1.png
CLM-000199,Invalid Claim,train,v2,gtm_training/invalid_claim/CLM-000199_v2.png
CLM-000200,Valid Claim,train,v1,gtm_training/valid_claim/CLM-000200_v1.png
CLM-000200,Valid Claim,train,v2,gtm_training/valid_claim/CLM-000200_v2.png
CLM-000201,Invalid Claim,validation,v1,holdout_validation/invalid_claim/CLM-000201_v1.png
CLM-000202,Manual Review,validation,v1,holdout_validation/manual_review/CLM-000202_v1.png
CLM-000203,Valid Claim,train,v1,gtm_training/valid_claim/CLM-000203_v1.png
CLM-000203,Valid Claim,train,v2,gtm_training/valid_claim/CLM-000203_v2.png
CLM-000204,Manual Review,test,v1,holdout_test/manual_review/CLM-000204_v1.png
CLM-000205,Invalid Claim,validation,v1,holdout_validation/invalid_claim/CLM-000205_v1.png
CLM-000206,Invalid Claim,validation,v1,holdout_validation/invalid_claim/CLM-000206_v1.png
CLM-000207,Invalid Claim,train,v1,gtm_training/invalid_claim/CLM-000207_v1.png
CLM-000207,Invalid Claim,train,v2,gtm_training/invalid_claim/CLM-000207_v2.png
CLM-000208,Valid Claim,train,v1,gtm_training/valid_claim/CLM-000208_v1.png
CLM-000208,Valid Claim,train,v2,gtm_training/valid_claim/CLM-000208_v2.png
CLM-000209,Invalid Claim,validation,v1,holdout_validation/invalid_claim/CLM-000209_v1.png
CLM-000210,Manual Review,train,v1,gtm_training/manual_review/CLM-000210_v1.png
CLM-000210,Manual Review,train,v2,gtm_training/manual_review/CLM-000210_v2.png
CLM-000211,Valid Claim,train,v1,gtm_training/valid_claim/CLM-000211_v1.png
CLM-000211,Valid Claim,train,v2,gtm_training/valid_claim/CLM-000211_v2.png
CLM-000212,Invalid Claim,test,v1,holdout_test/invalid_claim/CLM-000212_v1.png
CLM-000213,Manual Review,validation,v1,holdout_validation/manual_review/CLM-000213_v1.png
CLM-000214,Valid Claim,validation,v1,holdout_validation/valid_claim/CLM-000214_v1.png
CLM-000215,Valid Claim,train,v1,gtm_training/valid_claim/CLM-000215_v1.png
CLM-000215,Valid Claim,train,v2,gtm_training/valid_claim/CLM-000215_v2.png
CLM-000216,Invalid Claim,train,v1,gtm_training/invalid_claim/CLM-000216_v1.png
CLM-000216,Invalid Claim,train,v2,gtm_training/invalid_claim/CLM-000216_v2.png
CLM-000217,Invalid Claim,train,v1,gtm_training/invalid_claim/CLM-000217_v1.png
CLM-000217,Invalid Claim,train,v2,gtm_training/invalid_claim/CLM-000217_v2.png
CLM-000218,Manual Review,train,v1,gtm_training/manual_review/CLM-000218_v1.png
CLM-000218,Manual Review,train,v2,gtm_training/manual_review/CLM-000218_v2.png
CLM-000219,Valid Claim,train,v1,gtm_training/valid_claim/CLM-000219_v1.png
CLM-000219,Valid Claim,train,v2,gtm_training/valid_claim/CLM-000219_v2.png
CLM-000220,Valid Claim,train,v1,gtm_training/valid_claim/CLM-000220_v1.png
CLM-000220,Valid Claim,train,v2,gtm_training/valid_claim/CLM-000220_v2.png
CLM-000221,Valid Claim,train,v1,gtm_training/valid_claim/CLM-000221_v1.png
CLM-000221,Valid Claim,train,v2,gtm_training/valid_claim/CLM-000221_v2.png
CLM-000222,Valid Claim,train,v1,gtm_training/valid_claim/CLM-000222_v1.png
CLM-000222,Valid Claim,train,v2,gtm_training/valid_claim/CLM-000222_v2.png
CLM-000223,Manual Review,train,v1,gtm_training/manual_review/CLM-000223_v1.png
CLM-000223,Manual Review,train,v2,gtm_training/manual_review/CLM-000223_v2.png
CLM-000224,Manual Review,train,v1,gtm_training/manual_review/CLM-000224_v1.png
CLM-000224,Manual Review,train,v2,gtm_training/manual_review/CLM-000224_v2.png
CLM-000225,Manual Review,train,v1,gtm_training/manual_review/CLM-000225_v1.png
CLM-000225,Manual Review,train,v2,gtm_training/manual_review/CLM-000225_v2.png
CLM-000226,Valid Claim,validation,v1,holdout_validation/valid_claim/CLM-000226_v1.png
CLM-000227,Manual Review,train,v1,gtm_training/manual_review/CLM-000227_v1.png
CLM-000227,Manual Review,train,v2,gtm_training/manual_review/CLM-000227_v2.png
CLM-000228,Manual Review,test,v1,holdout_test/manual_review/CLM-000228_v1.png
CLM-000229,Invalid Claim,train,v1,gtm_training/invalid_claim/CLM-000229_v1.png
CLM-000229,Invalid Claim,train,v2,gtm_training/invalid_claim/CLM-000229_v2.png
CLM-000230,Invalid Claim,validation,v1,holdout_validation/invalid_claim/CLM-000230_v1.png
CLM-000231,Invalid Claim,train,v1,gtm_training/invalid_claim/CLM-000231_v1.png
CLM-000231,Invalid Claim,train,v2,gtm_training/invalid_claim/CLM-000231_v2.png
CLM-000232,Manual Review,train,v1,gtm_training/manual_review/CLM-000232_v1.png
CLM-000232,Manual Review,train,v2,gtm_training/manual_review/CLM-000232_v2.png
CLM-000233,Manual Review,test,v1,holdout_test/manual_review/CLM-000233_v1.png
CLM-000234,Invalid Claim,train,v1,gtm_training/invalid_claim/CLM-000234_v1.png
CLM-000234,Invalid Claim,train,v2,gtm_training/invalid_claim/CLM-000234_v2.png
CLM-000235,Invalid Claim,train,v1,gtm_training/invalid_claim/CLM-000235_v1.png
CLM-000235,Invalid Claim,train,v2,gtm_training/invalid_claim/CLM-000235_v2.png
CLM-000236,Manual Review,train,v1,gtm_training/manual_review/CLM-000236_v1.png
CLM-000236,Manual Review,train,v2,gtm_training/manual_review/CLM-000236_v2.png
CLM-000237,Manual Review,validation,v1,holdout_validation/manual_review/CLM-000237_v1.png
CLM-000238,Manual Review,train,v1,gtm_training/manual_review/CLM-000238_v1.png
CLM-000238,Manual Review,train,v2,gtm_training/manual_review/CLM-000238_v2.png
CLM-000239,Valid Claim,train,v1,gtm_training/valid_claim/CLM-000239_v1.png
CLM-000239,Valid Claim,train,v2,gtm_training/valid_claim/CLM-000239_v2.png
CLM-000240,Valid Claim,train,v1,gtm_training/valid_claim/CLM-000240_v1.png
CLM-000240,Valid Claim,train,v2,gtm_training/valid_claim/CLM-000240_v2.png
CLM-000241,Valid Claim,train,v1,gtm_training/valid_claim/CLM-000241_v1.png
CLM-000241,Valid Claim,train,v2,gtm_training/valid_claim/CLM-000241_v2.png
CLM-000242,Valid Claim,train,v1,gtm_training/valid_claim/CLM-000242_v1.png
CLM-000242,Valid Claim,train,v2,gtm_training/valid_claim/CLM-000242_v2.png
CLM-000243,Valid Claim,validation,v1,holdout_validation/valid_claim/CLM-000243_v1.png
CLM-000244,Manual Review,train,v1,gtm_training/manual_review/CLM-000244_v1.png
CLM-000244,Manual Review,train,v2,gtm_training/manual_review/CLM-000244_v2.png
CLM-000245,Invalid Claim,train,v1,gtm_training/invalid_claim/CLM-000245_v1.png
CLM-000245,Invalid Claim,train,v2,gtm_training/invalid_claim/CLM-000245_v2.png
CLM-000246,Valid Claim,train,v1,gtm_training/valid_claim/CLM-000246_v1.png
CLM-000246,Valid Claim,train,v2,gtm_training/valid_claim/CLM-000246_v2.png
CLM-000247,Valid Claim,train,v1,gtm_training/valid_claim/CLM-000247_v1.png
CLM-000247,Valid Claim,train,v2,gtm_training/valid_claim/CLM-000247_v2.png
CLM-000248,Invalid Claim,test,v1,holdout_test/invalid_claim/CLM-000248_v1.png
CLM-000249,Valid Claim,test,v1,holdout_test/valid_claim/CLM-000249_v1.png
CLM-000250,Manual Review,train,v1,gtm_training/manual_review/CLM-000250_v1.png
CLM-000250,Manual Review,train,v2,gtm_training/manual_review/CLM-000250_v2.png
CLM-000251,Invalid Claim,train,v1,gtm_training/invalid_claim/CLM-000251_v1.png
CLM-000251,Invalid Claim,train,v2,gtm_training/invalid_claim/CLM-000251_v2.png
CLM-000252,Invalid Claim,validation,v1,holdout_validation/invalid_claim/CLM-000252_v1.png
CLM-000253,Valid Claim,validation,v1,holdout_validation/valid_claim/CLM-000253_v1.png
CLM-000254,Manual Review,validation,v1,holdout_validation/manual_review/CLM-000254_v1.png
CLM-000255,Valid Claim,train,v1,gtm_training/valid_claim/CLM-000255_v1.png
CLM-000255,Valid Claim,train,v2,gtm_training/valid_claim/CLM-000255_v2.png
CLM-000256,Manual Review,train,v1,gtm_training/manual_review/CLM-000256_v1.png
CLM-000256,Manual Review,train,v2,gtm_training/manual_review/CLM-000256_v2.png
CLM-000257,Valid Claim,train,v1,gtm_training/valid_claim/CLM-000257_v1.png
CLM-000257,Valid Claim,train,v2,gtm_training/valid_claim/CLM-000257_v2.png
CLM-000258,Valid Claim,train,v1,gtm_training/valid_claim/CLM-000258_v1.png
CLM-000258,Valid Claim,train,v2,gtm_training/valid_claim/CLM-000258_v2.png
CLM-000259,Valid Claim,train,v1,gtm_training/valid_claim/CLM-000259_v1.png
CLM-000259,Valid Claim,train,v2,gtm_training/valid_claim/CLM-000259_v2.png
CLM-000260,Invalid Claim,train,v1,gtm_training/invalid_claim/CLM-000260_v1.png
CLM-000260,Invalid Claim,train,v2,gtm_training/invalid_claim/CLM-000260_v2.png
CLM-000261,Valid Claim,train,v1,gtm_training/valid_claim/CLM-000261_v1.png
CLM-000261,Valid Claim,train,v2,gtm_training/valid_claim/CLM-000261_v2.png
CLM-000262,Manual Review,train,v1,gtm_training/manual_review/CLM-000262_v1.png
CLM-000262,Manual Review,train,v2,gtm_training/manual_review/CLM-000262_v2.png
CLM-000263,Valid Claim,train,v1,gtm_training/valid_claim/CLM-000263_v1.png
CLM-000263,Valid Claim,train,v2,gtm_training/valid_claim/CLM-000263_v2.png
CLM-000264,Manual Review,train,v1,gtm_training/manual_review/CLM-000264_v1.png
CLM-000264,Manual Review,train,v2,gtm_training/manual_review/CLM-000264_v2.png
CLM-000265,Manual Review,train,v1,gtm_training/manual_review/CLM-000265_v1.png
CLM-000265,Manual Review,train,v2,gtm_training/manual_review/CLM-000265_v2.png
CLM-000266,Valid Claim,test,v1,holdout_test/valid_claim/CLM-000266_v1.png
CLM-000267,Invalid Claim,test,v1,holdout_test/invalid_claim/CLM-000267_v1.png
CLM-000268,Invalid Claim,train,v1,gtm_training/invalid_claim/CLM-000268_v1.png
CLM-000268,Invalid Claim,train,v2,gtm_training/invalid_claim/CLM-000268_v2.png
CLM-000269,Valid Claim,test,v1,holdout_test/valid_claim/CLM-000269_v1.png
CLM-000270,Manual Review,train,v1,gtm_training/manual_review/CLM-000270_v1.png
CLM-000270,Manual Review,train,v2,gtm_training/manual_review/CLM-000270_v2.png
CLM-000271,Invalid Claim,validation,v1,holdout_validation/invalid_claim/CLM-000271_v1.png
CLM-000272,Manual Review,train,v1,gtm_training/manual_review/CLM-000272_v1.png
CLM-000272,Manual Review,train,v2,gtm_training/manual_review/CLM-000272_v2.png
CLM-000273,Manual Review,train,v1,gtm_training/manual_review/CLM-000273_v1.png
CLM-000273,Manual Review,train,v2,gtm_training/manual_review/CLM-000273_v2.png
CLM-000274,Invalid Claim,train,v1,gtm_training/invalid_claim/CLM-000274_v1.png
CLM-000274,Invalid Claim,train,v2,gtm_training/invalid_claim/CLM-000274_v2.png
CLM-000275,Manual Review,train,v1,gtm_training/manual_review/CLM-000275_v1.png
CLM-000275,Manual Review,train,v2,gtm_training/manual_review/CLM-000275_v2.png
CLM-000276,Valid Claim,validation,v1,holdout_validation/valid_claim/CLM-000276_v1.png
CLM-000277,Valid Claim,test,v1,holdout_test/valid_claim/CLM-000277_v1.png
CLM-000278,Valid Claim,validation,v1,holdout_validation/valid_claim/CLM-000278_v1.png
CLM-000279,Manual Review,train,v1,gtm_training/manual_review/CLM-000279_v1.png
CLM-000279,Manual Review,train,v2,gtm_training/manual_review/CLM-000279_v2.png
CLM-000280,Manual Review,train,v1,gtm_training/manual_review/CLM-000280_v1.png
CLM-000280,Manual Review,train,v2,gtm_training/manual_review/CLM-000280_v2.png
CLM-000281,Valid Claim,train,v1,gtm_training/valid_claim/CLM-000281_v1.png
CLM-000281,Valid Claim,train,v2,gtm_training/valid_claim/CLM-000281_v2.png
CLM-000282,Invalid Claim,train,v1,gtm_training/invalid_claim/CLM-000282_v1.png
CLM-000282,Invalid Claim,train,v2,gtm_training/invalid_claim/CLM-000282_v2.png
CLM-000283,Manual Review,test,v1,holdout_test/manual_review/CLM-000283_v1.png
CLM-000284,Invalid Claim,validation,v1,holdout_validation/invalid_claim/CLM-000284_v1.png
CLM-000285,Invalid Claim,validation,v1,holdout_validation/invalid_claim/CLM-000285_v1.png
CLM-000286,Valid Claim,train,v1,gtm_training/valid_claim/CLM-000286_v1.png
CLM-000286,Valid Claim,train,v2,gtm_training/valid_claim/CLM-000286_v2.png
CLM-000287,Manual Review,train,v1,gtm_training/manual_review/CLM-000287_v1.png
CLM-000287,Manual Review,train,v2,gtm_training/manual_review/CLM-000287_v2.png
CLM-000288,Manual Review,train,v1,gtm_training/manual_review/CLM-000288_v1.png
CLM-000288,Manual Review,train,v2,gtm_training/manual_review/CLM-000288_v2.png
CLM-000289,Valid Claim,train,v1,gtm_training/valid_claim/CLM-000289_v1.png
CLM-000289,Valid Claim,train,v2,gtm_training/valid_claim/CLM-000289_v2.png
CLM-000290,Manual Review,test,v1,holdout_test/manual_review/CLM-000290_v1.png
CLM-000291,Manual Review,train,v1,gtm_training/manual_review/CLM-000291_v1.png
CLM-000291,Manual Review,train,v2,gtm_training/manual_review/CLM-000291_v2.png
CLM-000292,Manual Review,train,v1,gtm_training/manual_review/CLM-000292_v1.png
CLM-000292,Manual Review,train,v2,gtm_training/manual_review/CLM-000292_v2.png
CLM-000293,Invalid Claim,train,v1,gtm_training/invalid_claim/CLM-000293_v1.png
CLM-000293,Invalid Claim,train,v2,gtm_training/invalid_claim/CLM-000293_v2.png
CLM-000294,Invalid Claim,test,v1,holdout_test/invalid_claim/CLM-000294_v1.png
CLM-000295,Valid Claim,train,v1,gtm_training/valid_claim/CLM-000295_v1.png
CLM-000295,Valid Claim,train,v2,gtm_training/valid_claim/CLM-000295_v2.png
CLM-000296,Valid Claim,train,v1,gtm_training/valid_claim/CLM-000296_v1.png
CLM-000296,Valid Claim,train,v2,gtm_training/valid_claim/CLM-000296_v2.png
CLM-000297,Manual Review,train,v1,gtm_training/manual_review/CLM-000297_v1.png
CLM-000297,Manual Review,train,v2,gtm_training/manual_review/CLM-000297_v2.png
CLM-000298,Manual Review,train,v1,gtm_training/manual_review/CLM-000298_v1.png
CLM-000298,Manual Review,train,v2,gtm_training/manual_review/CLM-000298_v2.png
CLM-000299,Valid Claim,test,v1,holdout_test/valid_claim/CLM-000299_v1.png
CLM-000300,Invalid Claim,train,v1,gtm_training/invalid_claim/CLM-000300_v1.png
CLM-000300,Invalid Claim,train,v2,gtm_training/invalid_claim/CLM-000300_v2.png
CLM-000301,Manual Review,train,v1,gtm_training/manual_review/CLM-000301_v1.png
CLM-000301,Manual Review,train,v2,gtm_training/manual_review/CLM-000301_v2.png
CLM-000302,Manual Review,validation,v1,holdout_validation/manual_review/CLM-000302_v1.png
CLM-000303,Valid Claim,train,v1,gtm_training/valid_claim/CLM-000303_v1.png
CLM-000303,Valid Claim,train,v2,gtm_training/valid_claim/CLM-000303_v2.png
CLM-000304,Invalid Claim,train,v1,gtm_training/invalid_claim/CLM-000304_v1.png
CLM-000304,Invalid Claim,train,v2,gtm_training/invalid_claim/CLM-000304_v2.png
CLM-000305,Manual Review,validation,v1,holdout_validation/manual_review/CLM-000305_v1.png
CLM-000306,Invalid Claim,train,v1,gtm_training/invalid_claim/CLM-000306_v1.png
CLM-000306,Invalid Claim,train,v2,gtm_training/invalid_claim/CLM-000306_v2.png
CLM-000307,Invalid Claim,train,v1,gtm_training/invalid_claim/CLM-000307_v1.png
CLM-000307,Invalid Claim,train,v2,gtm_training/invalid_claim/CLM-000307_v2.png
CLM-000308,Manual Review,train,v1,gtm_training/manual_review/CLM-000308_v1.png
CLM-000308,Manual Review,train,v2,gtm_training/manual_review/CLM-000308_v2.png
CLM-000309,Manual Review,test,v1,holdout_test/manual_review/CLM-000309_v1.png
CLM-000310,Valid Claim,validation,v1,holdout_validation/valid_claim/CLM-000310_v1.png
CLM-000311,Valid Claim,train,v1,gtm_training/valid_claim/CLM-000311_v1.png
CLM-000311,Valid Claim,train,v2,gtm_training/valid_claim/CLM-000311_v2.png
CLM-000312,Manual Review,test,v1,holdout_test/manual_review/CLM-000312_v1.png
CLM-000313,Invalid Claim,test,v1,holdout_test/invalid_claim/CLM-000313_v1.png
CLM-000314,Manual Review,test,v1,holdout_test/manual_review/CLM-000314_v1.png
CLM-000315,Manual Review,train,v1,gtm_training/manual_review/CLM-000315_v1.png
CLM-000315,Manual Review,train,v2,gtm_training/manual_review/CLM-000315_v2.png
CLM-000316,Manual Review,test,v1,holdout_test/manual_review/CLM-000316_v1.png
CLM-000317,Valid Claim,train,v1,gtm_training/valid_claim/CLM-000317_v1.png
CLM-000317,Valid Claim,train,v2,gtm_training/valid_claim/CLM-000317_v2.png
CLM-000318,Valid Claim,validation,v1,holdout_validation/valid_claim/CLM-000318_v1.png
CLM-000319,Valid Claim,train,v1,gtm_training/valid_claim/CLM-000319_v1.png
CLM-000319,Valid Claim,train,v2,gtm_training/valid_claim/CLM-000319_v2.png
CLM-000320,Valid Claim,train,v1,gtm_training/valid_claim/CLM-000320_v1.png
CLM-000320,Valid Claim,train,v2,gtm_training/valid_claim/CLM-000320_v2.png
CLM-000321,Invalid Claim,train,v1,gtm_training/invalid_claim/CLM-000321_v1.png
CLM-000321,Invalid Claim,train,v2,gtm_training/invalid_claim/CLM-000321_v2.png
CLM-000322,Manual Review,train,v1,gtm_training/manual_review/CLM-000322_v1.png
CLM-000322,Manual Review,train,v2,gtm_training/manual_review/CLM-000322_v2.png
CLM-000323,Invalid Claim,train,v1,gtm_training/invalid_claim/CLM-000323_v1.png
CLM-000323,Invalid Claim,train,v2,gtm_training/invalid_claim/CLM-000323_v2.png
CLM-000324,Invalid Claim,test,v1,holdout_test/invalid_claim/CLM-000324_v1.png
CLM-000325,Manual Review,validation,v1,holdout_validation/manual_review/CLM-000325_v1.png
CLM-000326,Manual Review,validation,v1,holdout_validation/manual_review/CLM-000326_v1.png
CLM-000327,Manual Review,train,v1,gtm_training/manual_review/CLM-000327_v1.png
CLM-000327,Manual Review,train,v2,gtm_training/manual_review/CLM-000327_v2.png
CLM-000328,Manual Review,test,v1,holdout_test/manual_review/CLM-000328_v1.png
CLM-000329,Manual Review,train,v1,gtm_training/manual_review/CLM-000329_v1.png
CLM-000329,Manual Review,train,v2,gtm_training/manual_review/CLM-000329_v2.png
CLM-000330,Manual Review,train,v1,gtm_training/manual_review/CLM-000330_v1.png
CLM-000330,Manual Review,train,v2,gtm_training/manual_review/CLM-000330_v2.png
CLM-000331,Valid Claim,validation,v1,holdout_validation/valid_claim/CLM-000331_v1.png
CLM-000332,Manual Review,train,v1,gtm_training/manual_review/CLM-000332_v1.png
CLM-000332,Manual Review,train,v2,gtm_training/manual_review/CLM-000332_v2.png
CLM-000333,Manual Review,train,v1,gtm_training/manual_review/CLM-000333_v1.png
CLM-000333,Manual Review,train,v2,gtm_training/manual_review/CLM-000333_v2.png
CLM-000334,Invalid Claim,train,v1,gtm_training/invalid_claim/CLM-000334_v1.png
CLM-000334,Invalid Claim,train,v2,gtm_training/invalid_claim/CLM-000334_v2.png
CLM-000335,Invalid Claim,train,v1,gtm_training/invalid_claim/CLM-000335_v1.png
CLM-000335,Invalid Claim,train,v2,gtm_training/invalid_claim/CLM-000335_v2.png
CLM-000336,Valid Claim,train,v1,gtm_training/valid_claim/CLM-000336_v1.png
CLM-000336,Valid Claim,train,v2,gtm_training/valid_claim/CLM-000336_v2.png
CLM-000337,Invalid Claim,train,v1,gtm_training/invalid_claim/CLM-000337_v1.png
CLM-000337,Invalid Claim,train,v2,gtm_training/invalid_claim/CLM-000337_v2.png
CLM-000338,Manual Review,train,v1,gtm_training/manual_review/CLM-000338_v1.png
CLM-000338,Manual Review,train,v2,gtm_training/manual_review/CLM-000338_v2.png
CLM-000339,Valid Claim,train,v1,gtm_training/valid_claim/CLM-000339_v1.png
CLM-000339,Valid Claim,train,v2,gtm_training/valid_claim/CLM-000339_v2.png
CLM-000340,Valid Claim,train,v1,gtm_training/valid_claim/CLM-000340_v1.png
CLM-000340,Valid Claim,train,v2,gtm_training/valid_claim/CLM-000340_v2.png
CLM-000341,Invalid Claim,validation,v1,holdout_validation/invalid_claim/CLM-000341_v1.png
CLM-000342,Invalid Claim,train,v1,gtm_training/invalid_claim/CLM-000342_v1.png
CLM-000342,Invalid Claim,train,v2,gtm_training/invalid_claim/CLM-000342_v2.png
CLM-000343,Manual Review,test,v1,holdout_test/manual_review/CLM-000343_v1.png
CLM-000344,Manual Review,validation,v1,holdout_validation/manual_review/CLM-000344_v1.png
CLM-000345,Valid Claim,train,v1,gtm_training/valid_claim/CLM-000345_v1.png
CLM-000345,Valid Claim,train,v2,gtm_training/valid_claim/CLM-000345_v2.png
CLM-000346,Manual Review,train,v1,gtm_training/manual_review/CLM-000346_v1.png
CLM-000346,Manual Review,train,v2,gtm_training/manual_review/CLM-000346_v2.png
CLM-000347,Manual Review,train,v1,gtm_training/manual_review/CLM-000347_v1.png
CLM-000347,Manual Review,train,v2,gtm_training/manual_review/CLM-000347_v2.png
CLM-000348,Valid Claim,validation,v1,holdout_validation/valid_claim/CLM-000348_v1.png
CLM-000349,Manual Review,train,v1,gtm_training/manual_review/CLM-000349_v1.png
CLM-000349,Manual Review,train,v2,gtm_training/manual_review/CLM-000349_v2.png
CLM-000350,Invalid Claim,train,v1,gtm_training/invalid_claim/CLM-000350_v1.png
CLM-000350,Invalid Claim,train,v2,gtm_training/invalid_claim/CLM-000350_v2.png
CLM-000351,Manual Review,train,v1,gtm_training/manual_review/CLM-000351_v1.png
CLM-000351,Manual Review,train,v2,gtm_training/manual_review/CLM-000351_v2.png
CLM-000352,Invalid Claim,train,v1,gtm_training/invalid_claim/CLM-000352_v1.png
CLM-000352,Invalid Claim,train,v2,gtm_training/invalid_claim/CLM-000352_v2.png
CLM-000353,Manual Review,train,v1,gtm_training/manual_review/CLM-000353_v1.png
CLM-000353,Manual Review,train,v2,gtm_training/manual_review/CLM-000353_v2.png
CLM-000354,Valid Claim,train,v1,gtm_training/valid_claim/CLM-000354_v1.png
CLM-000354,Valid Claim,train,v2,gtm_training/valid_claim/CLM-000354_v2.png
CLM-000355,Valid Claim,train,v1,gtm_training/valid_claim/CLM-000355_v1.png
CLM-000355,Valid Claim,train,v2,gtm_training/valid_claim/CLM-000355_v2.png
CLM-000356,Valid Claim,train,v1,gtm_training/valid_claim/CLM-000356_v1.png
CLM-000356,Valid Claim,train,v2,gtm_training/valid_claim/CLM-000356_v2.png
CLM-000357,Manual Review,train,v1,gtm_training/manual_review/CLM-000357_v1.png
CLM-000357,Manual Review,train,v2,gtm_training/manual_review/CLM-000357_v2.png
CLM-000358,Invalid Claim,train,v1,gtm_training/invalid_claim/CLM-000358_v1.png
CLM-000358,Invalid Claim,train,v2,gtm_training/invalid_claim/CLM-000358_v2.png
CLM-000359,Invalid Claim,train,v1,gtm_training/invalid_claim/CLM-000359_v1.png
CLM-000359,Invalid Claim,train,v2,gtm_training/invalid_claim/CLM-000359_v2.png
CLM-000360,Valid Claim,validation,v1,holdout_validation/valid_claim/CLM-000360_v1.png
CLM-000361,Manual Review,train,v1,gtm_training/manual_review/CLM-000361_v1.png
CLM-000361,Manual Review,train,v2,gtm_training/manual_review/CLM-000361_v2.png
CLM-000362,Manual Review,validation,v1,holdout_validation/manual_review/CLM-000362_v1.png
CLM-000363,Invalid Claim,train,v1,gtm_training/invalid_claim/CLM-000363_v1.png
CLM-000363,Invalid Claim,train,v2,gtm_training/invalid_claim/CLM-000363_v2.png
CLM-000364,Invalid Claim,train,v1,gtm_training/invalid_claim/CLM-000364_v1.png
CLM-000364,Invalid Claim,train,v2,gtm_training/invalid_claim/CLM-000364_v2.png
CLM-000365,Invalid Claim,validation,v1,holdout_validation/invalid_claim/CLM-000365_v1.png
CLM-000366,Invalid Claim,train,v1,gtm_training/invalid_claim/CLM-000366_v1.png
CLM-000366,Invalid Claim,train,v2,gtm_training/invalid_claim/CLM-000366_v2.png
CLM-000367,Invalid Claim,train,v1,gtm_training/invalid_claim/CLM-000367_v1.png
CLM-000367,Invalid Claim,train,v2,gtm_training/invalid_claim/CLM-000367_v2.png
CLM-000368,Manual Review,test,v1,holdout_test/manual_review/CLM-000368_v1.png
CLM-000369,Invalid Claim,train,v1,gtm_training/invalid_claim/CLM-000369_v1.png
CLM-000369,Invalid Claim,train,v2,gtm_training/invalid_claim/CLM-000369_v2.png
CLM-000370,Manual Review,validation,v1,holdout_validation/manual_review/CLM-000370_v1.png
CLM-000371,Invalid Claim,train,v1,gtm_training/invalid_claim/CLM-000371_v1.png
CLM-000371,Invalid Claim,train,v2,gtm_training/invalid_claim/CLM-000371_v2.png
CLM-000372,Valid Claim,validation,v1,holdout_validation/valid_claim/CLM-000372_v1.png
CLM-000373,Manual Review,validation,v1,holdout_validation/manual_review/CLM-000373_v1.png
CLM-000374,Manual Review,validation,v1,holdout_validation/manual_review/CLM-000374_v1.png
CLM-000375,Valid Claim,train,v1,gtm_training/valid_claim/CLM-000375_v1.png
CLM-000375,Valid Claim,train,v2,gtm_training/valid_claim/CLM-000375_v2.png
CLM-000376,Valid Claim,validation,v1,holdout_validation/valid_claim/CLM-000376_v1.png
CLM-000377,Valid Claim,train,v1,gtm_training/valid_claim/CLM-000377_v1.png
CLM-000377,Valid Claim,train,v2,gtm_training/valid_claim/CLM-000377_v2.png
CLM-000378,Manual Review,train,v1,gtm_training/manual_review/CLM-000378_v1.png
CLM-000378,Manual Review,train,v2,gtm_training/manual_review/CLM-000378_v2.png
CLM-000379,Invalid Claim,train,v1,gtm_training/invalid_claim/CLM-000379_v1.png
CLM-000379,Invalid Claim,train,v2,gtm_training/invalid_claim/CLM-000379_v2.png
CLM-000380,Valid Claim,train,v1,gtm_training/valid_claim/CLM-000380_v1.png
CLM-000380,Valid Claim,train,v2,gtm_training/valid_claim/CLM-000380_v2.png
CLM-000381,Invalid Claim,train,v1,gtm_training/invalid_claim/CLM-000381_v1.png
CLM-000381,Invalid Claim,train,v2,gtm_training/invalid_claim/CLM-000381_v2.png
CLM-000382,Valid Claim,test,v1,holdout_test/valid_claim/CLM-000382_v1.png
CLM-000383,Valid Claim,train,v1,gtm_training/valid_claim/CLM-000383_v1.png
CLM-000383,Valid Claim,train,v2,gtm_training/valid_claim/CLM-000383_v2.png
CLM-000384,Valid Claim,train,v1,gtm_training/valid_claim/CLM-000384_v1.png
CLM-000384,Valid Claim,train,v2,gtm_training/valid_claim/CLM-000384_v2.png
CLM-000385,Manual Review,test,v1,holdout_test/manual_review/CLM-000385_v1.png
CLM-000386,Invalid Claim,train,v1,gtm_training/invalid_claim/CLM-000386_v1.png
CLM-000386,Invalid Claim,train,v2,gtm_training/invalid_claim/CLM-000386_v2.png
CLM-000387,Manual Review,train,v1,gtm_training/manual_review/CLM-000387_v1.png
CLM-000387,Manual Review,train,v2,gtm_training/manual_review/CLM-000387_v2.png
CLM-000388,Valid Claim,train,v1,gtm_training/valid_claim/CLM-000388_v1.png
CLM-000388,Valid Claim,train,v2,gtm_training/valid_claim/CLM-000388_v2.png
CLM-000389,Valid Claim,train,v1,gtm_training/valid_claim/CLM-000389_v1.png
CLM-000389,Valid Claim,train,v2,gtm_training/valid_claim/CLM-000389_v2.png
CLM-000390,Manual Review,test,v1,holdout_test/manual_review/CLM-000390_v1.png
CLM-000391,Valid Claim,train,v1,gtm_training/valid_claim/CLM-000391_v1.png
CLM-000391,Valid Claim,train,v2,gtm_training/valid_claim/CLM-000391_v2.png
CLM-000392,Valid Claim,train,v1,gtm_training/valid_claim/CLM-000392_v1.png
CLM-000392,Valid Claim,train,v2,gtm_training/valid_claim/CLM-000392_v2.png
CLM-000393,Manual Review,train,v1,gtm_training/manual_review/CLM-000393_v1.png
CLM-000393,Manual Review,train,v2,gtm_training/manual_review/CLM-000393_v2.png
CLM-000394,Invalid Claim,train,v1,gtm_training/invalid_claim/CLM-000394_v1.png
CLM-000394,Invalid Claim,train,v2,gtm_training/invalid_claim/CLM-000394_v2.png
CLM-000395,Invalid Claim,train,v1,gtm_training/invalid_claim/CLM-000395_v1.png
CLM-000395,Invalid Claim,train,v2,gtm_training/invalid_claim/CLM-000395_v2.png
CLM-000396,Valid Claim,train,v1,gtm_training/valid_claim/CLM-000396_v1.png
CLM-000396,Valid Claim,train,v2,gtm_training/valid_claim/CLM-000396_v2.png
CLM-000397,Invalid Claim,train,v1,gtm_training/invalid_claim/CLM-000397_v1.png
CLM-000397,Invalid Claim,train,v2,gtm_training/invalid_claim/CLM-000397_v2.png
CLM-000398,Manual Review,train,v1,gtm_training/manual_review/CLM-000398_v1.png
CLM-000398,Manual Review,train,v2,gtm_training/manual_review/CLM-000398_v2.png
CLM-000399,Valid Claim,train,v1,gtm_training/valid_claim/CLM-000399_v1.png
CLM-000399,Valid Claim,train,v2,gtm_training/valid_claim/CLM-000399_v2.png
CLM-000400,Invalid Claim,test,v1,holdout_test/invalid_claim/CLM-000400_v1.png
CLM-000401,Invalid Claim,train,v1,gtm_training/invalid_claim/CLM-000401_v1.png
CLM-000401,Invalid Claim,train,v2,gtm_training/invalid_claim/CLM-000401_v2.png
CLM-000402,Valid Claim,train,v1,gtm_training/valid_claim/CLM-000402_v1.png
CLM-000402,Valid Claim,train,v2,gtm_training/valid_claim/CLM-000402_v2.png
CLM-000403,Invalid Claim,test,v1,holdout_test/invalid_claim/CLM-000403_v1.png
CLM-000404,Invalid Claim,train,v1,gtm_training/invalid_claim/CLM-000404_v1.png
CLM-000404,Invalid Claim,train,v2,gtm_training/invalid_claim/CLM-000404_v2.png
CLM-000405,Manual Review,train,v1,gtm_training/manual_review/CLM-000405_v1.png
CLM-000405,Manual Review,train,v2,gtm_training/manual_review/CLM-000405_v2.png
CLM-000406,Manual Review,train,v1,gtm_training/manual_review/CLM-000406_v1.png
CLM-000406,Manual Review,train,v2,gtm_training/manual_review/CLM-000406_v2.png
CLM-000407,Valid Claim,train,v1,gtm_training/valid_claim/CLM-000407_v1.png
CLM-000407,Valid Claim,train,v2,gtm_training/valid_claim/CLM-000407_v2.png
CLM-000408,Invalid Claim,train,v1,gtm_training/invalid_claim/CLM-000408_v1.png
CLM-000408,Invalid Claim,train,v2,gtm_training/invalid_claim/CLM-000408_v2.png
CLM-000409,Manual Review,train,v1,gtm_training/manual_review/CLM-000409_v1.png
CLM-000409,Manual Review,train,v2,gtm_training/manual_review/CLM-000409_v2.png
CLM-000410,Invalid Claim,train,v1,gtm_training/invalid_claim/CLM-000410_v1.png
CLM-000410,Invalid Claim,train,v2,gtm_training/invalid_claim/CLM-000410_v2.png
CLM-000411,Valid Claim,train,v1,gtm_training/valid_claim/CLM-000411_v1.png
CLM-000411,Valid Claim,train,v2,gtm_training/valid_claim/CLM-000411_v2.png
CLM-000412,Invalid Claim,train,v1,gtm_training/invalid_claim/CLM-000412_v1.png
CLM-000412,Invalid Claim,train,v2,gtm_training/invalid_claim/CLM-000412_v2.png
CLM-000413,Invalid Claim,validation,v1,holdout_validation/invalid_claim/CLM-000413_v1.png
CLM-000414,Manual Review,validation,v1,holdout_validation/manual_review/CLM-000414_v1.png
CLM-000415,Invalid Claim,train,v1,gtm_training/invalid_claim/CLM-000415_v1.png
CLM-000415,Invalid Claim,train,v2,gtm_training/invalid_claim/CLM-000415_v2.png
CLM-000416,Manual Review,train,v1,gtm_training/manual_review/CLM-000416_v1.png
CLM-000416,Manual Review,train,v2,gtm_training/manual_review/CLM-000416_v2.png
CLM-000417,Invalid Claim,validation,v1,holdout_validation/invalid_claim/CLM-000417_v1.png
CLM-000418,Valid Claim,train,v1,gtm_training/valid_claim/CLM-000418_v1.png
CLM-000418,Valid Claim,train,v2,gtm_training/valid_claim/CLM-000418_v2.png
CLM-000419,Invalid Claim,train,v1,gtm_training/invalid_claim/CLM-000419_v1.png
CLM-000419,Invalid Claim,train,v2,gtm_training/invalid_claim/CLM-000419_v2.png
CLM-000420,Manual Review,test,v1,holdout_test/manual_review/CLM-000420_v1.png
CLM-000421,Invalid Claim,train,v1,gtm_training/invalid_claim/CLM-000421_v1.png
CLM-000421,Invalid Claim,train,v2,gtm_training/invalid_claim/CLM-000421_v2.png
CLM-000422,Valid Claim,train,v1,gtm_training/valid_claim/CLM-000422_v1.png
CLM-000422,Valid Claim,train,v2,gtm_training/valid_claim/CLM-000422_v2.png
CLM-000423,Valid Claim,train,v1,gtm_training/valid_claim/CLM-000423_v1.png
CLM-000423,Valid Claim,train,v2,gtm_training/valid_claim/CLM-000423_v2.png
CLM-000424,Valid Claim,validation,v1,holdout_validation/valid_claim/CLM-000424_v1.png
CLM-000425,Invalid Claim,train,v1,gtm_training/invalid_claim/CLM-000425_v1.png
CLM-000425,Invalid Claim,train,v2,gtm_training/invalid_claim/CLM-000425_v2.png
CLM-000426,Invalid Claim,test,v1,holdout_test/invalid_claim/CLM-000426_v1.png
CLM-000427,Valid Claim,test,v1,holdout_test/valid_claim/CLM-000427_v1.png
CLM-000428,Valid Claim,train,v1,gtm_training/valid_claim/CLM-000428_v1.png
CLM-000428,Valid Claim,train,v2,gtm_training/valid_claim/CLM-000428_v2.png
CLM-000429,Valid Claim,train,v1,gtm_training/valid_claim/CLM-000429_v1.png
CLM-000429,Valid Claim,train,v2,gtm_training/valid_claim/CLM-000429_v2.png
CLM-000430,Manual Review,train,v1,gtm_training/manual_review/CLM-000430_v1.png
CLM-000430,Manual Review,train,v2,gtm_training/manual_review/CLM-000430_v2.png
CLM-000431,Valid Claim,train,v1,gtm_training/valid_claim/CLM-000431_v1.png
CLM-000431,Valid Claim,train,v2,gtm_training/valid_claim/CLM-000431_v2.png
CLM-000432,Valid Claim,train,v1,gtm_training/valid_claim/CLM-000432_v1.png
CLM-000432,Valid Claim,train,v2,gtm_training/valid_claim/CLM-000432_v2.png
CLM-000433,Manual Review,train,v1,gtm_training/manual_review/CLM-000433_v1.png
CLM-000433,Manual Review,train,v2,gtm_training/manual_review/CLM-000433_v2.png
CLM-000434,Invalid Claim,validation,v1,holdout_validation/invalid_claim/CLM-000434_v1.png
CLM-000435,Invalid Claim,train,v1,gtm_training/invalid_claim/CLM-000435_v1.png
CLM-000435,Invalid Claim,train,v2,gtm_training/invalid_claim/CLM-000435_v2.png
CLM-000436,Manual Review,train,v1,gtm_training/manual_review/CLM-000436_v1.png
CLM-000436,Manual Review,train,v2,gtm_training/manual_review/CLM-000436_v2.png
CLM-000437,Valid Claim,test,v1,holdout_test/valid_claim/CLM-000437_v1.png
CLM-000438,Manual Review,train,v1,gtm_training/manual_review/CLM-000438_v1.png
CLM-000438,Manual Review,train,v2,gtm_training/manual_review/CLM-000438_v2.png
CLM-000439,Invalid Claim,train,v1,gtm_training/invalid_claim/CLM-000439_v1.png
CLM-000439,Invalid Claim,train,v2,gtm_training/invalid_claim/CLM-000439_v2.png
CLM-000440,Manual Review,train,v1,gtm_training/manual_review/CLM-000440_v1.png
CLM-000440,Manual Review,train,v2,gtm_training/manual_review/CLM-000440_v2.png
CLM-000441,Invalid Claim,train,v1,gtm_training/invalid_claim/CLM-000441_v1.png
CLM-000441,Invalid Claim,train,v2,gtm_training/invalid_claim/CLM-000441_v2.png
CLM-000442,Valid Claim,train,v1,gtm_training/valid_claim/CLM-000442_v1.png
CLM-000442,Valid Claim,train,v2,gtm_training/valid_claim/CLM-000442_v2.png
CLM-000443,Manual Review,train,v1,gtm_training/manual_review/CLM-000443_v1.png
CLM-000443,Manual Review,train,v2,gtm_training/manual_review/CLM-000443_v2.png
CLM-000444,Valid Claim,test,v1,holdout_test/valid_claim/CLM-000444_v1.png
CLM-000445,Manual Review,train,v1,gtm_training/manual_review/CLM-000445_v1.png
CLM-000445,Manual Review,train,v2,gtm_training/manual_review/CLM-000445_v2.png
CLM-000446,Valid Claim,test,v1,holdout_test/valid_claim/CLM-000446_v1.png
CLM-000447,Manual Review,train,v1,gtm_training/manual_review/CLM-000447_v1.png
CLM-000447,Manual Review,train,v2,gtm_training/manual_review/CLM-000447_v2.png
CLM-000448,Manual Review,train,v1,gtm_training/manual_review/CLM-000448_v1.png
CLM-000448,Manual Review,train,v2,gtm_training/manual_review/CLM-000448_v2.png
CLM-000449,Invalid Claim,train,v1,gtm_training/invalid_claim/CLM-000449_v1.png
CLM-000449,Invalid Claim,train,v2,gtm_training/invalid_claim/CLM-000449_v2.png
CLM-000450,Invalid Claim,train,v1,gtm_training/invalid_claim/CLM-000450_v1.png
CLM-000450,Invalid Claim,train,v2,gtm_training/invalid_claim/CLM-000450_v2.png
CLM-000451,Manual Review,train,v1,gtm_training/manual_review/CLM-000451_v1.png
CLM-000451,Manual Review,train,v2,gtm_training/manual_review/CLM-000451_v2.png
CLM-000452,Invalid Claim,train,v1,gtm_training/invalid_claim/CLM-000452_v1.png
CLM-000452,Invalid Claim,train,v2,gtm_training/invalid_claim/CLM-000452_v2.png
CLM-000453,Manual Review,validation,v1,holdout_validation/manual_review/CLM-000453_v1.png
CLM-000454,Valid Claim,test,v1,holdout_test/valid_claim/CLM-000454_v1.png
CLM-000455,Manual Review,train,v1,gtm_training/manual_review/CLM-000455_v1.png
CLM-000455,Manual Review,train,v2,gtm_training/manual_review/CLM-000455_v2.png
CLM-000456,Invalid Claim,test,v1,holdout_test/invalid_claim/CLM-000456_v1.png
CLM-000457,Invalid Claim,test,v1,holdout_test/invalid_claim/CLM-000457_v1.png
CLM-000458,Valid Claim,train,v1,gtm_training/valid_claim/CLM-000458_v1.png
CLM-000458,Valid Claim,train,v2,gtm_training/valid_claim/CLM-000458_v2.png
CLM-000459,Invalid Claim,train,v1,gtm_training/invalid_claim/CLM-000459_v1.png
CLM-000459,Invalid Claim,train,v2,gtm_training/invalid_claim/CLM-000459_v2.png
CLM-000460,Invalid Claim,test,v1,holdout_test/invalid_claim/CLM-000460_v1.png
CLM-000461,Manual Review,train,v1,gtm_training/manual_review/CLM-000461_v1.png
CLM-000461,Manual Review,train,v2,gtm_training/manual_review/CLM-000461_v2.png
CLM-000462,Valid Claim,train,v1,gtm_training/valid_claim/CLM-000462_v1.png
CLM-000462,Valid Claim,train,v2,gtm_training/valid_claim/CLM-000462_v2.png
CLM-000463,Manual Review,train,v1,gtm_training/manual_review/CLM-000463_v1.png
CLM-000463,Manual Review,train,v2,gtm_training/manual_review/CLM-000463_v2.png
CLM-000464,Invalid Claim,train,v1,gtm_training/invalid_claim/CLM-000464_v1.png
CLM-000464,Invalid Claim,train,v2,gtm_training/invalid_claim/CLM-000464_v2.png
CLM-000465,Manual Review,train,v1,gtm_training/manual_review/CLM-000465_v1.png
CLM-000465,Manual Review,train,v2,gtm_training/manual_review/CLM-000465_v2.png
CLM-000466,Valid Claim,test,v1,holdout_test/valid_claim/CLM-000466_v1.png
CLM-000467,Invalid Claim,train,v1,gtm_training/invalid_claim/CLM-000467_v1.png
CLM-000467,Invalid Claim,train,v2,gtm_training/invalid_claim/CLM-000467_v2.png
CLM-000468,Invalid Claim,test,v1,holdout_test/invalid_claim/CLM-000468_v1.png
CLM-000469,Invalid Claim,train,v1,gtm_training/invalid_claim/CLM-000469_v1.png
CLM-000469,Invalid Claim,train,v2,gtm_training/invalid_claim/CLM-000469_v2.png
CLM-000470,Manual Review,validation,v1,holdout_validation/manual_review/CLM-000470_v1.png
CLM-000471,Invalid Claim,train,v1,gtm_training/invalid_claim/CLM-000471_v1.png
CLM-000471,Invalid Claim,train,v2,gtm_training/invalid_claim/CLM-000471_v2.png
CLM-000472,Manual Review,train,v1,gtm_training/manual_review/CLM-000472_v1.png
CLM-000472,Manual Review,train,v2,gtm_training/manual_review/CLM-000472_v2.png
CLM-000473,Valid Claim,train,v1,gtm_training/valid_claim/CLM-000473_v1.png
CLM-000473,Valid Claim,train,v2,gtm_training/valid_claim/CLM-000473_v2.png
CLM-000474,Valid Claim,test,v1,holdout_test/valid_claim/CLM-000474_v1.png
CLM-000475,Valid Claim,train,v1,gtm_training/valid_claim/CLM-000475_v1.png
CLM-000475,Valid Claim,train,v2,gtm_training/valid_claim/CLM-000475_v2.png
CLM-000476,Valid Claim,validation,v1,holdout_validation/valid_claim/CLM-000476_v1.png
CLM-000477,Invalid Claim,train,v1,gtm_training/invalid_claim/CLM-000477_v1.png
CLM-000477,Invalid Claim,train,v2,gtm_training/invalid_claim/CLM-000477_v2.png
CLM-000478,Manual Review,train,v1,gtm_training/manual_review/CLM-000478_v1.png
CLM-000478,Manual Review,train,v2,gtm_training/manual_review/CLM-000478_v2.png
CLM-000479,Manual Review,train,v1,gtm_training/manual_review/CLM-000479_v1.png
CLM-000479,Manual Review,train,v2,gtm_training/manual_review/CLM-000479_v2.png
CLM-000480,Valid Claim,train,v1,gtm_training/valid_claim/CLM-000480_v1.png
CLM-000480,Valid Claim,train,v2,gtm_training/valid_claim/CLM-000480_v2.png
CLM-000481,Invalid Claim,train,v1,gtm_training/invalid_claim/CLM-000481_v1.png
CLM-000481,Invalid Claim,train,v2,gtm_training/invalid_claim/CLM-000481_v2.png
CLM-000482,Invalid Claim,test,v1,holdout_test/invalid_claim/CLM-000482_v1.png
CLM-000483,Manual Review,train,v1,gtm_training/manual_review/CLM-000483_v1.png
CLM-000483,Manual Review,train,v2,gtm_training/manual_review/CLM-000483_v2.png
CLM-000484,Valid Claim,validation,v1,holdout_validation/valid_claim/CLM-000484_v1.png
CLM-000485,Manual Review,train,v1,gtm_training/manual_review/CLM-000485_v1.png
CLM-000485,Manual Review,train,v2,gtm_training/manual_review/CLM-000485_v2.png
CLM-000486,Invalid Claim,train,v1,gtm_training/invalid_claim/CLM-000486_v1.png
CLM-000486,Invalid Claim,train,v2,gtm_training/invalid_claim/CLM-000486_v2.png
CLM-000487,Valid Claim,train,v1,gtm_training/valid_claim/CLM-000487_v1.png
CLM-000487,Valid Claim,train,v2,gtm_training/valid_claim/CLM-000487_v2.png
CLM-000488,Valid Claim,train,v1,gtm_training/valid_claim/CLM-000488_v1.png
CLM-000488,Valid Claim,train,v2,gtm_training/valid_claim/CLM-000488_v2.png
CLM-000489,Invalid Claim,validation,v1,holdout_validation/invalid_claim/CLM-000489_v1.png
CLM-000490,Valid Claim,test,v1,holdout_test/valid_claim/CLM-000490_v1.png
CLM-000491,Manual Review,test,v1,holdout_test/manual_review/CLM-000491_v1.png
CLM-000492,Invalid Claim,train,v1,gtm_training/invalid_claim/CLM-000492_v1.png
CLM-000492,Invalid Claim,train,v2,gtm_training/invalid_claim/CLM-000492_v2.png
CLM-000493,Manual Review,train,v1,gtm_training/manual_review/CLM-000493_v1.png
CLM-000493,Manual Review,train,v2,gtm_training/manual_review/CLM-000493_v2.png
CLM-000494,Invalid Claim,train,v1,gtm_training/invalid_claim/CLM-000494_v1.png
CLM-000494,Invalid Claim,train,v2,gtm_training/invalid_claim/CLM-000494_v2.png
CLM-000495,Invalid Claim,train,v1,gtm_training/invalid_claim/CLM-000495_v1.png
CLM-000495,Invalid Claim,train,v2,gtm_training/invalid_claim/CLM-000495_v2.png
CLM-000496,Manual Review,test,v1,holdout_test/manual_review/CLM-000496_v1.png
CLM-000497,Manual Review,train,v1,gtm_training/manual_review/CLM-000497_v1.png
CLM-000497,Manual Review,train,v2,gtm_training/manual_review/CLM-000497_v2.png
CLM-000498,Valid Claim,train,v1,gtm_training/valid_claim/CLM-000498_v1.png
CLM-000498,Valid Claim,train,v2,gtm_training/valid_claim/CLM-000498_v2.png
CLM-000499,Invalid Claim,train,v1,gtm_training/invalid_claim/CLM-000499_v1.png
CLM-000499,Invalid Claim,train,v2,gtm_training/invalid_claim/CLM-000499_v2.png
CLM-000500,Invalid Claim,train,v1,gtm_training/invalid_claim/CLM-000500_v1.png
CLM-000500,Invalid Claim,train,v2,gtm_training/invalid_claim/CLM-000500_v2.png
CLM-000501,Invalid Claim,test,v1,holdout_test/invalid_claim/CLM-000501_v1.png
CLM-000502,Valid Claim,test,v1,holdout_test/valid_claim/CLM-000502_v1.png
CLM-000503,Manual Review,test,v1,holdout_test/manual_review/CLM-000503_v1.png
CLM-000504,Invalid Claim,train,v1,gtm_training/invalid_claim/CLM-000504_v1.png
CLM-000504,Invalid Claim,train,v2,gtm_training/invalid_claim/CLM-000504_v2.png
CLM-000505,Valid Claim,train,v1,gtm_training/valid_claim/CLM-000505_v1.png
CLM-000505,Valid Claim,train,v2,gtm_training/valid_claim/CLM-000505_v2.png
CLM-000506,Valid Claim,validation,v1,holdout_validation/valid_claim/CLM-000506_v1.png
CLM-000507,Manual Review,train,v1,gtm_training/manual_review/CLM-000507_v1.png
CLM-000507,Manual Review,train,v2,gtm_training/manual_review/CLM-000507_v2.png
CLM-000508,Invalid Claim,test,v1,holdout_test/invalid_claim/CLM-000508_v1.png
CLM-000509,Manual Review,train,v1,gtm_training/manual_review/CLM-000509_v1.png
CLM-000509,Manual Review,train,v2,gtm_training/manual_review/CLM-000509_v2.png
CLM-000510,Manual Review,train,v1,gtm_training/manual_review/CLM-000510_v1.png
CLM-000510,Manual Review,train,v2,gtm_training/manual_review/CLM-000510_v2.png
CLM-000511,Valid Claim,train,v1,gtm_training/valid_claim/CLM-000511_v1.png
CLM-000511,Valid Claim,train,v2,gtm_training/valid_claim/CLM-000511_v2.png
CLM-000512,Manual Review,train,v1,gtm_training/manual_review/CLM-000512_v1.png
CLM-000512,Manual Review,train,v2,gtm_training/manual_review/CLM-000512_v2.png
CLM-000513,Valid Claim,train,v1,gtm_training/valid_claim/CLM-000513_v1.png
CLM-000513,Valid Claim,train,v2,gtm_training/valid_claim/CLM-000513_v2.png
CLM-000514,Valid Claim,train,v1,gtm_training/valid_claim/CLM-000514_v1.png
CLM-000514,Valid Claim,train,v2,gtm_training/valid_claim/CLM-000514_v2.png
CLM-000515,Invalid Claim,train,v1,gtm_training/invalid_claim/CLM-000515_v1.png
CLM-000515,Invalid Claim,train,v2,gtm_training/invalid_claim/CLM-000515_v2.png
CLM-000516,Invalid Claim,validation,v1,holdout_validation/invalid_claim/CLM-000516_v1.png
CLM-000517,Valid Claim,train,v1,gtm_training/valid_claim/CLM-000517_v1.png
CLM-000517,Valid Claim,train,v2,gtm_training/valid_claim/CLM-000517_v2.png
CLM-000518,Manual Review,validation,v1,holdout_validation/manual_review/CLM-000518_v1.png
CLM-000519,Invalid Claim,train,v1,gtm_training/invalid_claim/CLM-000519_v1.png
CLM-000519,Invalid Claim,train,v2,gtm_training/invalid_claim/CLM-000519_v2.png
CLM-000520,Invalid Claim,validation,v1,holdout_validation/invalid_claim/CLM-000520_v1.png
CLM-000521,Valid Claim,test,v1,holdout_test/valid_claim/CLM-000521_v1.png
CLM-000522,Manual Review,train,v1,gtm_training/manual_review/CLM-000522_v1.png
CLM-000522,Manual Review,train,v2,gtm_training/manual_review/CLM-000522_v2.png
CLM-000523,Valid Claim,train,v1,gtm_training/valid_claim/CLM-000523_v1.png
CLM-000523,Valid Claim,train,v2,gtm_training/valid_claim/CLM-000523_v2.png
CLM-000524,Valid Claim,train,v1,gtm_training/valid_claim/CLM-000524_v1.png
CLM-000524,Valid Claim,train,v2,gtm_training/valid_claim/CLM-000524_v2.png
CLM-000525,Invalid Claim,train,v1,gtm_training/invalid_claim/CLM-000525_v1.png
CLM-000525,Invalid Claim,train,v2,gtm_training/invalid_claim/CLM-000525_v2.png
CLM-000526,Invalid Claim,train,v1,gtm_training/invalid_claim/CLM-000526_v1.png
CLM-000526,Invalid Claim,train,v2,gtm_training/invalid_claim/CLM-000526_v2.png
CLM-000527,Invalid Claim,test,v1,holdout_test/invalid_claim/CLM-000527_v1.png
CLM-000528,Manual Review,test,v1,holdout_test/manual_review/CLM-000528_v1.png
CLM-000529,Valid Claim,train,v1,gtm_training/valid_claim/CLM-000529_v1.png
CLM-000529,Valid Claim,train,v2,gtm_training/valid_claim/CLM-000529_v2.png
CLM-000530,Valid Claim,train,v1,gtm_training/valid_claim/CLM-000530_v1.png
CLM-000530,Valid Claim,train,v2,gtm_training/valid_claim/CLM-000530_v2.png
CLM-000531,Invalid Claim,test,v1,holdout_test/invalid_claim/CLM-000531_v1.png
CLM-000532,Manual Review,train,v1,gtm_training/manual_review/CLM-000532_v1.png
CLM-000532,Manual Review,train,v2,gtm_training/manual_review/CLM-000532_v2.png
CLM-000533,Manual Review,test,v1,holdout_test/manual_review/CLM-000533_v1.png
CLM-000534,Invalid Claim,train,v1,gtm_training/invalid_claim/CLM-000534_v1.png
CLM-000534,Invalid Claim,train,v2,gtm_training/invalid_claim/CLM-000534_v2.png
CLM-000535,Invalid Claim,train,v1,gtm_training/invalid_claim/CLM-000535_v1.png
CLM-000535,Invalid Claim,train,v2,gtm_training/invalid_claim/CLM-000535_v2.png
CLM-000536,Manual Review,validation,v1,holdout_validation/manual_review/CLM-000536_v1.png
CLM-000537,Invalid Claim,validation,v1,holdout_validation/invalid_claim/CLM-000537_v1.png
CLM-000538,Invalid Claim,train,v1,gtm_training/invalid_claim/CLM-000538_v1.png
CLM-000538,Invalid Claim,train,v2,gtm_training/invalid_claim/CLM-000538_v2.png
CLM-000539,Invalid Claim,test,v1,holdout_test/invalid_claim/CLM-000539_v1.png
CLM-000540,Invalid Claim,train,v1,gtm_training/invalid_claim/CLM-000540_v1.png
CLM-000540,Invalid Claim,train,v2,gtm_training/invalid_claim/CLM-000540_v2.png
CLM-000541,Valid Claim,train,v1,gtm_training/valid_claim/CLM-000541_v1.png
CLM-000541,Valid Claim,train,v2,gtm_training/valid_claim/CLM-000541_v2.png
CLM-000542,Valid Claim,train,v1,gtm_training/valid_claim/CLM-000542_v1.png
CLM-000542,Valid Claim,train,v2,gtm_training/valid_claim/CLM-000542_v2.png
CLM-000543,Manual Review,train,v1,gtm_training/manual_review/CLM-000543_v1.png
CLM-000543,Manual Review,train,v2,gtm_training/manual_review/CLM-000543_v2.png
CLM-000544,Valid Claim,train,v1,gtm_training/valid_claim/CLM-000544_v1.png
CLM-000544,Valid Claim,train,v2,gtm_training/valid_claim/CLM-000544_v2.png
CLM-000545,Manual Review,train,v1,gtm_training/manual_review/CLM-000545_v1.png
CLM-000545,Manual Review,train,v2,gtm_training/manual_review/CLM-000545_v2.png
CLM-000546,Invalid Claim,train,v1,gtm_training/invalid_claim/CLM-000546_v1.png
CLM-000546,Invalid Claim,train,v2,gtm_training/invalid_claim/CLM-000546_v2.png
CLM-000547,Manual Review,validation,v1,holdout_validation/manual_review/CLM-000547_v1.png
CLM-000548,Valid Claim,train,v1,gtm_training/valid_claim/CLM-000548_v1.png
CLM-000548,Valid Claim,train,v2,gtm_training/valid_claim/CLM-000548_v2.png
CLM-000549,Invalid Claim,train,v1,gtm_training/invalid_claim/CLM-000549_v1.png
CLM-000549,Invalid Claim,train,v2,gtm_training/invalid_claim/CLM-000549_v2.png
CLM-000550,Invalid Claim,train,v1,gtm_training/invalid_claim/CLM-000550_v1.png
CLM-000550,Invalid Claim,train,v2,gtm_training/invalid_claim/CLM-000550_v2.png
CLM-000551,Invalid Claim,train,v1,gtm_training/invalid_claim/CLM-000551_v1.png
CLM-000551,Invalid Claim,train,v2,gtm_training/invalid_claim/CLM-000551_v2.png
CLM-000552,Valid Claim,train,v1,gtm_training/valid_claim/CLM-000552_v1.png
CLM-000552,Valid Claim,train,v2,gtm_training/valid_claim/CLM-000552_v2.png
CLM-000553,Invalid Claim,train,v1,gtm_training/invalid_claim/CLM-000553_v1.png
CLM-000553,Invalid Claim,train,v2,gtm_training/invalid_claim/CLM-000553_v2.png
CLM-000554,Valid Claim,test,v1,holdout_test/valid_claim/CLM-000554_v1.png
CLM-000555,Invalid Claim,train,v1,gtm_training/invalid_claim/CLM-000555_v1.png
CLM-000555,Invalid Claim,train,v2,gtm_training/invalid_claim/CLM-000555_v2.png
CLM-000556,Invalid Claim,test,v1,holdout_test/invalid_claim/CLM-000556_v1.png
CLM-000557,Valid Claim,train,v1,gtm_training/valid_claim/CLM-000557_v1.png
CLM-000557,Valid Claim,train,v2,gtm_training/valid_claim/CLM-000557_v2.png
CLM-000558,Invalid Claim,train,v1,gtm_training/invalid_claim/CLM-000558_v1.png
CLM-000558,Invalid Claim,train,v2,gtm_training/invalid_claim/CLM-000558_v2.png
CLM-000559,Valid Claim,train,v1,gtm_training/valid_claim/CLM-000559_v1.png
CLM-000559,Valid Claim,train,v2,gtm_training/valid_claim/CLM-000559_v2.png
CLM-000560,Invalid Claim,train,v1,gtm_training/invalid_claim/CLM-000560_v1.png
CLM-000560,Invalid Claim,train,v2,gtm_training/invalid_claim/CLM-000560_v2.png
CLM-000561,Manual Review,train,v1,gtm_training/manual_review/CLM-000561_v1.png
CLM-000561,Manual Review,train,v2,gtm_training/manual_review/CLM-000561_v2.png
CLM-000562,Valid Claim,train,v1,gtm_training/valid_claim/CLM-000562_v1.png
CLM-000562,Valid Claim,train,v2,gtm_training/valid_claim/CLM-000562_v2.png
CLM-000563,Valid Claim,train,v1,gtm_training/valid_claim/CLM-000563_v1.png
CLM-000563,Valid Claim,train,v2,gtm_training/valid_claim/CLM-000563_v2.png
CLM-000564,Invalid Claim,train,v1,gtm_training/invalid_claim/CLM-000564_v1.png
CLM-000564,Invalid Claim,train,v2,gtm_training/invalid_claim/CLM-000564_v2.png
CLM-000565,Manual Review,train,v1,gtm_training/manual_review/CLM-000565_v1.png
CLM-000565,Manual Review,train,v2,gtm_training/manual_review/CLM-000565_v2.png
CLM-000566,Valid Claim,train,v1,gtm_training/valid_claim/CLM-000566_v1.png
CLM-000566,Valid Claim,train,v2,gtm_training/valid_claim/CLM-000566_v2.png
CLM-000567,Manual Review,train,v1,gtm_training/manual_review/CLM-000567_v1.png
CLM-000567,Manual Review,train,v2,gtm_training/manual_review/CLM-000567_v2.png
CLM-000568,Invalid Claim,train,v1,gtm_training/invalid_claim/CLM-000568_v1.png
CLM-000568,Invalid Claim,train,v2,gtm_training/invalid_claim/CLM-000568_v2.png
CLM-000569,Manual Review,test,v1,holdout_test/manual_review/CLM-000569_v1.png
CLM-000570,Invalid Claim,train,v1,gtm_training/invalid_claim/CLM-000570_v1.png
CLM-000570,Invalid Claim,train,v2,gtm_training/invalid_claim/CLM-000570_v2.png
CLM-000571,Invalid Claim,train,v1,gtm_training/invalid_claim/CLM-000571_v1.png
CLM-000571,Invalid Claim,train,v2,gtm_training/invalid_claim/CLM-000571_v2.png
CLM-000572,Invalid Claim,validation,v1,holdout_validation/invalid_claim/CLM-000572_v1.png
CLM-000573,Manual Review,test,v1,holdout_test/manual_review/CLM-000573_v1.png
CLM-000574,Valid Claim,train,v1,gtm_training/valid_claim/CLM-000574_v1.png
CLM-000574,Valid Claim,train,v2,gtm_training/valid_claim/CLM-000574_v2.png
CLM-000575,Invalid Claim,train,v1,gtm_training/invalid_claim/CLM-000575_v1.png
CLM-000575,Invalid Claim,train,v2,gtm_training/invalid_claim/CLM-000575_v2.png
CLM-000576,Valid Claim,train,v1,gtm_training/valid_claim/CLM-000576_v1.png
CLM-000576,Valid Claim,train,v2,gtm_training/valid_claim/CLM-000576_v2.png
CLM-000577,Invalid Claim,train,v1,gtm_training/invalid_claim/CLM-000577_v1.png
CLM-000577,Invalid Claim,train,v2,gtm_training/invalid_claim/CLM-000577_v2.png
CLM-000578,Valid Claim,test,v1,holdout_test/valid_claim/CLM-000578_v1.png
CLM-000579,Invalid Claim,train,v1,gtm_training/invalid_claim/CLM-000579_v1.png
CLM-000579,Invalid Claim,train,v2,gtm_training/invalid_claim/CLM-000579_v2.png
CLM-000580,Valid Claim,train,v1,gtm_training/valid_claim/CLM-000580_v1.png
CLM-000580,Valid Claim,train,v2,gtm_training/valid_claim/CLM-000580_v2.png
CLM-000581,Manual Review,train,v1,gtm_training/manual_review/CLM-000581_v1.png
CLM-000581,Manual Review,train,v2,gtm_training/manual_review/CLM-000581_v2.png
CLM-000582,Valid Claim,validation,v1,holdout_validation/valid_claim/CLM-000582_v1.png
CLM-000583,Invalid Claim,train,v1,gtm_training/invalid_claim/CLM-000583_v1.png
CLM-000583,Invalid Claim,train,v2,gtm_training/invalid_claim/CLM-000583_v2.png
CLM-000584,Manual Review,train,v1,gtm_training/manual_review/CLM-000584_v1.png
CLM-000584,Manual Review,train,v2,gtm_training/manual_review/CLM-000584_v2.png
CLM-000585,Manual Review,train,v1,gtm_training/manual_review/CLM-000585_v1.png
CLM-000585,Manual Review,train,v2,gtm_training/manual_review/CLM-000585_v2.png
CLM-000586,Invalid Claim,train,v1,gtm_training/invalid_claim/CLM-000586_v1.png
CLM-000586,Invalid Claim,train,v2,gtm_training/invalid_claim/CLM-000586_v2.png
CLM-000587,Invalid Claim,train,v1,gtm_training/invalid_claim/CLM-000587_v1.png
CLM-000587,Invalid Claim,train,v2,gtm_training/invalid_claim/CLM-000587_v2.png
CLM-000588,Invalid Claim,train,v1,gtm_training/invalid_claim/CLM-000588_v1.png
CLM-000588,Invalid Claim,train,v2,gtm_training/invalid_claim/CLM-000588_v2.png
CLM-000589,Valid Claim,test,v1,holdout_test/valid_claim/CLM-000589_v1.png
CLM-000590,Manual Review,train,v1,gtm_training/manual_review/CLM-000590_v1.png
CLM-000590,Manual Review,train,v2,gtm_training/manual_review/CLM-000590_v2.png
CLM-000591,Manual Review,train,v1,gtm_training/manual_review/CLM-000591_v1.png
CLM-000591,Manual Review,train,v2,gtm_training/manual_review/CLM-000591_v2.png
CLM-000592,Valid Claim,train,v1,gtm_training/valid_claim/CLM-000592_v1.png
CLM-000592,Valid Claim,train,v2,gtm_training/valid_claim/CLM-000592_v2.png
CLM-000593,Manual Review,train,v1,gtm_training/manual_review/CLM-000593_v1.png
CLM-000593,Manual Review,train,v2,gtm_training/manual_review/CLM-000593_v2.png
CLM-000594,Invalid Claim,train,v1,gtm_training/invalid_claim/CLM-000594_v1.png
CLM-000594,Invalid Claim,train,v2,gtm_training/invalid_claim/CLM-000594_v2.png
CLM-000595,Valid Claim,train,v1,gtm_training/valid_claim/CLM-000595_v1.png
CLM-000595,Valid Claim,train,v2,gtm_training/valid_claim/CLM-000595_v2.png
CLM-000596,Valid Claim,train,v1,gtm_training/valid_claim/CLM-000596_v1.png
CLM-000596,Valid Claim,train,v2,gtm_training/valid_claim/CLM-000596_v2.png
CLM-000597,Manual Review,train,v1,gtm_training/manual_review/CLM-000597_v1.png
CLM-000597,Manual Review,train,v2,gtm_training/manual_review/CLM-000597_v2.png
CLM-000598,Valid Claim,train,v1,gtm_training/valid_claim/CLM-000598_v1.png
CLM-000598,Valid Claim,train,v2,gtm_training/valid_claim/CLM-000598_v2.png
CLM-000599,Invalid Claim,train,v1,gtm_training/invalid_claim/CLM-000599_v1.png
CLM-000599,Invalid Claim,train,v2,gtm_training/invalid_claim/CLM-000599_v2.png
CLM-000600,Manual Review,validation,v1,holdout_validation/manual_review/CLM-000600_v1.png
CLM-000601,Valid Claim,train,v1,gtm_training/valid_claim/CLM-000601_v1.png
CLM-000601,Valid Claim,train,v2,gtm_training/valid_claim/CLM-000601_v2.png
CLM-000602,Manual Review,train,v1,gtm_training/manual_review/CLM-000602_v1.png
CLM-000602,Manual Review,train,v2,gtm_training/manual_review/CLM-000602_v2.png
CLM-000603,Invalid Claim,train,v1,gtm_training/invalid_claim/CLM-000603_v1.png
CLM-000603,Invalid Claim,train,v2,gtm_training/invalid_claim/CLM-000603_v2.png
CLM-000604,Invalid Claim,train,v1,gtm_training/invalid_claim/CLM-000604_v1.png
CLM-000604,Invalid Claim,train,v2,gtm_training/invalid_claim/CLM-000604_v2.png
CLM-000605,Manual Review,validation,v1,holdout_validation/manual_review/CLM-000605_v1.png
CLM-000606,Valid Claim,train,v1,gtm_training/valid_claim/CLM-000606_v1.png
CLM-000606,Valid Claim,train,v2,gtm_training/valid_claim/CLM-000606_v2.png
CLM-000607,Invalid Claim,train,v1,gtm_training/invalid_claim/CLM-000607_v1.png
CLM-000607,Invalid Claim,train,v2,gtm_training/invalid_claim/CLM-000607_v2.png
CLM-000608,Valid Claim,validation,v1,holdout_validation/valid_claim/CLM-000608_v1.png
CLM-000609,Valid Claim,train,v1,gtm_training/valid_claim/CLM-000609_v1.png
CLM-000609,Valid Claim,train,v2,gtm_training/valid_claim/CLM-000609_v2.png
CLM-000610,Invalid Claim,train,v1,gtm_training/invalid_claim/CLM-000610_v1.png
CLM-000610,Invalid Claim,train,v2,gtm_training/invalid_claim/CLM-000610_v2.png
CLM-000611,Valid Claim,test,v1,holdout_test/valid_claim/CLM-000611_v1.png
CLM-000612,Invalid Claim,train,v1,gtm_training/invalid_claim/CLM-000612_v1.png
CLM-000612,Invalid Claim,train,v2,gtm_training/invalid_claim/CLM-000612_v2.png
CLM-000613,Invalid Claim,train,v1,gtm_training/invalid_claim/CLM-000613_v1.png
CLM-000613,Invalid Claim,train,v2,gtm_training/invalid_claim/CLM-000613_v2.png
CLM-000614,Valid Claim,test,v1,holdout_test/valid_claim/CLM-000614_v1.png
CLM-000615,Invalid Claim,train,v1,gtm_training/invalid_claim/CLM-000615_v1.png
CLM-000615,Invalid Claim,train,v2,gtm_training/invalid_claim/CLM-000615_v2.png
CLM-000616,Valid Claim,train,v1,gtm_training/valid_claim/CLM-000616_v1.png
CLM-000616,Valid Claim,train,v2,gtm_training/valid_claim/CLM-000616_v2.png
CLM-000617,Invalid Claim,train,v1,gtm_training/invalid_claim/CLM-000617_v1.png
CLM-000617,Invalid Claim,train,v2,gtm_training/invalid_claim/CLM-000617_v2.png
CLM-000618,Manual Review,validation,v1,holdout_validation/manual_review/CLM-000618_v1.png
CLM-000619,Manual Review,train,v1,gtm_training/manual_review/CLM-000619_v1.png
CLM-000619,Manual Review,train,v2,gtm_training/manual_review/CLM-000619_v2.png
CLM-000620,Valid Claim,test,v1,holdout_test/valid_claim/CLM-000620_v1.png
CLM-000621,Manual Review,train,v1,gtm_training/manual_review/CLM-000621_v1.png
CLM-000621,Manual Review,train,v2,gtm_training/manual_review/CLM-000621_v2.png
CLM-000622,Invalid Claim,train,v1,gtm_training/invalid_claim/CLM-000622_v1.png
CLM-000622,Invalid Claim,train,v2,gtm_training/invalid_claim/CLM-000622_v2.png
CLM-000623,Invalid Claim,train,v1,gtm_training/invalid_claim/CLM-000623_v1.png
CLM-000623,Invalid Claim,train,v2,gtm_training/invalid_claim/CLM-000623_v2.png
CLM-000624,Manual Review,train,v1,gtm_training/manual_review/CLM-000624_v1.png
CLM-000624,Manual Review,train,v2,gtm_training/manual_review/CLM-000624_v2.png
CLM-000625,Manual Review,train,v1,gtm_training/manual_review/CLM-000625_v1.png
CLM-000625,Manual Review,train,v2,gtm_training/manual_review/CLM-000625_v2.png
CLM-000626,Manual Review,train,v1,gtm_training/manual_review/CLM-000626_v1.png
CLM-000626,Manual Review,train,v2,gtm_training/manual_review/CLM-000626_v2.png
CLM-000627,Valid Claim,train,v1,gtm_training/valid_claim/CLM-000627_v1.png
CLM-000627,Valid Claim,train,v2,gtm_training/valid_claim/CLM-000627_v2.png
CLM-000628,Valid Claim,train,v1,gtm_training/valid_claim/CLM-000628_v1.png
CLM-000628,Valid Claim,train,v2,gtm_training/valid_claim/CLM-000628_v2.png
CLM-000629,Invalid Claim,validation,v1,holdout_validation/invalid_claim/CLM-000629_v1.png
CLM-000630,Manual Review,train,v1,gtm_training/manual_review/CLM-000630_v1.png
CLM-000630,Manual Review,train,v2,gtm_training/manual_review/CLM-000630_v2.png
CLM-000631,Valid Claim,validation,v1,holdout_validation/valid_claim/CLM-000631_v1.png
CLM-000632,Invalid Claim,test,v1,holdout_test/invalid_claim/CLM-000632_v1.png
CLM-000633,Valid Claim,train,v1,gtm_training/valid_claim/CLM-000633_v1.png
CLM-000633,Valid Claim,train,v2,gtm_training/valid_claim/CLM-000633_v2.png
CLM-000634,Manual Review,train,v1,gtm_training/manual_review/CLM-000634_v1.png
CLM-000634,Manual Review,train,v2,gtm_training/manual_review/CLM-000634_v2.png
CLM-000635,Manual Review,train,v1,gtm_training/manual_review/CLM-000635_v1.png
CLM-000635,Manual Review,train,v2,gtm_training/manual_review/CLM-000635_v2.png
CLM-000636,Invalid Claim,train,v1,gtm_training/invalid_claim/CLM-000636_v1.png
CLM-000636,Invalid Claim,train,v2,gtm_training/invalid_claim/CLM-000636_v2.png
CLM-000637,Manual Review,test,v1,holdout_test/manual_review/CLM-000637_v1.png
CLM-000638,Valid Claim,train,v1,gtm_training/valid_claim/CLM-000638_v1.png
CLM-000638,Valid Claim,train,v2,gtm_training/valid_claim/CLM-000638_v2.png
CLM-000639,Valid Claim,test,v1,holdout_test/valid_claim/CLM-000639_v1.png
CLM-000640,Valid Claim,train,v1,gtm_training/valid_claim/CLM-000640_v1.png
CLM-000640,Valid Claim,train,v2,gtm_training/valid_claim/CLM-000640_v2.png
CLM-000641,Manual Review,train,v1,gtm_training/manual_review/CLM-000641_v1.png
CLM-000641,Manual Review,train,v2,gtm_training/manual_review/CLM-000641_v2.png
CLM-000642,Valid Claim,validation,v1,holdout_validation/valid_claim/CLM-000642_v1.png
CLM-000643,Invalid Claim,validation,v1,holdout_validation/invalid_claim/CLM-000643_v1.png
CLM-000644,Invalid Claim,test,v1,holdout_test/invalid_claim/CLM-000644_v1.png
CLM-000645,Invalid Claim,validation,v1,holdout_validation/invalid_claim/CLM-000645_v1.png
CLM-000646,Manual Review,test,v1,holdout_test/manual_review/CLM-000646_v1.png
CLM-000647,Valid Claim,validation,v1,holdout_validation/valid_claim/CLM-000647_v1.png
CLM-000648,Manual Review,train,v1,gtm_training/manual_review/CLM-000648_v1.png
CLM-000648,Manual Review,train,v2,gtm_training/manual_review/CLM-000648_v2.png
CLM-000649,Invalid Claim,validation,v1,holdout_validation/invalid_claim/CLM-000649_v1.png
CLM-000650,Invalid Claim,validation,v1,holdout_validation/invalid_claim/CLM-000650_v1.png
CLM-000651,Valid Claim,train,v1,gtm_training/valid_claim/CLM-000651_v1.png
CLM-000651,Valid Claim,train,v2,gtm_training/valid_claim/CLM-000651_v2.png
CLM-000652,Manual Review,train,v1,gtm_training/manual_review/CLM-000652_v1.png
CLM-000652,Manual Review,train,v2,gtm_training/manual_review/CLM-000652_v2.png
CLM-000653,Manual Review,validation,v1,holdout_validation/manual_review/CLM-000653_v1.png
CLM-000654,Manual Review,train,v1,gtm_training/manual_review/CLM-000654_v1.png
CLM-000654,Manual Review,train,v2,gtm_training/manual_review/CLM-000654_v2.png
CLM-000655,Valid Claim,test,v1,holdout_test/valid_claim/CLM-000655_v1.png
CLM-000656,Invalid Claim,train,v1,gtm_training/invalid_claim/CLM-000656_v1.png
CLM-000656,Invalid Claim,train,v2,gtm_training/invalid_claim/CLM-000656_v2.png
CLM-000657,Invalid Claim,train,v1,gtm_training/invalid_claim/CLM-000657_v1.png
CLM-000657,Invalid Claim,train,v2,gtm_training/invalid_claim/CLM-000657_v2.png
CLM-000658,Manual Review,train,v1,gtm_training/manual_review/CLM-000658_v1.png
CLM-000658,Manual Review,train,v2,gtm_training/manual_review/CLM-000658_v2.png
CLM-000659,Valid Claim,train,v1,gtm_training/valid_claim/CLM-000659_v1.png
CLM-000659,Valid Claim,train,v2,gtm_training/valid_claim/CLM-000659_v2.png
CLM-000660,Valid Claim,test,v1,holdout_test/valid_claim/CLM-000660_v1.png
CLM-000661,Valid Claim,test,v1,holdout_test/valid_claim/CLM-000661_v1.png
CLM-000662,Invalid Claim,train,v1,gtm_training/invalid_claim/CLM-000662_v1.png
CLM-000662,Invalid Claim,train,v2,gtm_training/invalid_claim/CLM-000662_v2.png
CLM-000663,Invalid Claim,train,v1,gtm_training/invalid_claim/CLM-000663_v1.png
CLM-000663,Invalid Claim,train,v2,gtm_training/invalid_claim/CLM-000663_v2.png
CLM-000664,Valid Claim,train,v1,gtm_training/valid_claim/CLM-000664_v1.png
CLM-000664,Valid Claim,train,v2,gtm_training/valid_claim/CLM-000664_v2.png
CLM-000665,Manual Review,train,v1,gtm_training/manual_review/CLM-000665_v1.png
CLM-000665,Manual Review,train,v2,gtm_training/manual_review/CLM-000665_v2.png
CLM-000666,Invalid Claim,train,v1,gtm_training/invalid_claim/CLM-000666_v1.png
CLM-000666,Invalid Claim,train,v2,gtm_training/invalid_claim/CLM-000666_v2.png
CLM-000667,Invalid Claim,train,v1,gtm_training/invalid_claim/CLM-000667_v1.png
CLM-000667,Invalid Claim,train,v2,gtm_training/invalid_claim/CLM-000667_v2.png
CLM-000668,Manual Review,train,v1,gtm_training/manual_review/CLM-000668_v1.png
CLM-000668,Manual Review,train,v2,gtm_training/manual_review/CLM-000668_v2.png
CLM-000669,Manual Review,train,v1,gtm_training/manual_review/CLM-000669_v1.png
CLM-000669,Manual Review,train,v2,gtm_training/manual_review/CLM-000669_v2.png
CLM-000670,Valid Claim,train,v1,gtm_training/valid_claim/CLM-000670_v1.png
CLM-000670,Valid Claim,train,v2,gtm_training/valid_claim/CLM-000670_v2.png
CLM-000671,Invalid Claim,train,v1,gtm_training/invalid_claim/CLM-000671_v1.png
CLM-000671,Invalid Claim,train,v2,gtm_training/invalid_claim/CLM-000671_v2.png
CLM-000672,Invalid Claim,train,v1,gtm_training/invalid_claim/CLM-000672_v1.png
CLM-000672,Invalid Claim,train,v2,gtm_training/invalid_claim/CLM-000672_v2.png
CLM-000673,Valid Claim,validation,v1,holdout_validation/valid_claim/CLM-000673_v1.png
CLM-000674,Manual Review,train,v1,gtm_training/manual_review/CLM-000674_v1.png
CLM-000674,Manual Review,train,v2,gtm_training/manual_review/CLM-000674_v2.png
CLM-000675,Invalid Claim,test,v1,holdout_test/invalid_claim/CLM-000675_v1.png
CLM-000676,Invalid Claim,train,v1,gtm_training/invalid_claim/CLM-000676_v1.png
CLM-000676,Invalid Claim,train,v2,gtm_training/invalid_claim/CLM-000676_v2.png
CLM-000677,Valid Claim,train,v1,gtm_training/valid_claim/CLM-000677_v1.png
CLM-000677,Valid Claim,train,v2,gtm_training/valid_claim/CLM-000677_v2.png
CLM-000678,Valid Claim,validation,v1,holdout_validation/valid_claim/CLM-000678_v1.png
CLM-000679,Valid Claim,train,v1,gtm_training/valid_claim/CLM-000679_v1.png
CLM-000679,Valid Claim,train,v2,gtm_training/valid_claim/CLM-000679_v2.png
CLM-000680,Manual Review,train,v1,gtm_training/manual_review/CLM-000680_v1.png
CLM-000680,Manual Review,train,v2,gtm_training/manual_review/CLM-000680_v2.png
CLM-000681,Manual Review,train,v1,gtm_training/manual_review/CLM-000681_v1.png
CLM-000681,Manual Review,train,v2,gtm_training/manual_review/CLM-000681_v2.png
CLM-000682,Invalid Claim,test,v1,holdout_test/invalid_claim/CLM-000682_v1.png
CLM-000683,Manual Review,train,v1,gtm_training/manual_review/CLM-000683_v1.png
CLM-000683,Manual Review,train,v2,gtm_training/manual_review/CLM-000683_v2.png
CLM-000684,Manual Review,test,v1,holdout_test/manual_review/CLM-000684_v1.png
CLM-000685,Invalid Claim,test,v1,holdout_test/invalid_claim/CLM-000685_v1.png
CLM-000686,Invalid Claim,train,v1,gtm_training/invalid_claim/CLM-000686_v1.png
CLM-000686,Invalid Claim,train,v2,gtm_training/invalid_claim/CLM-000686_v2.png
CLM-000687,Manual Review,train,v1,gtm_training/manual_review/CLM-000687_v1.png
CLM-000687,Manual Review,train,v2,gtm_training/manual_review/CLM-000687_v2.png
CLM-000688,Manual Review,train,v1,gtm_training/manual_review/CLM-000688_v1.png
CLM-000688,Manual Review,train,v2,gtm_training/manual_review/CLM-000688_v2.png
CLM-000689,Valid Claim,train,v1,gtm_training/valid_claim/CLM-000689_v1.png
CLM-000689,Valid Claim,train,v2,gtm_training/valid_claim/CLM-000689_v2.png
CLM-000690,Manual Review,validation,v1,holdout_validation/manual_review/CLM-000690_v1.png
CLM-000691,Valid Claim,train,v1,gtm_training/valid_claim/CLM-000691_v1.png
CLM-000691,Valid Claim,train,v2,gtm_training/valid_claim/CLM-000691_v2.png
CLM-000692,Valid Claim,train,v1,gtm_training/valid_claim/CLM-000692_v1.png
CLM-000692,Valid Claim,train,v2,gtm_training/valid_claim/CLM-000692_v2.png
CLM-000693,Manual Review,train,v1,gtm_training/manual_review/CLM-000693_v1.png
CLM-000693,Manual Review,train,v2,gtm_training/manual_review/CLM-000693_v2.png
CLM-000694,Invalid Claim,test,v1,holdout_test/invalid_claim/CLM-000694_v1.png
CLM-000695,Valid Claim,validation,v1,holdout_validation/valid_claim/CLM-000695_v1.png
CLM-000696,Invalid Claim,train,v1,gtm_training/invalid_claim/CLM-000696_v1.png
CLM-000696,Invalid Claim,train,v2,gtm_training/invalid_claim/CLM-000696_v2.png
CLM-000697,Valid Claim,train,v1,gtm_training/valid_claim/CLM-000697_v1.png
CLM-000697,Valid Claim,train,v2,gtm_training/valid_claim/CLM-000697_v2.png
CLM-000698,Valid Claim,train,v1,gtm_training/valid_claim/CLM-000698_v1.png
CLM-000698,Valid Claim,train,v2,gtm_training/valid_claim/CLM-000698_v2.png
CLM-000699,Valid Claim,train,v1,gtm_training/valid_claim/CLM-000699_v1.png
CLM-000699,Valid Claim,train,v2,gtm_training/valid_claim/CLM-000699_v2.png
CLM-000700,Manual Review,validation,v1,holdout_validation/manual_review/CLM-000700_v1.png
CLM-000701,Invalid Claim,train,v1,gtm_training/invalid_claim/CLM-000701_v1.png
CLM-000701,Invalid Claim,train,v2,gtm_training/invalid_claim/CLM-000701_v2.png
CLM-000702,Valid Claim,validation,v1,holdout_validation/valid_claim/CLM-000702_v1.png
CLM-000703,Valid Claim,validation,v1,holdout_validation/valid_claim/CLM-000703_v1.png
CLM-000704,Invalid Claim,train,v1,gtm_training/invalid_claim/CLM-000704_v1.png
CLM-000704,Invalid Claim,train,v2,gtm_training/invalid_claim/CLM-000704_v2.png
CLM-000705,Manual Review,test,v1,holdout_test/manual_review/CLM-000705_v1.png
CLM-000706,Invalid Claim,train,v1,gtm_training/invalid_claim/CLM-000706_v1.png
CLM-000706,Invalid Claim,train,v2,gtm_training/invalid_claim/CLM-000706_v2.png
CLM-000707,Manual Review,validation,v1,holdout_validation/manual_review/CLM-000707_v1.png
CLM-000708,Valid Claim,train,v1,gtm_training/valid_claim/CLM-000708_v1.png
CLM-000708,Valid Claim,train,v2,gtm_training/valid_claim/CLM-000708_v2.png
CLM-000709,Valid Claim,train,v1,gtm_training/valid_claim/CLM-000709_v1.png
CLM-000709,Valid Claim,train,v2,gtm_training/valid_claim/CLM-000709_v2.png
CLM-000710,Manual Review,train,v1,gtm_training/manual_review/CLM-000710_v1.png
CLM-000710,Manual Review,train,v2,gtm_training/manual_review/CLM-000710_v2.png
CLM-000711,Invalid Claim,train,v1,gtm_training/invalid_claim/CLM-000711_v1.png
CLM-000711,Invalid Claim,train,v2,gtm_training/invalid_claim/CLM-000711_v2.png
CLM-000712,Valid Claim,train,v1,gtm_training/valid_claim/CLM-000712_v1.png
CLM-000712,Valid Claim,train,v2,gtm_training/valid_claim/CLM-000712_v2.png
CLM-000713,Invalid Claim,validation,v1,holdout_validation/invalid_claim/CLM-000713_v1.png
CLM-000714,Valid Claim,validation,v1,holdout_validation/valid_claim/CLM-000714_v1.png
CLM-000715,Manual Review,train,v1,gtm_training/manual_review/CLM-000715_v1.png
CLM-000715,Manual Review,train,v2,gtm_training/manual_review/CLM-000715_v2.png
CLM-000716,Valid Claim,validation,v1,holdout_validation/valid_claim/CLM-000716_v1.png
CLM-000717,Invalid Claim,validation,v1,holdout_validation/invalid_claim/CLM-000717_v1.png
CLM-000718,Manual Review,train,v1,gtm_training/manual_review/CLM-000718_v1.png
CLM-000718,Manual Review,train,v2,gtm_training/manual_review/CLM-000718_v2.png
CLM-000719,Valid Claim,train,v1,gtm_training/valid_claim/CLM-000719_v1.png
CLM-000719,Valid Claim,train,v2,gtm_training/valid_claim/CLM-000719_v2.png
CLM-000720,Manual Review,train,v1,gtm_training/manual_review/CLM-000720_v1.png
CLM-000720,Manual Review,train,v2,gtm_training/manual_review/CLM-000720_v2.png
CLM-000721,Manual Review,train,v1,gtm_training/manual_review/CLM-000721_v1.png
CLM-000721,Manual Review,train,v2,gtm_training/manual_review/CLM-000721_v2.png
CLM-000722,Valid Claim,train,v1,gtm_training/valid_claim/CLM-000722_v1.png
CLM-000722,Valid Claim,train,v2,gtm_training/valid_claim/CLM-000722_v2.png
CLM-000723,Manual Review,train,v1,gtm_training/manual_review/CLM-000723_v1.png
CLM-000723,Manual Review,train,v2,gtm_training/manual_review/CLM-000723_v2.png
CLM-000724,Invalid Claim,train,v1,gtm_training/invalid_claim/CLM-000724_v1.png
CLM-000724,Invalid Claim,train,v2,gtm_training/invalid_claim/CLM-000724_v2.png
CLM-000725,Manual Review,train,v1,gtm_training/manual_review/CLM-000725_v1.png
CLM-000725,Manual Review,train,v2,gtm_training/manual_review/CLM-000725_v2.png
CLM-000726,Invalid Claim,train,v1,gtm_training/invalid_claim/CLM-000726_v1.png
CLM-000726,Invalid Claim,train,v2,gtm_training/invalid_claim/CLM-000726_v2.png
CLM-000727,Manual Review,train,v1,gtm_training/manual_review/CLM-000727_v1.png
CLM-000727,Manual Review,train,v2,gtm_training/manual_review/CLM-000727_v2.png
CLM-000728,Invalid Claim,validation,v1,holdout_validation/invalid_claim/CLM-000728_v1.png
CLM-000729,Valid Claim,train,v1,gtm_training/valid_claim/CLM-000729_v1.png
CLM-000729,Valid Claim,train,v2,gtm_training/valid_claim/CLM-000729_v2.png
CLM-000730,Manual Review,train,v1,gtm_training/manual_review/CLM-000730_v1.png
CLM-000730,Manual Review,train,v2,gtm_training/manual_review/CLM-000730_v2.png
CLM-000731,Valid Claim,train,v1,gtm_training/valid_claim/CLM-000731_v1.png
CLM-000731,Valid Claim,train,v2,gtm_training/valid_claim/CLM-000731_v2.png
CLM-000732,Invalid Claim,train,v1,gtm_training/invalid_claim/CLM-000732_v1.png
CLM-000732,Invalid Claim,train,v2,gtm_training/invalid_claim/CLM-000732_v2.png
CLM-000733,Invalid Claim,train,v1,gtm_training/invalid_claim/CLM-000733_v1.png
CLM-000733,Invalid Claim,train,v2,gtm_training/invalid_claim/CLM-000733_v2.png
CLM-000734,Valid Claim,train,v1,gtm_training/valid_claim/CLM-000734_v1.png
CLM-000734,Valid Claim,train,v2,gtm_training/valid_claim/CLM-000734_v2.png
CLM-000735,Invalid Claim,test,v1,holdout_test/invalid_claim/CLM-000735_v1.png
CLM-000736,Invalid Claim,test,v1,holdout_test/invalid_claim/CLM-000736_v1.png
CLM-000737,Valid Claim,train,v1,gtm_training/valid_claim/CLM-000737_v1.png
CLM-000737,Valid Claim,train,v2,gtm_training/valid_claim/CLM-000737_v2.png
CLM-000738,Invalid Claim,validation,v1,holdout_validation/invalid_claim/CLM-000738_v1.png
CLM-000739,Valid Claim,train,v1,gtm_training/valid_claim/CLM-000739_v1.png
CLM-000739,Valid Claim,train,v2,gtm_training/valid_claim/CLM-000739_v2.png
CLM-000740,Invalid Claim,train,v1,gtm_training/invalid_claim/CLM-000740_v1.png
CLM-000740,Invalid Claim,train,v2,gtm_training/invalid_claim/CLM-000740_v2.png
CLM-000741,Manual Review,train,v1,gtm_training/manual_review/CLM-000741_v1.png
CLM-000741,Manual Review,train,v2,gtm_training/manual_review/CLM-000741_v2.png
CLM-000742,Invalid Claim,train,v1,gtm_training/invalid_claim/CLM-000742_v1.png
CLM-000742,Invalid Claim,train,v2,gtm_training/invalid_claim/CLM-000742_v2.png
CLM-000743,Invalid Claim,train,v1,gtm_training/invalid_claim/CLM-000743_v1.png
CLM-000743,Invalid Claim,train,v2,gtm_training/invalid_claim/CLM-000743_v2.png
CLM-000744,Invalid Claim,train,v1,gtm_training/invalid_claim/CLM-000744_v1.png
CLM-000744,Invalid Claim,train,v2,gtm_training/invalid_claim/CLM-000744_v2.png
CLM-000745,Invalid Claim,train,v1,gtm_training/invalid_claim/CLM-000745_v1.png
CLM-000745,Invalid Claim,train,v2,gtm_training/invalid_claim/CLM-000745_v2.png
CLM-000746,Manual Review,train,v1,gtm_training/manual_review/CLM-000746_v1.png
CLM-000746,Manual Review,train,v2,gtm_training/manual_review/CLM-000746_v2.png
CLM-000747,Manual Review,train,v1,gtm_training/manual_review/CLM-000747_v1.png
CLM-000747,Manual Review,train,v2,gtm_training/manual_review/CLM-000747_v2.png
CLM-000748,Valid Claim,train,v1,gtm_training/valid_claim/CLM-000748_v1.png
CLM-000748,Valid Claim,train,v2,gtm_training/valid_claim/CLM-000748_v2.png
CLM-000749,Valid Claim,train,v1,gtm_training/valid_claim/CLM-000749_v1.png
CLM-000749,Valid Claim,train,v2,gtm_training/valid_claim/CLM-000749_v2.png
CLM-000750,Valid Claim,validation,v1,holdout_validation/valid_claim/CLM-000750_v1.png
CLM-000751,Manual Review,train,v1,gtm_training/manual_review/CLM-000751_v1.png
CLM-000751,Manual Review,train,v2,gtm_training/manual_review/CLM-000751_v2.png
CLM-000752,Manual Review,train,v1,gtm_training/manual_review/CLM-000752_v1.png
CLM-000752,Manual Review,train,v2,gtm_training/manual_review/CLM-000752_v2.png
CLM-000753,Invalid Claim,validation,v1,holdout_validation/invalid_claim/CLM-000753_v1.png
CLM-000754,Manual Review,train,v1,gtm_training/manual_review/CLM-000754_v1.png
CLM-000754,Manual Review,train,v2,gtm_training/manual_review/CLM-000754_v2.png
CLM-000755,Manual Review,validation,v1,holdout_validation/manual_review/CLM-000755_v1.png
CLM-000756,Invalid Claim,validation,v1,holdout_validation/invalid_claim/CLM-000756_v1.png
CLM-000757,Manual Review,train,v1,gtm_training/manual_review/CLM-000757_v1.png
CLM-000757,Manual Review,train,v2,gtm_training/manual_review/CLM-000757_v2.png
CLM-000758,Invalid Claim,train,v1,gtm_training/invalid_claim/CLM-000758_v1.png
CLM-000758,Invalid Claim,train,v2,gtm_training/invalid_claim/CLM-000758_v2.png
CLM-000759,Valid Claim,train,v1,gtm_training/valid_claim/CLM-000759_v1.png
CLM-000759,Valid Claim,train,v2,gtm_training/valid_claim/CLM-000759_v2.png
CLM-000760,Manual Review,train,v1,gtm_training/manual_review/CLM-000760_v1.png
CLM-000760,Manual Review,train,v2,gtm_training/manual_review/CLM-000760_v2.png
CLM-000761,Invalid Claim,train,v1,gtm_training/invalid_claim/CLM-000761_v1.png
CLM-000761,Invalid Claim,train,v2,gtm_training/invalid_claim/CLM-000761_v2.png
CLM-000762,Manual Review,validation,v1,holdout_validation/manual_review/CLM-000762_v1.png
CLM-000763,Invalid Claim,test,v1,holdout_test/invalid_claim/CLM-000763_v1.png
CLM-000764,Invalid Claim,test,v1,holdout_test/invalid_claim/CLM-000764_v1.png
CLM-000765,Manual Review,train,v1,gtm_training/manual_review/CLM-000765_v1.png
CLM-000765,Manual Review,train,v2,gtm_training/manual_review/CLM-000765_v2.png
CLM-000766,Manual Review,train,v1,gtm_training/manual_review/CLM-000766_v1.png
CLM-000766,Manual Review,train,v2,gtm_training/manual_review/CLM-000766_v2.png
CLM-000767,Valid Claim,train,v1,gtm_training/valid_claim/CLM-000767_v1.png
CLM-000767,Valid Claim,train,v2,gtm_training/valid_claim/CLM-000767_v2.png
CLM-000768,Manual Review,test,v1,holdout_test/manual_review/CLM-000768_v1.png
CLM-000769,Valid Claim,train,v1,gtm_training/valid_claim/CLM-000769_v1.png
CLM-000769,Valid Claim,train,v2,gtm_training/valid_claim/CLM-000769_v2.png
CLM-000770,Valid Claim,train,v1,gtm_training/valid_claim/CLM-000770_v1.png
CLM-000770,Valid Claim,train,v2,gtm_training/valid_claim/CLM-000770_v2.png
CLM-000771,Manual Review,train,v1,gtm_training/manual_review/CLM-000771_v1.png
CLM-000771,Manual Review,train,v2,gtm_training/manual_review/CLM-000771_v2.png
CLM-000772,Valid Claim,validation,v1,holdout_validation/valid_claim/CLM-000772_v1.png
CLM-000773,Manual Review,validation,v1,holdout_validation/manual_review/CLM-000773_v1.png
CLM-000774,Valid Claim,test,v1,holdout_test/valid_claim/CLM-000774_v1.png
CLM-000775,Invalid Claim,validation,v1,holdout_validation/invalid_claim/CLM-000775_v1.png
CLM-000776,Manual Review,train,v1,gtm_training/manual_review/CLM-000776_v1.png
CLM-000776,Manual Review,train,v2,gtm_training/manual_review/CLM-000776_v2.png
CLM-000777,Valid Claim,train,v1,gtm_training/valid_claim/CLM-000777_v1.png
CLM-000777,Valid Claim,train,v2,gtm_training/valid_claim/CLM-000777_v2.png
CLM-000778,Valid Claim,test,v1,holdout_test/valid_claim/CLM-000778_v1.png
CLM-000779,Manual Review,train,v1,gtm_training/manual_review/CLM-000779_v1.png
CLM-000779,Manual Review,train,v2,gtm_training/manual_review/CLM-000779_v2.png
CLM-000780,Invalid Claim,train,v1,gtm_training/invalid_claim/CLM-000780_v1.png
CLM-000780,Invalid Claim,train,v2,gtm_training/invalid_claim/CLM-000780_v2.png
CLM-000781,Manual Review,train,v1,gtm_training/manual_review/CLM-000781_v1.png
CLM-000781,Manual Review,train,v2,gtm_training/manual_review/CLM-000781_v2.png
CLM-000782,Manual Review,train,v1,gtm_training/manual_review/CLM-000782_v1.png
CLM-000782,Manual Review,train,v2,gtm_training/manual_review/CLM-000782_v2.png
CLM-000783,Valid Claim,train,v1,gtm_training/valid_claim/CLM-000783_v1.png
CLM-000783,Valid Claim,train,v2,gtm_training/valid_claim/CLM-000783_v2.png
CLM-000784,Invalid Claim,validation,v1,holdout_validation/invalid_claim/CLM-000784_v1.png
CLM-000785,Valid Claim,validation,v1,holdout_validation/valid_claim/CLM-000785_v1.png
CLM-000786,Invalid Claim,test,v1,holdout_test/invalid_claim/CLM-000786_v1.png
CLM-000787,Valid Claim,train,v1,gtm_training/valid_claim/CLM-000787_v1.png
CLM-000787,Valid Claim,train,v2,gtm_training/valid_claim/CLM-000787_v2.png
CLM-000788,Valid Claim,validation,v1,holdout_validation/valid_claim/CLM-000788_v1.png
CLM-000789,Valid Claim,test,v1,holdout_test/valid_claim/CLM-000789_v1.png
CLM-000790,Valid Claim,train,v1,gtm_training/valid_claim/CLM-000790_v1.png
CLM-000790,Valid Claim,train,v2,gtm_training/valid_claim/CLM-000790_v2.png
CLM-000791,Manual Review,train,v1,gtm_training/manual_review/CLM-000791_v1.png
CLM-000791,Manual Review,train,v2,gtm_training/manual_review/CLM-000791_v2.png
CLM-000792,Valid Claim,train,v1,gtm_training/valid_claim/CLM-000792_v1.png
CLM-000792,Valid Claim,train,v2,gtm_training/valid_claim/CLM-000792_v2.png
CLM-000793,Manual Review,train,v1,gtm_training/manual_review/CLM-000793_v1.png
CLM-000793,Manual Review,train,v2,gtm_training/manual_review/CLM-000793_v2.png
CLM-000794,Manual Review,train,v1,gtm_training/manual_review/CLM-000794_v1.png
CLM-000794,Manual Review,train,v2,gtm_training/manual_review/CLM-000794_v2.png
CLM-000795,Valid Claim,train,v1,gtm_training/valid_claim/CLM-000795_v1.png
CLM-000795,Valid Claim,train,v2,gtm_training/valid_claim/CLM-000795_v2.png
CLM-000796,Invalid Claim,train,v1,gtm_training/invalid_claim/CLM-000796_v1.png
CLM-000796,Invalid Claim,train,v2,gtm_training/invalid_claim/CLM-000796_v2.png
CLM-000797,Invalid Claim,train,v1,gtm_training/invalid_claim/CLM-000797_v1.png
CLM-000797,Invalid Claim,train,v2,gtm_training/invalid_claim/CLM-000797_v2.png
CLM-000798,Invalid Claim,train,v1,gtm_training/invalid_claim/CLM-000798_v1.png
CLM-000798,Invalid Claim,train,v2,gtm_training/invalid_claim/CLM-000798_v2.png
CLM-000799,Valid Claim,train,v1,gtm_training/valid_claim/CLM-000799_v1.png
CLM-000799,Valid Claim,train,v2,gtm_training/valid_claim/CLM-000799_v2.png
CLM-000800,Manual Review,train,v1,gtm_training/manual_review/CLM-000800_v1.png
CLM-000800,Manual Review,train,v2,gtm_training/manual_review/CLM-000800_v2.png
CLM-000801,Valid Claim,validation,v1,holdout_validation/valid_claim/CLM-000801_v1.png
CLM-000802,Manual Review,train,v1,gtm_training/manual_review/CLM-000802_v1.png
CLM-000802,Manual Review,train,v2,gtm_training/manual_review/CLM-000802_v2.png
CLM-000803,Valid Claim,train,v1,gtm_training/valid_claim/CLM-000803_v1.png
CLM-000803,Valid Claim,train,v2,gtm_training/valid_claim/CLM-000803_v2.png
CLM-000804,Manual Review,train,v1,gtm_training/manual_review/CLM-000804_v1.png
CLM-000804,Manual Review,train,v2,gtm_training/manual_review/CLM-000804_v2.png
CLM-000805,Invalid Claim,validation,v1,holdout_validation/invalid_claim/CLM-000805_v1.png
CLM-000806,Manual Review,train,v1,gtm_training/manual_review/CLM-000806_v1.png
CLM-000806,Manual Review,train,v2,gtm_training/manual_review/CLM-000806_v2.png
CLM-000807,Manual Review,train,v1,gtm_training/manual_review/CLM-000807_v1.png
CLM-000807,Manual Review,train,v2,gtm_training/manual_review/CLM-000807_v2.png
CLM-000808,Valid Claim,train,v1,gtm_training/valid_claim/CLM-000808_v1.png
CLM-000808,Valid Claim,train,v2,gtm_training/valid_claim/CLM-000808_v2.png
CLM-000809,Valid Claim,train,v1,gtm_training/valid_claim/CLM-000809_v1.png
CLM-000809,Valid Claim,train,v2,gtm_training/valid_claim/CLM-000809_v2.png
CLM-000810,Invalid Claim,train,v1,gtm_training/invalid_claim/CLM-000810_v1.png
CLM-000810,Invalid Claim,train,v2,gtm_training/invalid_claim/CLM-000810_v2.png
CLM-000811,Manual Review,validation,v1,holdout_validation/manual_review/CLM-000811_v1.png
CLM-000812,Invalid Claim,train,v1,gtm_training/invalid_claim/CLM-000812_v1.png
CLM-000812,Invalid Claim,train,v2,gtm_training/invalid_claim/CLM-000812_v2.png
CLM-000813,Invalid Claim,validation,v1,holdout_validation/invalid_claim/CLM-000813_v1.png
CLM-000814,Valid Claim,test,v1,holdout_test/valid_claim/CLM-000814_v1.png
CLM-000815,Manual Review,test,v1,holdout_test/manual_review/CLM-000815_v1.png
CLM-000816,Manual Review,validation,v1,holdout_validation/manual_review/CLM-000816_v1.png
CLM-000817,Manual Review,train,v1,gtm_training/manual_review/CLM-000817_v1.png
CLM-000817,Manual Review,train,v2,gtm_training/manual_review/CLM-000817_v2.png
CLM-000818,Valid Claim,train,v1,gtm_training/valid_claim/CLM-000818_v1.png
CLM-000818,Valid Claim,train,v2,gtm_training/valid_claim/CLM-000818_v2.png
CLM-000819,Manual Review,train,v1,gtm_training/manual_review/CLM-000819_v1.png
CLM-000819,Manual Review,train,v2,gtm_training/manual_review/CLM-000819_v2.png
CLM-000820,Manual Review,train,v1,gtm_training/manual_review/CLM-000820_v1.png
CLM-000820,Manual Review,train,v2,gtm_training/manual_review/CLM-000820_v2.png
CLM-000821,Valid Claim,train,v1,gtm_training/valid_claim/CLM-000821_v1.png
CLM-000821,Valid Claim,train,v2,gtm_training/valid_claim/CLM-000821_v2.png
CLM-000822,Manual Review,test,v1,holdout_test/manual_review/CLM-000822_v1.png
CLM-000823,Invalid Claim,train,v1,gtm_training/invalid_claim/CLM-000823_v1.png
CLM-000823,Invalid Claim,train,v2,gtm_training/invalid_claim/CLM-000823_v2.png
CLM-000824,Valid Claim,train,v1,gtm_training/valid_claim/CLM-000824_v1.png
CLM-000824,Valid Claim,train,v2,gtm_training/valid_claim/CLM-000824_v2.png
CLM-000825,Invalid Claim,test,v1,holdout_test/invalid_claim/CLM-000825_v1.png
CLM-000826,Manual Review,train,v1,gtm_training/manual_review/CLM-000826_v1.png
CLM-000826,Manual Review,train,v2,gtm_training/manual_review/CLM-000826_v2.png
CLM-000827,Valid Claim,train,v1,gtm_training/valid_claim/CLM-000827_v1.png
CLM-000827,Valid Claim,train,v2,gtm_training/valid_claim/CLM-000827_v2.png
CLM-000828,Valid Claim,test,v1,holdout_test/valid_claim/CLM-000828_v1.png
CLM-000829,Invalid Claim,train,v1,gtm_training/invalid_claim/CLM-000829_v1.png
CLM-000829,Invalid Claim,train,v2,gtm_training/invalid_claim/CLM-000829_v2.png
CLM-000830,Invalid Claim,train,v1,gtm_training/invalid_claim/CLM-000830_v1.png
CLM-000830,Invalid Claim,train,v2,gtm_training/invalid_claim/CLM-000830_v2.png
CLM-000831,Valid Claim,train,v1,gtm_training/valid_claim/CLM-000831_v1.png
CLM-000831,Valid Claim,train,v2,gtm_training/valid_claim/CLM-000831_v2.png
CLM-000832,Invalid Claim,train,v1,gtm_training/invalid_claim/CLM-000832_v1.png
CLM-000832,Invalid Claim,train,v2,gtm_training/invalid_claim/CLM-000832_v2.png
CLM-000833,Invalid Claim,train,v1,gtm_training/invalid_claim/CLM-000833_v1.png
CLM-000833,Invalid Claim,train,v2,gtm_training/invalid_claim/CLM-000833_v2.png
CLM-000834,Valid Claim,train,v1,gtm_training/valid_claim/CLM-000834_v1.png
CLM-000834,Valid Claim,train,v2,gtm_training/valid_claim/CLM-000834_v2.png
CLM-000835,Valid Claim,test,v1,holdout_test/valid_claim/CLM-000835_v1.png
CLM-000836,Invalid Claim,train,v1,gtm_training/invalid_claim/CLM-000836_v1.png
CLM-000836,Invalid Claim,train,v2,gtm_training/invalid_claim/CLM-000836_v2.png
CLM-000837,Valid Claim,train,v1,gtm_training/valid_claim/CLM-000837_v1.png
CLM-000837,Valid Claim,train,v2,gtm_training/valid_claim/CLM-000837_v2.png
CLM-000838,Manual Review,train,v1,gtm_training/manual_review/CLM-000838_v1.png
CLM-000838,Manual Review,train,v2,gtm_training/manual_review/CLM-000838_v2.png
CLM-000839,Invalid Claim,train,v1,gtm_training/invalid_claim/CLM-000839_v1.png
CLM-000839,Invalid Claim,train,v2,gtm_training/invalid_claim/CLM-000839_v2.png
CLM-000840,Manual Review,test,v1,holdout_test/manual_review/CLM-000840_v1.png
CLM-000841,Manual Review,train,v1,gtm_training/manual_review/CLM-000841_v1.png
CLM-000841,Manual Review,train,v2,gtm_training/manual_review/CLM-000841_v2.png
CLM-000842,Invalid Claim,train,v1,gtm_training/invalid_claim/CLM-000842_v1.png
CLM-000842,Invalid Claim,train,v2,gtm_training/invalid_claim/CLM-000842_v2.png
CLM-000843,Invalid Claim,train,v1,gtm_training/invalid_claim/CLM-000843_v1.png
CLM-000843,Invalid Claim,train,v2,gtm_training/invalid_claim/CLM-000843_v2.png
CLM-000844,Manual Review,train,v1,gtm_training/manual_review/CLM-000844_v1.png
CLM-000844,Manual Review,train,v2,gtm_training/manual_review/CLM-000844_v2.png
CLM-000845,Invalid Claim,train,v1,gtm_training/invalid_claim/CLM-000845_v1.png
CLM-000845,Invalid Claim,train,v2,gtm_training/invalid_claim/CLM-000845_v2.png
CLM-000846,Valid Claim,validation,v1,holdout_validation/valid_claim/CLM-000846_v1.png
CLM-000847,Manual Review,validation,v1,holdout_validation/manual_review/CLM-000847_v1.png
CLM-000848,Valid Claim,validation,v1,holdout_validation/valid_claim/CLM-000848_v1.png
CLM-000849,Manual Review,train,v1,gtm_training/manual_review/CLM-000849_v1.png
CLM-000849,Manual Review,train,v2,gtm_training/manual_review/CLM-000849_v2.png
CLM-000850,Valid Claim,train,v1,gtm_training/valid_claim/CLM-000850_v1.png
CLM-000850,Valid Claim,train,v2,gtm_training/valid_claim/CLM-000850_v2.png
CLM-000851,Valid Claim,train,v1,gtm_training/valid_claim/CLM-000851_v1.png
CLM-000851,Valid Claim,train,v2,gtm_training/valid_claim/CLM-000851_v2.png
CLM-000852,Invalid Claim,train,v1,gtm_training/invalid_claim/CLM-000852_v1.png
CLM-000852,Invalid Claim,train,v2,gtm_training/invalid_claim/CLM-000852_v2.png
CLM-000853,Manual Review,test,v1,holdout_test/manual_review/CLM-000853_v1.png
CLM-000854,Invalid Claim,test,v1,holdout_test/invalid_claim/CLM-000854_v1.png
CLM-000855,Invalid Claim,validation,v1,holdout_validation/invalid_claim/CLM-000855_v1.png
CLM-000856,Valid Claim,train,v1,gtm_training/valid_claim/CLM-000856_v1.png
CLM-000856,Valid Claim,train,v2,gtm_training/valid_claim/CLM-000856_v2.png
CLM-000857,Invalid Claim,test,v1,holdout_test/invalid_claim/CLM-000857_v1.png
CLM-000858,Invalid Claim,train,v1,gtm_training/invalid_claim/CLM-000858_v1.png
CLM-000858,Invalid Claim,train,v2,gtm_training/invalid_claim/CLM-000858_v2.png
CLM-000859,Manual Review,train,v1,gtm_training/manual_review/CLM-000859_v1.png
CLM-000859,Manual Review,train,v2,gtm_training/manual_review/CLM-000859_v2.png
CLM-000860,Invalid Claim,train,v1,gtm_training/invalid_claim/CLM-000860_v1.png
CLM-000860,Invalid Claim,train,v2,gtm_training/invalid_claim/CLM-000860_v2.png
CLM-000861,Invalid Claim,validation,v1,holdout_validation/invalid_claim/CLM-000861_v1.png
CLM-000862,Manual Review,train,v1,gtm_training/manual_review/CLM-000862_v1.png
CLM-000862,Manual Review,train,v2,gtm_training/manual_review/CLM-000862_v2.png
CLM-000863,Manual Review,validation,v1,holdout_validation/manual_review/CLM-000863_v1.png
CLM-000864,Valid Claim,train,v1,gtm_training/valid_claim/CLM-000864_v1.png
CLM-000864,Valid Claim,train,v2,gtm_training/valid_claim/CLM-000864_v2.png
CLM-000865,Manual Review,train,v1,gtm_training/manual_review/CLM-000865_v1.png
CLM-000865,Manual Review,train,v2,gtm_training/manual_review/CLM-000865_v2.png
CLM-000866,Manual Review,train,v1,gtm_training/manual_review/CLM-000866_v1.png
CLM-000866,Manual Review,train,v2,gtm_training/manual_review/CLM-000866_v2.png
CLM-000867,Valid Claim,test,v1,holdout_test/valid_claim/CLM-000867_v1.png
CLM-000868,Valid Claim,train,v1,gtm_training/valid_claim/CLM-000868_v1.png
CLM-000868,Valid Claim,train,v2,gtm_training/valid_claim/CLM-000868_v2.png
CLM-000869,Manual Review,train,v1,gtm_training/manual_review/CLM-000869_v1.png
CLM-000869,Manual Review,train,v2,gtm_training/manual_review/CLM-000869_v2.png
CLM-000870,Valid Claim,train,v1,gtm_training/valid_claim/CLM-000870_v1.png
CLM-000870,Valid Claim,train,v2,gtm_training/valid_claim/CLM-000870_v2.png
CLM-000871,Manual Review,train,v1,gtm_training/manual_review/CLM-000871_v1.png
CLM-000871,Manual Review,train,v2,gtm_training/manual_review/CLM-000871_v2.png
CLM-000872,Manual Review,test,v1,holdout_test/manual_review/CLM-000872_v1.png
CLM-000873,Invalid Claim,validation,v1,holdout_validation/invalid_claim/CLM-000873_v1.png
CLM-000874,Valid Claim,validation,v1,holdout_validation/valid_claim/CLM-000874_v1.png
CLM-000875,Valid Claim,test,v1,holdout_test/valid_claim/CLM-000875_v1.png
CLM-000876,Manual Review,train,v1,gtm_training/manual_review/CLM-000876_v1.png
CLM-000876,Manual Review,train,v2,gtm_training/manual_review/CLM-000876_v2.png
CLM-000877,Valid Claim,test,v1,holdout_test/valid_claim/CLM-000877_v1.png
CLM-000878,Invalid Claim,train,v1,gtm_training/invalid_claim/CLM-000878_v1.png
CLM-000878,Invalid Claim,train,v2,gtm_training/invalid_claim/CLM-000878_v2.png
CLM-000879,Invalid Claim,train,v1,gtm_training/invalid_claim/CLM-000879_v1.png
CLM-000879,Invalid Claim,train,v2,gtm_training/invalid_claim/CLM-000879_v2.png
CLM-000880,Valid Claim,train,v1,gtm_training/valid_claim/CLM-000880_v1.png
CLM-000880,Valid Claim,train,v2,gtm_training/valid_claim/CLM-000880_v2.png
CLM-000881,Invalid Claim,train,v1,gtm_training/invalid_claim/CLM-000881_v1.png
CLM-000881,Invalid Claim,train,v2,gtm_training/invalid_claim/CLM-000881_v2.png
CLM-000882,Manual Review,train,v1,gtm_training/manual_review/CLM-000882_v1.png
CLM-000882,Manual Review,train,v2,gtm_training/manual_review/CLM-000882_v2.png
CLM-000883,Valid Claim,train,v1,gtm_training/valid_claim/CLM-000883_v1.png
CLM-000883,Valid Claim,train,v2,gtm_training/valid_claim/CLM-000883_v2.png
CLM-000884,Manual Review,validation,v1,holdout_validation/manual_review/CLM-000884_v1.png
CLM-000885,Manual Review,validation,v1,holdout_validation/manual_review/CLM-000885_v1.png
CLM-000886,Invalid Claim,train,v1,gtm_training/invalid_claim/CLM-000886_v1.png
CLM-000886,Invalid Claim,train,v2,gtm_training/invalid_claim/CLM-000886_v2.png
CLM-000887,Invalid Claim,train,v1,gtm_training/invalid_claim/CLM-000887_v1.png
CLM-000887,Invalid Claim,train,v2,gtm_training/invalid_claim/CLM-000887_v2.png
CLM-000888,Valid Claim,train,v1,gtm_training/valid_claim/CLM-000888_v1.png
CLM-000888,Valid Claim,train,v2,gtm_training/valid_claim/CLM-000888_v2.png
CLM-000889,Valid Claim,train,v1,gtm_training/valid_claim/CLM-000889_v1.png
CLM-000889,Valid Claim,train,v2,gtm_training/valid_claim/CLM-000889_v2.png
CLM-000890,Valid Claim,train,v1,gtm_training/valid_claim/CLM-000890_v1.png
CLM-000890,Valid Claim,train,v2,gtm_training/valid_claim/CLM-000890_v2.png
CLM-000891,Invalid Claim,train,v1,gtm_training/invalid_claim/CLM-000891_v1.png
CLM-000891,Invalid Claim,train,v2,gtm_training/invalid_claim/CLM-000891_v2.png
CLM-000892,Valid Claim,train,v1,gtm_training/valid_claim/CLM-000892_v1.png
CLM-000892,Valid Claim,train,v2,gtm_training/valid_claim/CLM-000892_v2.png
CLM-000893,Manual Review,train,v1,gtm_training/manual_review/CLM-000893_v1.png
CLM-000893,Manual Review,train,v2,gtm_training/manual_review/CLM-000893_v2.png
CLM-000894,Valid Claim,train,v1,gtm_training/valid_claim/CLM-000894_v1.png
CLM-000894,Valid Claim,train,v2,gtm_training/valid_claim/CLM-000894_v2.png
CLM-000895,Valid Claim,validation,v1,holdout_validation/valid_claim/CLM-000895_v1.png
CLM-000896,Manual Review,test,v1,holdout_test/manual_review/CLM-000896_v1.png
CLM-000897,Manual Review,test,v1,holdout_test/manual_review/CLM-000897_v1.png
CLM-000898,Manual Review,train,v1,gtm_training/manual_review/CLM-000898_v1.png
CLM-000898,Manual Review,train,v2,gtm_training/manual_review/CLM-000898_v2.png
CLM-000899,Manual Review,train,v1,gtm_training/manual_review/CLM-000899_v1.png
CLM-000899,Manual Review,train,v2,gtm_training/manual_review/CLM-000899_v2.png
CLM-000900,Invalid Claim,train,v1,gtm_training/invalid_claim/CLM-000900_v1.png
CLM-000900,Invalid Claim,train,v2,gtm_training/invalid_claim/CLM-000900_v2.png
CLM-000901,Manual Review,train,v1,gtm_training/manual_review/CLM-000901_v1.png
CLM-000901,Manual Review,train,v2,gtm_training/manual_review/CLM-000901_v2.png
CLM-000902,Valid Claim,test,v1,holdout_test/valid_claim/CLM-000902_v1.png
CLM-000903,Valid Claim,train,v1,gtm_training/valid_claim/CLM-000903_v1.png
CLM-000903,Valid Claim,train,v2,gtm_training/valid_claim/CLM-000903_v2.png
CLM-000904,Valid Claim,train,v1,gtm_training/valid_claim/CLM-000904_v1.png
CLM-000904,Valid Claim,train,v2,gtm_training/valid_claim/CLM-000904_v2.png
CLM-000905,Invalid Claim,train,v1,gtm_training/invalid_claim/CLM-000905_v1.png
CLM-000905,Invalid Claim,train,v2,gtm_training/invalid_claim/CLM-000905_v2.png
CLM-000906,Valid Claim,train,v1,gtm_training/valid_claim/CLM-000906_v1.png
CLM-000906,Valid Claim,train,v2,gtm_training/valid_claim/CLM-000906_v2.png
CLM-000907,Invalid Claim,test,v1,holdout_test/invalid_claim/CLM-000907_v1.png
CLM-000908,Invalid Claim,train,v1,gtm_training/invalid_claim/CLM-000908_v1.png
CLM-000908,Invalid Claim,train,v2,gtm_training/invalid_claim/CLM-000908_v2.png
CLM-000909,Invalid Claim,train,v1,gtm_training/invalid_claim/CLM-000909_v1.png
CLM-000909,Invalid Claim,train,v2,gtm_training/invalid_claim/CLM-000909_v2.png
CLM-000910,Invalid Claim,test,v1,holdout_test/invalid_claim/CLM-000910_v1.png
CLM-000911,Invalid Claim,test,v1,holdout_test/invalid_claim/CLM-000911_v1.png
CLM-000912,Invalid Claim,train,v1,gtm_training/invalid_claim/CLM-000912_v1.png
CLM-000912,Invalid Claim,train,v2,gtm_training/invalid_claim/CLM-000912_v2.png
CLM-000913,Manual Review,train,v1,gtm_training/manual_review/CLM-000913_v1.png
CLM-000913,Manual Review,train,v2,gtm_training/manual_review/CLM-000913_v2.png
CLM-000914,Manual Review,train,v1,gtm_training/manual_review/CLM-000914_v1.png
CLM-000914,Manual Review,train,v2,gtm_training/manual_review/CLM-000914_v2.png
CLM-000915,Manual Review,test,v1,holdout_test/manual_review/CLM-000915_v1.png
CLM-000916,Valid Claim,train,v1,gtm_training/valid_claim/CLM-000916_v1.png
CLM-000916,Valid Claim,train,v2,gtm_training/valid_claim/CLM-000916_v2.png
CLM-000917,Manual Review,test,v1,holdout_test/manual_review/CLM-000917_v1.png
CLM-000918,Manual Review,train,v1,gtm_training/manual_review/CLM-000918_v1.png
CLM-000918,Manual Review,train,v2,gtm_training/manual_review/CLM-000918_v2.png
CLM-000919,Valid Claim,test,v1,holdout_test/valid_claim/CLM-000919_v1.png
CLM-000920,Invalid Claim,train,v1,gtm_training/invalid_claim/CLM-000920_v1.png
CLM-000920,Invalid Claim,train,v2,gtm_training/invalid_claim/CLM-000920_v2.png
CLM-000921,Valid Claim,train,v1,gtm_training/valid_claim/CLM-000921_v1.png
CLM-000921,Valid Claim,train,v2,gtm_training/valid_claim/CLM-000921_v2.png
CLM-000922,Invalid Claim,train,v1,gtm_training/invalid_claim/CLM-000922_v1.png
CLM-000922,Invalid Claim,train,v2,gtm_training/invalid_claim/CLM-000922_v2.png
CLM-000923,Invalid Claim,test,v1,holdout_test/invalid_claim/CLM-000923_v1.png
CLM-000924,Manual Review,validation,v1,holdout_validation/manual_review/CLM-000924_v1.png
CLM-000925,Invalid Claim,test,v1,holdout_test/invalid_claim/CLM-000925_v1.png
CLM-000926,Manual Review,train,v1,gtm_training/manual_review/CLM-000926_v1.png
CLM-000926,Manual Review,train,v2,gtm_training/manual_review/CLM-000926_v2.png
CLM-000927,Valid Claim,validation,v1,holdout_validation/valid_claim/CLM-000927_v1.png
CLM-000928,Valid Claim,validation,v1,holdout_validation/valid_claim/CLM-000928_v1.png
CLM-000929,Manual Review,train,v1,gtm_training/manual_review/CLM-000929_v1.png
CLM-000929,Manual Review,train,v2,gtm_training/manual_review/CLM-000929_v2.png
CLM-000930,Valid Claim,train,v1,gtm_training/valid_claim/CLM-000930_v1.png
CLM-000930,Valid Claim,train,v2,gtm_training/valid_claim/CLM-000930_v2.png
CLM-000931,Invalid Claim,train,v1,gtm_training/invalid_claim/CLM-000931_v1.png
CLM-000931,Invalid Claim,train,v2,gtm_training/invalid_claim/CLM-000931_v2.png
CLM-000932,Invalid Claim,train,v1,gtm_training/invalid_claim/CLM-000932_v1.png
CLM-000932,Invalid Claim,train,v2,gtm_training/invalid_claim/CLM-000932_v2.png
CLM-000933,Manual Review,train,v1,gtm_training/manual_review/CLM-000933_v1.png
CLM-000933,Manual Review,train,v2,gtm_training/manual_review/CLM-000933_v2.png
CLM-000934,Valid Claim,test,v1,holdout_test/valid_claim/CLM-000934_v1.png
CLM-000935,Valid Claim,train,v1,gtm_training/valid_claim/CLM-000935_v1.png
CLM-000935,Valid Claim,train,v2,gtm_training/valid_claim/CLM-000935_v2.png
CLM-000936,Invalid Claim,train,v1,gtm_training/invalid_claim/CLM-000936_v1.png
CLM-000936,Invalid Claim,train,v2,gtm_training/invalid_claim/CLM-000936_v2.png
CLM-000937,Valid Claim,validation,v1,holdout_validation/valid_claim/CLM-000937_v1.png
CLM-000938,Manual Review,train,v1,gtm_training/manual_review/CLM-000938_v1.png
CLM-000938,Manual Review,train,v2,gtm_training/manual_review/CLM-000938_v2.png
CLM-000939,Valid Claim,train,v1,gtm_training/valid_claim/CLM-000939_v1.png
CLM-000939,Valid Claim,train,v2,gtm_training/valid_claim/CLM-000939_v2.png
CLM-000940,Invalid Claim,test,v1,holdout_test/invalid_claim/CLM-000940_v1.png
CLM-000941,Invalid Claim,train,v1,gtm_training/invalid_claim/CLM-000941_v1.png
CLM-000941,Invalid Claim,train,v2,gtm_training/invalid_claim/CLM-000941_v2.png
CLM-000942,Valid Claim,test,v1,holdout_test/valid_claim/CLM-000942_v1.png
CLM-000943,Manual Review,test,v1,holdout_test/manual_review/CLM-000943_v1.png
CLM-000944,Manual Review,train,v1,gtm_training/manual_review/CLM-000944_v1.png
CLM-000944,Manual Review,train,v2,gtm_training/manual_review/CLM-000944_v2.png
CLM-000945,Valid Claim,train,v1,gtm_training/valid_claim/CLM-000945_v1.png
CLM-000945,Valid Claim,train,v2,gtm_training/valid_claim/CLM-000945_v2.png
CLM-000946,Manual Review,train,v1,gtm_training/manual_review/CLM-000946_v1.png
CLM-000946,Manual Review,train,v2,gtm_training/manual_review/CLM-000946_v2.png
CLM-000947,Manual Review,train,v1,gtm_training/manual_review/CLM-000947_v1.png
CLM-000947,Manual Review,train,v2,gtm_training/manual_review/CLM-000947_v2.png
CLM-000948,Invalid Claim,test,v1,holdout_test/invalid_claim/CLM-000948_v1.png
CLM-000949,Manual Review,train,v1,gtm_training/manual_review/CLM-000949_v1.png
CLM-000949,Manual Review,train,v2,gtm_training/manual_review/CLM-000949_v2.png
CLM-000950,Invalid Claim,train,v1,gtm_training/invalid_claim/CLM-000950_v1.png
CLM-000950,Invalid Claim,train,v2,gtm_training/invalid_claim/CLM-000950_v2.png
CLM-000951,Manual Review,test,v1,holdout_test/manual_review/CLM-000951_v1.png
CLM-000952,Invalid Claim,train,v1,gtm_training/invalid_claim/CLM-000952_v1.png
CLM-000952,Invalid Claim,train,v2,gtm_training/invalid_claim/CLM-000952_v2.png
CLM-000953,Manual Review,train,v1,gtm_training/manual_review/CLM-000953_v1.png
CLM-000953,Manual Review,train,v2,gtm_training/manual_review/CLM-000953_v2.png
CLM-000954,Manual Review,train,v1,gtm_training/manual_review/CLM-000954_v1.png
CLM-000954,Manual Review,train,v2,gtm_training/manual_review/CLM-000954_v2.png
CLM-000955,Manual Review,train,v1,gtm_training/manual_review/CLM-000955_v1.png
CLM-000955,Manual Review,train,v2,gtm_training/manual_review/CLM-000955_v2.png
CLM-000956,Invalid Claim,test,v1,holdout_test/invalid_claim/CLM-000956_v1.png
CLM-000957,Valid Claim,train,v1,gtm_training/valid_claim/CLM-000957_v1.png
CLM-000957,Valid Claim,train,v2,gtm_training/valid_claim/CLM-000957_v2.png
CLM-000958,Invalid Claim,train,v1,gtm_training/invalid_claim/CLM-000958_v1.png
CLM-000958,Invalid Claim,train,v2,gtm_training/invalid_claim/CLM-000958_v2.png
CLM-000959,Valid Claim,validation,v1,holdout_validation/valid_claim/CLM-000959_v1.png
CLM-000960,Invalid Claim,validation,v1,holdout_validation/invalid_claim/CLM-000960_v1.png
CLM-000961,Valid Claim,train,v1,gtm_training/valid_claim/CLM-000961_v1.png
CLM-000961,Valid Claim,train,v2,gtm_training/valid_claim/CLM-000961_v2.png
CLM-000962,Invalid Claim,train,v1,gtm_training/invalid_claim/CLM-000962_v1.png
CLM-000962,Invalid Claim,train,v2,gtm_training/invalid_claim/CLM-000962_v2.png
CLM-000963,Invalid Claim,train,v1,gtm_training/invalid_claim/CLM-000963_v1.png
CLM-000963,Invalid Claim,train,v2,gtm_training/invalid_claim/CLM-000963_v2.png
CLM-000964,Invalid Claim,train,v1,gtm_training/invalid_claim/CLM-000964_v1.png
CLM-000964,Invalid Claim,train,v2,gtm_training/invalid_claim/CLM-000964_v2.png
CLM-000965,Invalid Claim,train,v1,gtm_training/invalid_claim/CLM-000965_v1.png
CLM-000965,Invalid Claim,train,v2,gtm_training/invalid_claim/CLM-000965_v2.png
CLM-000966,Manual Review,validation,v1,holdout_validation/manual_review/CLM-000966_v1.png
CLM-000967,Manual Review,train,v1,gtm_training/manual_review/CLM-000967_v1.png
CLM-000967,Manual Review,train,v2,gtm_training/manual_review/CLM-000967_v2.png
CLM-000968,Manual Review,test,v1,holdout_test/manual_review/CLM-000968_v1.png
CLM-000969,Valid Claim,validation,v1,holdout_validation/valid_claim/CLM-000969_v1.png
CLM-000970,Valid Claim,train,v1,gtm_training/valid_claim/CLM-000970_v1.png
CLM-000970,Valid Claim,train,v2,gtm_training/valid_claim/CLM-000970_v2.png
CLM-000971,Valid Claim,train,v1,gtm_training/valid_claim/CLM-000971_v1.png
CLM-000971,Valid Claim,train,v2,gtm_training/valid_claim/CLM-000971_v2.png
CLM-000972,Valid Claim,train,v1,gtm_training/valid_claim/CLM-000972_v1.png
CLM-000972,Valid Claim,train,v2,gtm_training/valid_claim/CLM-000972_v2.png
CLM-000973,Invalid Claim,train,v1,gtm_training/invalid_claim/CLM-000973_v1.png
CLM-000973,Invalid Claim,train,v2,gtm_training/invalid_claim/CLM-000973_v2.png
CLM-000974,Valid Claim,train,v1,gtm_training/valid_claim/CLM-000974_v1.png
CLM-000974,Valid Claim,train,v2,gtm_training/valid_claim/CLM-000974_v2.png
CLM-000975,Invalid Claim,train,v1,gtm_training/invalid_claim/CLM-000975_v1.png
CLM-000975,Invalid Claim,train,v2,gtm_training/invalid_claim/CLM-000975_v2.png
CLM-000976,Valid Claim,train,v1,gtm_training/valid_claim/CLM-000976_v1.png
CLM-000976,Valid Claim,train,v2,gtm_training/valid_claim/CLM-000976_v2.png
CLM-000977,Manual Review,train,v1,gtm_training/manual_review/CLM-000977_v1.png
CLM-000977,Manual Review,train,v2,gtm_training/manual_review/CLM-000977_v2.png
CLM-000978,Invalid Claim,validation,v1,holdout_validation/invalid_claim/CLM-000978_v1.png
CLM-000979,Manual Review,validation,v1,holdout_validation/manual_review/CLM-000979_v1.png
CLM-000980,Manual Review,train,v1,gtm_training/manual_review/CLM-000980_v1.png
CLM-000980,Manual Review,train,v2,gtm_training/manual_review/CLM-000980_v2.png
CLM-000981,Manual Review,validation,v1,holdout_validation/manual_review/CLM-000981_v1.png
CLM-000982,Manual Review,test,v1,holdout_test/manual_review/CLM-000982_v1.png
CLM-000983,Valid Claim,train,v1,gtm_training/valid_claim/CLM-000983_v1.png
CLM-000983,Valid Claim,train,v2,gtm_training/valid_claim/CLM-000983_v2.png
CLM-000984,Manual Review,train,v1,gtm_training/manual_review/CLM-000984_v1.png
CLM-000984,Manual Review,train,v2,gtm_training/manual_review/CLM-000984_v2.png
CLM-000985,Valid Claim,train,v1,gtm_training/valid_claim/CLM-000985_v1.png
CLM-000985,Valid Claim,train,v2,gtm_training/valid_claim/CLM-000985_v2.png
CLM-000986,Valid Claim,train,v1,gtm_training/valid_claim/CLM-000986_v1.png
CLM-000986,Valid Claim,train,v2,gtm_training/valid_claim/CLM-000986_v2.png
CLM-000987,Valid Claim,train,v1,gtm_training/valid_claim/CLM-000987_v1.png
CLM-000987,Valid Claim,train,v2,gtm_training/valid_claim/CLM-000987_v2.png
CLM-000988,Invalid Claim,train,v1,gtm_training/invalid_claim/CLM-000988_v1.png
CLM-000988,Invalid Claim,train,v2,gtm_training/invalid_claim/CLM-000988_v2.png
CLM-000989,Valid Claim,train,v1,gtm_training/valid_claim/CLM-000989_v1.png
CLM-000989,Valid Claim,train,v2,gtm_training/valid_claim/CLM-000989_v2.png
CLM-000990,Invalid Claim,validation,v1,holdout_validation/invalid_claim/CLM-000990_v1.png
CLM-000991,Invalid Claim,train,v1,gtm_training/invalid_claim/CLM-000991_v1.png
CLM-000991,Invalid Claim,train,v2,gtm_training/invalid_claim/CLM-000991_v2.png
CLM-000992,Valid Claim,test,v1,holdout_test/valid_claim/CLM-000992_v1.png
CLM-000993,Valid Claim,train,v1,gtm_training/valid_claim/CLM-000993_v1.png
CLM-000993,Valid Claim,train,v2,gtm_training/valid_claim/CLM-000993_v2.png
CLM-000994,Manual Review,train,v1,gtm_training/manual_review/CLM-000994_v1.png
CLM-000994,Manual Review,train,v2,gtm_training/manual_review/CLM-000994_v2.png
CLM-000995,Manual Review,validation,v1,holdout_validation/manual_review/CLM-000995_v1.png
CLM-000996,Valid Claim,validation,v1,holdout_validation/valid_claim/CLM-000996_v1.png
CLM-000997,Manual Review,train,v1,gtm_training/manual_review/CLM-000997_v1.png
CLM-000997,Manual Review,train,v2,gtm_training/manual_review/CLM-000997_v2.png
CLM-000998,Manual Review,train,v1,gtm_training/manual_review/CLM-000998_v1.png
CLM-000998,Manual Review,train,v2,gtm_training/manual_review/CLM-000998_v2.png
CLM-000999,Manual Review,validation,v1,holdout_validation/manual_review/CLM-000999_v1.png
CLM-001000,Valid Claim,train,v1,gtm_training/valid_claim/CLM-001000_v1.png
CLM-001000,Valid Claim,train,v2,gtm_training/valid_claim/CLM-001000_v2.png
CLM-001001,Valid Claim,test,v1,holdout_test/valid_claim/CLM-001001_v1.png
CLM-001002,Valid Claim,test,v1,holdout_test/valid_claim/CLM-001002_v1.png
CLM-001003,Invalid Claim,validation,v1,holdout_validation/invalid_claim/CLM-001003_v1.png
CLM-001004,Invalid Claim,train,v1,gtm_training/invalid_claim/CLM-001004_v1.png
CLM-001004,Invalid Claim,train,v2,gtm_training/invalid_claim/CLM-001004_v2.png
CLM-001005,Valid Claim,test,v1,holdout_test/valid_claim/CLM-001005_v1.png
CLM-001006,Manual Review,train,v1,gtm_training/manual_review/CLM-001006_v1.png
CLM-001006,Manual Review,train,v2,gtm_training/manual_review/CLM-001006_v2.png
CLM-001007,Valid Claim,train,v1,gtm_training/valid_claim/CLM-001007_v1.png
CLM-001007,Valid Claim,train,v2,gtm_training/valid_claim/CLM-001007_v2.png
CLM-001008,Manual Review,train,v1,gtm_training/manual_review/CLM-001008_v1.png
CLM-001008,Manual Review,train,v2,gtm_training/manual_review/CLM-001008_v2.png
CLM-001009,Valid Claim,test,v1,holdout_test/valid_claim/CLM-001009_v1.png
CLM-001010,Manual Review,train,v1,gtm_training/manual_review/CLM-001010_v1.png
CLM-001010,Manual Review,train,v2,gtm_training/manual_review/CLM-001010_v2.png
CLM-001011,Manual Review,train,v1,gtm_training/manual_review/CLM-001011_v1.png
CLM-001011,Manual Review,train,v2,gtm_training/manual_review/CLM-001011_v2.png
CLM-001012,Manual Review,validation,v1,holdout_validation/manual_review/CLM-001012_v1.png
CLM-001013,Invalid Claim,train,v1,gtm_training/invalid_claim/CLM-001013_v1.png
CLM-001013,Invalid Claim,train,v2,gtm_training/invalid_claim/CLM-001013_v2.png
CLM-001014,Invalid Claim,test,v1,holdout_test/invalid_claim/CLM-001014_v1.png
CLM-001015,Valid Claim,validation,v1,holdout_validation/valid_claim/CLM-001015_v1.png
CLM-001016,Valid Claim,validation,v1,holdout_validation/valid_claim/CLM-001016_v1.png
CLM-001017,Valid Claim,test,v1,holdout_test/valid_claim/CLM-001017_v1.png
CLM-001018,Manual Review,train,v1,gtm_training/manual_review/CLM-001018_v1.png
CLM-001018,Manual Review,train,v2,gtm_training/manual_review/CLM-001018_v2.png
CLM-001019,Invalid Claim,train,v1,gtm_training/invalid_claim/CLM-001019_v1.png
CLM-001019,Invalid Claim,train,v2,gtm_training/invalid_claim/CLM-001019_v2.png
CLM-001020,Manual Review,train,v1,gtm_training/manual_review/CLM-001020_v1.png
CLM-001020,Manual Review,train,v2,gtm_training/manual_review/CLM-001020_v2.png
CLM-001021,Valid Claim,train,v1,gtm_training/valid_claim/CLM-001021_v1.png
CLM-001021,Valid Claim,train,v2,gtm_training/valid_claim/CLM-001021_v2.png
CLM-001022,Valid Claim,train,v1,gtm_training/valid_claim/CLM-001022_v1.png
CLM-001022,Valid Claim,train,v2,gtm_training/valid_claim/CLM-001022_v2.png
CLM-001023,Valid Claim,train,v1,gtm_training/valid_claim/CLM-001023_v1.png
CLM-001023,Valid Claim,train,v2,gtm_training/valid_claim/CLM-001023_v2.png
CLM-001024,Manual Review,test,v1,holdout_test/manual_review/CLM-001024_v1.png
CLM-001025,Manual Review,train,v1,gtm_training/manual_review/CLM-001025_v1.png
CLM-001025,Manual Review,train,v2,gtm_training/manual_review/CLM-001025_v2.png
CLM-001026,Invalid Claim,train,v1,gtm_training/invalid_claim/CLM-001026_v1.png
CLM-001026,Invalid Claim,train,v2,gtm_training/invalid_claim/CLM-001026_v2.png
CLM-001027,Valid Claim,train,v1,gtm_training/valid_claim/CLM-001027_v1.png
CLM-001027,Valid Claim,train,v2,gtm_training/valid_claim/CLM-001027_v2.png
CLM-001028,Valid Claim,test,v1,holdout_test/valid_claim/CLM-001028_v1.png
CLM-001029,Invalid Claim,train,v1,gtm_training/invalid_claim/CLM-001029_v1.png
CLM-001029,Invalid Claim,train,v2,gtm_training/invalid_claim/CLM-001029_v2.png
CLM-001030,Valid Claim,validation,v1,holdout_validation/valid_claim/CLM-001030_v1.png
CLM-001031,Valid Claim,train,v1,gtm_training/valid_claim/CLM-001031_v1.png
CLM-001031,Valid Claim,train,v2,gtm_training/valid_claim/CLM-001031_v2.png
CLM-001032,Invalid Claim,train,v1,gtm_training/invalid_claim/CLM-001032_v1.png
CLM-001032,Invalid Claim,train,v2,gtm_training/invalid_claim/CLM-001032_v2.png
CLM-001033,Manual Review,train,v1,gtm_training/manual_review/CLM-001033_v1.png
CLM-001033,Manual Review,train,v2,gtm_training/manual_review/CLM-001033_v2.png
CLM-001034,Manual Review,validation,v1,holdout_validation/manual_review/CLM-001034_v1.png
CLM-001035,Manual Review,validation,v1,holdout_validation/manual_review/CLM-001035_v1.png
CLM-001036,Invalid Claim,train,v1,gtm_training/invalid_claim/CLM-001036_v1.png
CLM-001036,Invalid Claim,train,v2,gtm_training/invalid_claim/CLM-001036_v2.png
CLM-001037,Invalid Claim,test,v1,holdout_test/invalid_claim/CLM-001037_v1.png
CLM-001038,Valid Claim,train,v1,gtm_training/valid_claim/CLM-001038_v1.png
CLM-001038,Valid Claim,train,v2,gtm_training/valid_claim/CLM-001038_v2.png
CLM-001039,Valid Claim,train,v1,gtm_training/valid_claim/CLM-001039_v1.png
CLM-001039,Valid Claim,train,v2,gtm_training/valid_claim/CLM-001039_v2.png
CLM-001040,Valid Claim,test,v1,holdout_test/valid_claim/CLM-001040_v1.png
CLM-001041,Invalid Claim,train,v1,gtm_training/invalid_claim/CLM-001041_v1.png
CLM-001041,Invalid Claim,train,v2,gtm_training/invalid_claim/CLM-001041_v2.png
CLM-001042,Invalid Claim,test,v1,holdout_test/invalid_claim/CLM-001042_v1.png
CLM-001043,Invalid Claim,train,v1,gtm_training/invalid_claim/CLM-001043_v1.png
CLM-001043,Invalid Claim,train,v2,gtm_training/invalid_claim/CLM-001043_v2.png
CLM-001044,Invalid Claim,train,v1,gtm_training/invalid_claim/CLM-001044_v1.png
CLM-001044,Invalid Claim,train,v2,gtm_training/invalid_claim/CLM-001044_v2.png
CLM-001045,Invalid Claim,validation,v1,holdout_validation/invalid_claim/CLM-001045_v1.png
CLM-001046,Manual Review,train,v1,gtm_training/manual_review/CLM-001046_v1.png
CLM-001046,Manual Review,train,v2,gtm_training/manual_review/CLM-001046_v2.png
CLM-001047,Valid Claim,train,v1,gtm_training/valid_claim/CLM-001047_v1.png
CLM-001047,Valid Claim,train,v2,gtm_training/valid_claim/CLM-001047_v2.png
CLM-001048,Invalid Claim,train,v1,gtm_training/invalid_claim/CLM-001048_v1.png
CLM-001048,Invalid Claim,train,v2,gtm_training/invalid_claim/CLM-001048_v2.png
CLM-001049,Manual Review,validation,v1,holdout_validation/manual_review/CLM-001049_v1.png
CLM-001050,Manual Review,train,v1,gtm_training/manual_review/CLM-001050_v1.png
CLM-001050,Manual Review,train,v2,gtm_training/manual_review/CLM-001050_v2.png
CLM-001051,Manual Review,train,v1,gtm_training/manual_review/CLM-001051_v1.png
CLM-001051,Manual Review,train,v2,gtm_training/manual_review/CLM-001051_v2.png
CLM-001052,Valid Claim,train,v1,gtm_training/valid_claim/CLM-001052_v1.png
CLM-001052,Valid Claim,train,v2,gtm_training/valid_claim/CLM-001052_v2.png
CLM-001053,Invalid Claim,train,v1,gtm_training/invalid_claim/CLM-001053_v1.png
CLM-001053,Invalid Claim,train,v2,gtm_training/invalid_claim/CLM-001053_v2.png
CLM-001054,Manual Review,train,v1,gtm_training/manual_review/CLM-001054_v1.png
CLM-001054,Manual Review,train,v2,gtm_training/manual_review/CLM-001054_v2.png
CLM-001055,Valid Claim,train,v1,gtm_training/valid_claim/CLM-001055_v1.png
CLM-001055,Valid Claim,train,v2,gtm_training/valid_claim/CLM-001055_v2.png
CLM-001056,Invalid Claim,validation,v1,holdout_validation/invalid_claim/CLM-001056_v1.png
CLM-001057,Invalid Claim,train,v1,gtm_training/invalid_claim/CLM-001057_v1.png
CLM-001057,Invalid Claim,train,v2,gtm_training/invalid_claim/CLM-001057_v2.png
CLM-001058,Manual Review,train,v1,gtm_training/manual_review/CLM-001058_v1.png
CLM-001058,Manual Review,train,v2,gtm_training/manual_review/CLM-001058_v2.png
CLM-001059,Manual Review,test,v1,holdout_test/manual_review/CLM-001059_v1.png
CLM-001060,Invalid Claim,train,v1,gtm_training/invalid_claim/CLM-001060_v1.png
CLM-001060,Invalid Claim,train,v2,gtm_training/invalid_claim/CLM-001060_v2.png
CLM-001061,Valid Claim,train,v1,gtm_training/valid_claim/CLM-001061_v1.png
CLM-001061,Valid Claim,train,v2,gtm_training/valid_claim/CLM-001061_v2.png
CLM-001062,Invalid Claim,train,v1,gtm_training/invalid_claim/CLM-001062_v1.png
CLM-001062,Invalid Claim,train,v2,gtm_training/invalid_claim/CLM-001062_v2.png
CLM-001063,Manual Review,train,v1,gtm_training/manual_review/CLM-001063_v1.png
CLM-001063,Manual Review,train,v2,gtm_training/manual_review/CLM-001063_v2.png
CLM-001064,Valid Claim,train,v1,gtm_training/valid_claim/CLM-001064_v1.png
CLM-001064,Valid Claim,train,v2,gtm_training/valid_claim/CLM-001064_v2.png
CLM-001065,Manual Review,test,v1,holdout_test/manual_review/CLM-001065_v1.png
CLM-001066,Valid Claim,test,v1,holdout_test/valid_claim/CLM-001066_v1.png
CLM-001067,Manual Review,validation,v1,holdout_validation/manual_review/CLM-001067_v1.png
CLM-001068,Manual Review,train,v1,gtm_training/manual_review/CLM-001068_v1.png
CLM-001068,Manual Review,train,v2,gtm_training/manual_review/CLM-001068_v2.png
CLM-001069,Invalid Claim,validation,v1,holdout_validation/invalid_claim/CLM-001069_v1.png
CLM-001070,Valid Claim,train,v1,gtm_training/valid_claim/CLM-001070_v1.png
CLM-001070,Valid Claim,train,v2,gtm_training/valid_claim/CLM-001070_v2.png
CLM-001071,Valid Claim,train,v1,gtm_training/valid_claim/CLM-001071_v1.png
CLM-001071,Valid Claim,train,v2,gtm_training/valid_claim/CLM-001071_v2.png
CLM-001072,Invalid Claim,test,v1,holdout_test/invalid_claim/CLM-001072_v1.png
CLM-001073,Manual Review,train,v1,gtm_training/manual_review/CLM-001073_v1.png
CLM-001073,Manual Review,train,v2,gtm_training/manual_review/CLM-001073_v2.png
CLM-001074,Invalid Claim,test,v1,holdout_test/invalid_claim/CLM-001074_v1.png
CLM-001075,Valid Claim,train,v1,gtm_training/valid_claim/CLM-001075_v1.png
CLM-001075,Valid Claim,train,v2,gtm_training/valid_claim/CLM-001075_v2.png
CLM-001076,Manual Review,train,v1,gtm_training/manual_review/CLM-001076_v1.png
CLM-001076,Manual Review,train,v2,gtm_training/manual_review/CLM-001076_v2.png
CLM-001077,Manual Review,train,v1,gtm_training/manual_review/CLM-001077_v1.png
CLM-001077,Manual Review,train,v2,gtm_training/manual_review/CLM-001077_v2.png
CLM-001078,Invalid Claim,train,v1,gtm_training/invalid_claim/CLM-001078_v1.png
CLM-001078,Invalid Claim,train,v2,gtm_training/invalid_claim/CLM-001078_v2.png
CLM-001079,Manual Review,train,v1,gtm_training/manual_review/CLM-001079_v1.png
CLM-001079,Manual Review,train,v2,gtm_training/manual_review/CLM-001079_v2.png
CLM-001080,Manual Review,test,v1,holdout_test/manual_review/CLM-001080_v1.png
CLM-001081,Manual Review,validation,v1,holdout_validation/manual_review/CLM-001081_v1.png
CLM-001082,Valid Claim,train,v1,gtm_training/valid_claim/CLM-001082_v1.png
CLM-001082,Valid Claim,train,v2,gtm_training/valid_claim/CLM-001082_v2.png
CLM-001083,Invalid Claim,train,v1,gtm_training/invalid_claim/CLM-001083_v1.png
CLM-001083,Invalid Claim,train,v2,gtm_training/invalid_claim/CLM-001083_v2.png
CLM-001084,Invalid Claim,train,v1,gtm_training/invalid_claim/CLM-001084_v1.png
CLM-001084,Invalid Claim,train,v2,gtm_training/invalid_claim/CLM-001084_v2.png
CLM-001085,Invalid Claim,train,v1,gtm_training/invalid_claim/CLM-001085_v1.png
CLM-001085,Invalid Claim,train,v2,gtm_training/invalid_claim/CLM-001085_v2.png
CLM-001086,Invalid Claim,train,v1,gtm_training/invalid_claim/CLM-001086_v1.png
CLM-001086,Invalid Claim,train,v2,gtm_training/invalid_claim/CLM-001086_v2.png
CLM-001087,Invalid Claim,train,v1,gtm_training/invalid_claim/CLM-001087_v1.png
CLM-001087,Invalid Claim,train,v2,gtm_training/invalid_claim/CLM-001087_v2.png
CLM-001088,Invalid Claim,test,v1,holdout_test/invalid_claim/CLM-001088_v1.png
CLM-001089,Manual Review,train,v1,gtm_training/manual_review/CLM-001089_v1.png
CLM-001089,Manual Review,train,v2,gtm_training/manual_review/CLM-001089_v2.png
CLM-001090,Manual Review,train,v1,gtm_training/manual_review/CLM-001090_v1.png
CLM-001090,Manual Review,train,v2,gtm_training/manual_review/CLM-001090_v2.png
CLM-001091,Invalid Claim,train,v1,gtm_training/invalid_claim/CLM-001091_v1.png
CLM-001091,Invalid Claim,train,v2,gtm_training/invalid_claim/CLM-001091_v2.png
CLM-001092,Manual Review,train,v1,gtm_training/manual_review/CLM-001092_v1.png
CLM-001092,Manual Review,train,v2,gtm_training/manual_review/CLM-001092_v2.png
CLM-001093,Valid Claim,validation,v1,holdout_validation/valid_claim/CLM-001093_v1.png
CLM-001094,Manual Review,train,v1,gtm_training/manual_review/CLM-001094_v1.png
CLM-001094,Manual Review,train,v2,gtm_training/manual_review/CLM-001094_v2.png
CLM-001095,Invalid Claim,train,v1,gtm_training/invalid_claim/CLM-001095_v1.png
CLM-001095,Invalid Claim,train,v2,gtm_training/invalid_claim/CLM-001095_v2.png
CLM-001096,Invalid Claim,validation,v1,holdout_validation/invalid_claim/CLM-001096_v1.png
CLM-001097,Invalid Claim,train,v1,gtm_training/invalid_claim/CLM-001097_v1.png
CLM-001097,Invalid Claim,train,v2,gtm_training/invalid_claim/CLM-001097_v2.png
CLM-001098,Invalid Claim,validation,v1,holdout_validation/invalid_claim/CLM-001098_v1.png
CLM-001099,Valid Claim,test,v1,holdout_test/valid_claim/CLM-001099_v1.png
CLM-001100,Manual Review,train,v1,gtm_training/manual_review/CLM-001100_v1.png
CLM-001100,Manual Review,train,v2,gtm_training/manual_review/CLM-001100_v2.png
CLM-001101,Invalid Claim,test,v1,holdout_test/invalid_claim/CLM-001101_v1.png
CLM-001102,Valid Claim,validation,v1,holdout_validation/valid_claim/CLM-001102_v1.png
CLM-001103,Manual Review,test,v1,holdout_test/manual_review/CLM-001103_v1.png
CLM-001104,Invalid Claim,train,v1,gtm_training/invalid_claim/CLM-001104_v1.png
CLM-001104,Invalid Claim,train,v2,gtm_training/invalid_claim/CLM-001104_v2.png
CLM-001105,Manual Review,train,v1,gtm_training/manual_review/CLM-001105_v1.png
CLM-001105,Manual Review,train,v2,gtm_training/manual_review/CLM-001105_v2.png
CLM-001106,Invalid Claim,train,v1,gtm_training/invalid_claim/CLM-001106_v1.png
CLM-001106,Invalid Claim,train,v2,gtm_training/invalid_claim/CLM-001106_v2.png
CLM-001107,Invalid Claim,train,v1,gtm_training/invalid_claim/CLM-001107_v1.png
CLM-001107,Invalid Claim,train,v2,gtm_training/invalid_claim/CLM-001107_v2.png
CLM-001108,Valid Claim,train,v1,gtm_training/valid_claim/CLM-001108_v1.png
CLM-001108,Valid Claim,train,v2,gtm_training/valid_claim/CLM-001108_v2.png
CLM-001109,Invalid Claim,train,v1,gtm_training/invalid_claim/CLM-001109_v1.png
CLM-001109,Invalid Claim,train,v2,gtm_training/invalid_claim/CLM-001109_v2.png
CLM-001110,Invalid Claim,validation,v1,holdout_validation/invalid_claim/CLM-001110_v1.png
CLM-001111,Valid Claim,train,v1,gtm_training/valid_claim/CLM-001111_v1.png
CLM-001111,Valid Claim,train,v2,gtm_training/valid_claim/CLM-001111_v2.png
CLM-001112,Invalid Claim,train,v1,gtm_training/invalid_claim/CLM-001112_v1.png
CLM-001112,Invalid Claim,train,v2,gtm_training/invalid_claim/CLM-001112_v2.png
CLM-001113,Invalid Claim,train,v1,gtm_training/invalid_claim/CLM-001113_v1.png
CLM-001113,Invalid Claim,train,v2,gtm_training/invalid_claim/CLM-001113_v2.png
CLM-001114,Invalid Claim,train,v1,gtm_training/invalid_claim/CLM-001114_v1.png
CLM-001114,Invalid Claim,train,v2,gtm_training/invalid_claim/CLM-001114_v2.png
CLM-001115,Manual Review,train,v1,gtm_training/manual_review/CLM-001115_v1.png
CLM-001115,Manual Review,train,v2,gtm_training/manual_review/CLM-001115_v2.png
CLM-001116,Invalid Claim,train,v1,gtm_training/invalid_claim/CLM-001116_v1.png
CLM-001116,Invalid Claim,train,v2,gtm_training/invalid_claim/CLM-001116_v2.png
CLM-001117,Manual Review,validation,v1,holdout_validation/manual_review/CLM-001117_v1.png
CLM-001118,Invalid Claim,train,v1,gtm_training/invalid_claim/CLM-001118_v1.png
CLM-001118,Invalid Claim,train,v2,gtm_training/invalid_claim/CLM-001118_v2.png
CLM-001119,Manual Review,test,v1,holdout_test/manual_review/CLM-001119_v1.png
CLM-001120,Manual Review,train,v1,gtm_training/manual_review/CLM-001120_v1.png
CLM-001120,Manual Review,train,v2,gtm_training/manual_review/CLM-001120_v2.png
CLM-001121,Manual Review,test,v1,holdout_test/manual_review/CLM-001121_v1.png
CLM-001122,Invalid Claim,validation,v1,holdout_validation/invalid_claim/CLM-001122_v1.png
CLM-001123,Valid Claim,train,v1,gtm_training/valid_claim/CLM-001123_v1.png
CLM-001123,Valid Claim,train,v2,gtm_training/valid_claim/CLM-001123_v2.png
CLM-001124,Manual Review,validation,v1,holdout_validation/manual_review/CLM-001124_v1.png
CLM-001125,Invalid Claim,train,v1,gtm_training/invalid_claim/CLM-001125_v1.png
CLM-001125,Invalid Claim,train,v2,gtm_training/invalid_claim/CLM-001125_v2.png
CLM-001126,Valid Claim,test,v1,holdout_test/valid_claim/CLM-001126_v1.png
CLM-001127,Invalid Claim,validation,v1,holdout_validation/invalid_claim/CLM-001127_v1.png
CLM-001128,Valid Claim,train,v1,gtm_training/valid_claim/CLM-001128_v1.png
CLM-001128,Valid Claim,train,v2,gtm_training/valid_claim/CLM-001128_v2.png
CLM-001129,Valid Claim,train,v1,gtm_training/valid_claim/CLM-001129_v1.png
CLM-001129,Valid Claim,train,v2,gtm_training/valid_claim/CLM-001129_v2.png
CLM-001130,Valid Claim,validation,v1,holdout_validation/valid_claim/CLM-001130_v1.png
CLM-001131,Invalid Claim,train,v1,gtm_training/invalid_claim/CLM-001131_v1.png
CLM-001131,Invalid Claim,train,v2,gtm_training/invalid_claim/CLM-001131_v2.png
CLM-001132,Manual Review,train,v1,gtm_training/manual_review/CLM-001132_v1.png
CLM-001132,Manual Review,train,v2,gtm_training/manual_review/CLM-001132_v2.png
CLM-001133,Valid Claim,test,v1,holdout_test/valid_claim/CLM-001133_v1.png
CLM-001134,Valid Claim,train,v1,gtm_training/valid_claim/CLM-001134_v1.png
CLM-001134,Valid Claim,train,v2,gtm_training/valid_claim/CLM-001134_v2.png
CLM-001135,Valid Claim,test,v1,holdout_test/valid_claim/CLM-001135_v1.png
CLM-001136,Manual Review,train,v1,gtm_training/manual_review/CLM-001136_v1.png
CLM-001136,Manual Review,train,v2,gtm_training/manual_review/CLM-001136_v2.png
CLM-001137,Invalid Claim,train,v1,gtm_training/invalid_claim/CLM-001137_v1.png
CLM-001137,Invalid Claim,train,v2,gtm_training/invalid_claim/CLM-001137_v2.png
CLM-001138,Manual Review,train,v1,gtm_training/manual_review/CLM-001138_v1.png
CLM-001138,Manual Review,train,v2,gtm_training/manual_review/CLM-001138_v2.png
CLM-001139,Invalid Claim,train,v1,gtm_training/invalid_claim/CLM-001139_v1.png
CLM-001139,Invalid Claim,train,v2,gtm_training/invalid_claim/CLM-001139_v2.png
CLM-001140,Valid Claim,train,v1,gtm_training/valid_claim/CLM-001140_v1.png
CLM-001140,Valid Claim,train,v2,gtm_training/valid_claim/CLM-001140_v2.png
CLM-001141,Manual Review,train,v1,gtm_training/manual_review/CLM-001141_v1.png
CLM-001141,Manual Review,train,v2,gtm_training/manual_review/CLM-001141_v2.png
CLM-001142,Manual Review,train,v1,gtm_training/manual_review/CLM-001142_v1.png
CLM-001142,Manual Review,train,v2,gtm_training/manual_review/CLM-001142_v2.png
CLM-001143,Manual Review,validation,v1,holdout_validation/manual_review/CLM-001143_v1.png
CLM-001144,Valid Claim,train,v1,gtm_training/valid_claim/CLM-001144_v1.png
CLM-001144,Valid Claim,train,v2,gtm_training/valid_claim/CLM-001144_v2.png
CLM-001145,Invalid Claim,train,v1,gtm_training/invalid_claim/CLM-001145_v1.png
CLM-001145,Invalid Claim,train,v2,gtm_training/invalid_claim/CLM-001145_v2.png
CLM-001146,Invalid Claim,test,v1,holdout_test/invalid_claim/CLM-001146_v1.png
CLM-001147,Invalid Claim,train,v1,gtm_training/invalid_claim/CLM-001147_v1.png
CLM-001147,Invalid Claim,train,v2,gtm_training/invalid_claim/CLM-001147_v2.png
CLM-001148,Manual Review,train,v1,gtm_training/manual_review/CLM-001148_v1.png
CLM-001148,Manual Review,train,v2,gtm_training/manual_review/CLM-001148_v2.png
CLM-001149,Invalid Claim,train,v1,gtm_training/invalid_claim/CLM-001149_v1.png
CLM-001149,Invalid Claim,train,v2,gtm_training/invalid_claim/CLM-001149_v2.png
CLM-001150,Invalid Claim,train,v1,gtm_training/invalid_claim/CLM-001150_v1.png
CLM-001150,Invalid Claim,train,v2,gtm_training/invalid_claim/CLM-001150_v2.png
CLM-001151,Invalid Claim,train,v1,gtm_training/invalid_claim/CLM-001151_v1.png
CLM-001151,Invalid Claim,train,v2,gtm_training/invalid_claim/CLM-001151_v2.png
CLM-001152,Valid Claim,train,v1,gtm_training/valid_claim/CLM-001152_v1.png
CLM-001152,Valid Claim,train,v2,gtm_training/valid_claim/CLM-001152_v2.png
CLM-001153,Valid Claim,test,v1,holdout_test/valid_claim/CLM-001153_v1.png
CLM-001154,Valid Claim,validation,v1,holdout_validation/valid_claim/CLM-001154_v1.png
CLM-001155,Invalid Claim,train,v1,gtm_training/invalid_claim/CLM-001155_v1.png
CLM-001155,Invalid Claim,train,v2,gtm_training/invalid_claim/CLM-001155_v2.png
CLM-001156,Invalid Claim,train,v1,gtm_training/invalid_claim/CLM-001156_v1.png
CLM-001156,Invalid Claim,train,v2,gtm_training/invalid_claim/CLM-001156_v2.png
CLM-001157,Valid Claim,train,v1,gtm_training/valid_claim/CLM-001157_v1.png
CLM-001157,Valid Claim,train,v2,gtm_training/valid_claim/CLM-001157_v2.png
CLM-001158,Manual Review,test,v1,holdout_test/manual_review/CLM-001158_v1.png
CLM-001159,Invalid Claim,test,v1,holdout_test/invalid_claim/CLM-001159_v1.png
CLM-001160,Valid Claim,train,v1,gtm_training/valid_claim/CLM-001160_v1.png
CLM-001160,Valid Claim,train,v2,gtm_training/valid_claim/CLM-001160_v2.png
CLM-001161,Manual Review,train,v1,gtm_training/manual_review/CLM-001161_v1.png
CLM-001161,Manual Review,train,v2,gtm_training/manual_review/CLM-001161_v2.png
CLM-001162,Manual Review,test,v1,holdout_test/manual_review/CLM-001162_v1.png
CLM-001163,Manual Review,train,v1,gtm_training/manual_review/CLM-001163_v1.png
CLM-001163,Manual Review,train,v2,gtm_training/manual_review/CLM-001163_v2.png
CLM-001164,Invalid Claim,train,v1,gtm_training/invalid_claim/CLM-001164_v1.png
CLM-001164,Invalid Claim,train,v2,gtm_training/invalid_claim/CLM-001164_v2.png
CLM-001165,Invalid Claim,train,v1,gtm_training/invalid_claim/CLM-001165_v1.png
CLM-001165,Invalid Claim,train,v2,gtm_training/invalid_claim/CLM-001165_v2.png
CLM-001166,Valid Claim,train,v1,gtm_training/valid_claim/CLM-001166_v1.png
CLM-001166,Valid Claim,train,v2,gtm_training/valid_claim/CLM-001166_v2.png
CLM-001167,Invalid Claim,train,v1,gtm_training/invalid_claim/CLM-001167_v1.png
CLM-001167,Invalid Claim,train,v2,gtm_training/invalid_claim/CLM-001167_v2.png
CLM-001168,Manual Review,train,v1,gtm_training/manual_review/CLM-001168_v1.png
CLM-001168,Manual Review,train,v2,gtm_training/manual_review/CLM-001168_v2.png
CLM-001169,Invalid Claim,test,v1,holdout_test/invalid_claim/CLM-001169_v1.png
CLM-001170,Invalid Claim,train,v1,gtm_training/invalid_claim/CLM-001170_v1.png
CLM-001170,Invalid Claim,train,v2,gtm_training/invalid_claim/CLM-001170_v2.png
CLM-001171,Invalid Claim,validation,v1,holdout_validation/invalid_claim/CLM-001171_v1.png
CLM-001172,Invalid Claim,test,v1,holdout_test/invalid_claim/CLM-001172_v1.png
CLM-001173,Valid Claim,train,v1,gtm_training/valid_claim/CLM-001173_v1.png
CLM-001173,Valid Claim,train,v2,gtm_training/valid_claim/CLM-001173_v2.png
CLM-001174,Manual Review,train,v1,gtm_training/manual_review/CLM-001174_v1.png
CLM-001174,Manual Review,train,v2,gtm_training/manual_review/CLM-001174_v2.png
CLM-001175,Valid Claim,train,v1,gtm_training/valid_claim/CLM-001175_v1.png
CLM-001175,Valid Claim,train,v2,gtm_training/valid_claim/CLM-001175_v2.png
CLM-001176,Invalid Claim,test,v1,holdout_test/invalid_claim/CLM-001176_v1.png
CLM-001177,Invalid Claim,train,v1,gtm_training/invalid_claim/CLM-001177_v1.png
CLM-001177,Invalid Claim,train,v2,gtm_training/invalid_claim/CLM-001177_v2.png
CLM-001178,Invalid Claim,train,v1,gtm_training/invalid_claim/CLM-001178_v1.png
CLM-001178,Invalid Claim,train,v2,gtm_training/invalid_claim/CLM-001178_v2.png
CLM-001179,Manual Review,train,v1,gtm_training/manual_review/CLM-001179_v1.png
CLM-001179,Manual Review,train,v2,gtm_training/manual_review/CLM-001179_v2.png
CLM-001180,Invalid Claim,train,v1,gtm_training/invalid_claim/CLM-001180_v1.png
CLM-001180,Invalid Claim,train,v2,gtm_training/invalid_claim/CLM-001180_v2.png
CLM-001181,Manual Review,validation,v1,holdout_validation/manual_review/CLM-001181_v1.png
CLM-001182,Invalid Claim,validation,v1,holdout_validation/invalid_claim/CLM-001182_v1.png
CLM-001183,Manual Review,train,v1,gtm_training/manual_review/CLM-001183_v1.png
CLM-001183,Manual Review,train,v2,gtm_training/manual_review/CLM-001183_v2.png
CLM-001184,Valid Claim,validation,v1,holdout_validation/valid_claim/CLM-001184_v1.png
CLM-001185,Invalid Claim,train,v1,gtm_training/invalid_claim/CLM-001185_v1.png
CLM-001185,Invalid Claim,train,v2,gtm_training/invalid_claim/CLM-001185_v2.png
CLM-001186,Valid Claim,train,v1,gtm_training/valid_claim/CLM-001186_v1.png
CLM-001186,Valid Claim,train,v2,gtm_training/valid_claim/CLM-001186_v2.png
CLM-001187,Manual Review,train,v1,gtm_training/manual_review/CLM-001187_v1.png
CLM-001187,Manual Review,train,v2,gtm_training/manual_review/CLM-001187_v2.png
CLM-001188,Valid Claim,train,v1,gtm_training/valid_claim/CLM-001188_v1.png
CLM-001188,Valid Claim,train,v2,gtm_training/valid_claim/CLM-001188_v2.png
CLM-001189,Valid Claim,train,v1,gtm_training/valid_claim/CLM-001189_v1.png
CLM-001189,Valid Claim,train,v2,gtm_training/valid_claim/CLM-001189_v2.png
CLM-001190,Manual Review,train,v1,gtm_training/manual_review/CLM-001190_v1.png
CLM-001190,Manual Review,train,v2,gtm_training/manual_review/CLM-001190_v2.png
CLM-001191,Valid Claim,train,v1,gtm_training/valid_claim/CLM-001191_v1.png
CLM-001191,Valid Claim,train,v2,gtm_training/valid_claim/CLM-001191_v2.png
CLM-001192,Manual Review,train,v1,gtm_training/manual_review/CLM-001192_v1.png
CLM-001192,Manual Review,train,v2,gtm_training/manual_review/CLM-001192_v2.png
CLM-001193,Valid Claim,train,v1,gtm_training/valid_claim/CLM-001193_v1.png
CLM-001193,Valid Claim,train,v2,gtm_training/valid_claim/CLM-001193_v2.png
CLM-001194,Valid Claim,train,v1,gtm_training/valid_claim/CLM-001194_v1.png
CLM-001194,Valid Claim,train,v2,gtm_training/valid_claim/CLM-001194_v2.png
CLM-001195,Manual Review,train,v1,gtm_training/manual_review/CLM-001195_v1.png
CLM-001195,Manual Review,train,v2,gtm_training/manual_review/CLM-001195_v2.png
CLM-001196,Valid Claim,validation,v1,holdout_validation/valid_claim/CLM-001196_v1.png
CLM-001197,Invalid Claim,train,v1,gtm_training/invalid_claim/CLM-001197_v1.png
CLM-001197,Invalid Claim,train,v2,gtm_training/invalid_claim/CLM-001197_v2.png
CLM-001198,Manual Review,train,v1,gtm_training/manual_review/CLM-001198_v1.png
CLM-001198,Manual Review,train,v2,gtm_training/manual_review/CLM-001198_v2.png
CLM-001199,Invalid Claim,train,v1,gtm_training/invalid_claim/CLM-001199_v1.png
CLM-001199,Invalid Claim,train,v2,gtm_training/invalid_claim/CLM-001199_v2.png
CLM-001200,Invalid Claim,validation,v1,holdout_validation/invalid_claim/CLM-001200_v1.png
CLM-001201,Valid Claim,train,v1,gtm_training/valid_claim/CLM-001201_v1.png
CLM-001201,Valid Claim,train,v2,gtm_training/valid_claim/CLM-001201_v2.png
CLM-001202,Manual Review,train,v1,gtm_training/manual_review/CLM-001202_v1.png
CLM-001202,Manual Review,train,v2,gtm_training/manual_review/CLM-001202_v2.png
CLM-001203,Manual Review,train,v1,gtm_training/manual_review/CLM-001203_v1.png
CLM-001203,Manual Review,train,v2,gtm_training/manual_review/CLM-001203_v2.png
CLM-001204,Manual Review,train,v1,gtm_training/manual_review/CLM-001204_v1.png
CLM-001204,Manual Review,train,v2,gtm_training/manual_review/CLM-001204_v2.png
CLM-001205,Invalid Claim,train,v1,gtm_training/invalid_claim/CLM-001205_v1.png
CLM-001205,Invalid Claim,train,v2,gtm_training/invalid_claim/CLM-001205_v2.png
CLM-001206,Manual Review,train,v1,gtm_training/manual_review/CLM-001206_v1.png
CLM-001206,Manual Review,train,v2,gtm_training/manual_review/CLM-001206_v2.png
CLM-001207,Manual Review,train,v1,gtm_training/manual_review/CLM-001207_v1.png
CLM-001207,Manual Review,train,v2,gtm_training/manual_review/CLM-001207_v2.png
CLM-001208,Invalid Claim,train,v1,gtm_training/invalid_claim/CLM-001208_v1.png
CLM-001208,Invalid Claim,train,v2,gtm_training/invalid_claim/CLM-001208_v2.png
CLM-001209,Manual Review,train,v1,gtm_training/manual_review/CLM-001209_v1.png
CLM-001209,Manual Review,train,v2,gtm_training/manual_review/CLM-001209_v2.png
CLM-001210,Manual Review,train,v1,gtm_training/manual_review/CLM-001210_v1.png
CLM-001210,Manual Review,train,v2,gtm_training/manual_review/CLM-001210_v2.png
CLM-001211,Invalid Claim,train,v1,gtm_training/invalid_claim/CLM-001211_v1.png
CLM-001211,Invalid Claim,train,v2,gtm_training/invalid_claim/CLM-001211_v2.png
CLM-001212,Manual Review,validation,v1,holdout_validation/manual_review/CLM-001212_v1.png
CLM-001213,Invalid Claim,train,v1,gtm_training/invalid_claim/CLM-001213_v1.png
CLM-001213,Invalid Claim,train,v2,gtm_training/invalid_claim/CLM-001213_v2.png
CLM-001214,Valid Claim,train,v1,gtm_training/valid_claim/CLM-001214_v1.png
CLM-001214,Valid Claim,train,v2,gtm_training/valid_claim/CLM-001214_v2.png
CLM-001215,Manual Review,train,v1,gtm_training/manual_review/CLM-001215_v1.png
CLM-001215,Manual Review,train,v2,gtm_training/manual_review/CLM-001215_v2.png
CLM-001216,Invalid Claim,train,v1,gtm_training/invalid_claim/CLM-001216_v1.png
CLM-001216,Invalid Claim,train,v2,gtm_training/invalid_claim/CLM-001216_v2.png
CLM-001217,Invalid Claim,test,v1,holdout_test/invalid_claim/CLM-001217_v1.png
CLM-001218,Invalid Claim,train,v1,gtm_training/invalid_claim/CLM-001218_v1.png
CLM-001218,Invalid Claim,train,v2,gtm_training/invalid_claim/CLM-001218_v2.png
CLM-001219,Manual Review,validation,v1,holdout_validation/manual_review/CLM-001219_v1.png
CLM-001220,Invalid Claim,train,v1,gtm_training/invalid_claim/CLM-001220_v1.png
CLM-001220,Invalid Claim,train,v2,gtm_training/invalid_claim/CLM-001220_v2.png
CLM-001221,Manual Review,test,v1,holdout_test/manual_review/CLM-001221_v1.png
CLM-001222,Invalid Claim,train,v1,gtm_training/invalid_claim/CLM-001222_v1.png
CLM-001222,Invalid Claim,train,v2,gtm_training/invalid_claim/CLM-001222_v2.png
CLM-001223,Invalid Claim,train,v1,gtm_training/invalid_claim/CLM-001223_v1.png
CLM-001223,Invalid Claim,train,v2,gtm_training/invalid_claim/CLM-001223_v2.png
CLM-001224,Valid Claim,train,v1,gtm_training/valid_claim/CLM-001224_v1.png
CLM-001224,Valid Claim,train,v2,gtm_training/valid_claim/CLM-001224_v2.png
CLM-001225,Invalid Claim,train,v1,gtm_training/invalid_claim/CLM-001225_v1.png
CLM-001225,Invalid Claim,train,v2,gtm_training/invalid_claim/CLM-001225_v2.png
CLM-001226,Manual Review,test,v1,holdout_test/manual_review/CLM-001226_v1.png
CLM-001227,Valid Claim,train,v1,gtm_training/valid_claim/CLM-001227_v1.png
CLM-001227,Valid Claim,train,v2,gtm_training/valid_claim/CLM-001227_v2.png
CLM-001228,Invalid Claim,train,v1,gtm_training/invalid_claim/CLM-001228_v1.png
CLM-001228,Invalid Claim,train,v2,gtm_training/invalid_claim/CLM-001228_v2.png
CLM-001229,Valid Claim,test,v1,holdout_test/valid_claim/CLM-001229_v1.png
CLM-001230,Valid Claim,validation,v1,holdout_validation/valid_claim/CLM-001230_v1.png
CLM-001231,Manual Review,test,v1,holdout_test/manual_review/CLM-001231_v1.png
CLM-001232,Manual Review,train,v1,gtm_training/manual_review/CLM-001232_v1.png
CLM-001232,Manual Review,train,v2,gtm_training/manual_review/CLM-001232_v2.png
CLM-001233,Valid Claim,train,v1,gtm_training/valid_claim/CLM-001233_v1.png
CLM-001233,Valid Claim,train,v2,gtm_training/valid_claim/CLM-001233_v2.png
CLM-001234,Invalid Claim,train,v1,gtm_training/invalid_claim/CLM-001234_v1.png
CLM-001234,Invalid Claim,train,v2,gtm_training/invalid_claim/CLM-001234_v2.png
CLM-001235,Manual Review,train,v1,gtm_training/manual_review/CLM-001235_v1.png
CLM-001235,Manual Review,train,v2,gtm_training/manual_review/CLM-001235_v2.png
CLM-001236,Manual Review,train,v1,gtm_training/manual_review/CLM-001236_v1.png
CLM-001236,Manual Review,train,v2,gtm_training/manual_review/CLM-001236_v2.png
CLM-001237,Invalid Claim,validation,v1,holdout_validation/invalid_claim/CLM-001237_v1.png
CLM-001238,Invalid Claim,train,v1,gtm_training/invalid_claim/CLM-001238_v1.png
CLM-001238,Invalid Claim,train,v2,gtm_training/invalid_claim/CLM-001238_v2.png
CLM-001239,Valid Claim,train,v1,gtm_training/valid_claim/CLM-001239_v1.png
CLM-001239,Valid Claim,train,v2,gtm_training/valid_claim/CLM-001239_v2.png
CLM-001240,Valid Claim,validation,v1,holdout_validation/valid_claim/CLM-001240_v1.png
CLM-001241,Valid Claim,validation,v1,holdout_validation/valid_claim/CLM-001241_v1.png
CLM-001242,Manual Review,train,v1,gtm_training/manual_review/CLM-001242_v1.png
CLM-001242,Manual Review,train,v2,gtm_training/manual_review/CLM-001242_v2.png
CLM-001243,Valid Claim,train,v1,gtm_training/valid_claim/CLM-001243_v1.png
CLM-001243,Valid Claim,train,v2,gtm_training/valid_claim/CLM-001243_v2.png
CLM-001244,Invalid Claim,train,v1,gtm_training/invalid_claim/CLM-001244_v1.png
CLM-001244,Invalid Claim,train,v2,gtm_training/invalid_claim/CLM-001244_v2.png
CLM-001245,Invalid Claim,test,v1,holdout_test/invalid_claim/CLM-001245_v1.png
CLM-001246,Manual Review,train,v1,gtm_training/manual_review/CLM-001246_v1.png
CLM-001246,Manual Review,train,v2,gtm_training/manual_review/CLM-001246_v2.png
CLM-001247,Manual Review,train,v1,gtm_training/manual_review/CLM-001247_v1.png
CLM-001247,Manual Review,train,v2,gtm_training/manual_review/CLM-001247_v2.png
CLM-001248,Invalid Claim,validation,v1,holdout_validation/invalid_claim/CLM-001248_v1.png
CLM-001249,Valid Claim,train,v1,gtm_training/valid_claim/CLM-001249_v1.png
CLM-001249,Valid Claim,train,v2,gtm_training/valid_claim/CLM-001249_v2.png
CLM-001250,Invalid Claim,train,v1,gtm_training/invalid_claim/CLM-001250_v1.png
CLM-001250,Invalid Claim,train,v2,gtm_training/invalid_claim/CLM-001250_v2.png
CLM-001251,Valid Claim,train,v1,gtm_training/valid_claim/CLM-001251_v1.png
CLM-001251,Valid Claim,train,v2,gtm_training/valid_claim/CLM-001251_v2.png
CLM-001252,Invalid Claim,train,v1,gtm_training/invalid_claim/CLM-001252_v1.png
CLM-001252,Invalid Claim,train,v2,gtm_training/invalid_claim/CLM-001252_v2.png
CLM-001253,Valid Claim,train,v1,gtm_training/valid_claim/CLM-001253_v1.png
CLM-001253,Valid Claim,train,v2,gtm_training/valid_claim/CLM-001253_v2.png
CLM-001254,Invalid Claim,test,v1,holdout_test/invalid_claim/CLM-001254_v1.png
CLM-001255,Manual Review,train,v1,gtm_training/manual_review/CLM-001255_v1.png
CLM-001255,Manual Review,train,v2,gtm_training/manual_review/CLM-001255_v2.png
CLM-001256,Manual Review,train,v1,gtm_training/manual_review/CLM-001256_v1.png
CLM-001256,Manual Review,train,v2,gtm_training/manual_review/CLM-001256_v2.png
CLM-001257,Valid Claim,test,v1,holdout_test/valid_claim/CLM-001257_v1.png
CLM-001258,Manual Review,train,v1,gtm_training/manual_review/CLM-001258_v1.png
CLM-001258,Manual Review,train,v2,gtm_training/manual_review/CLM-001258_v2.png
CLM-001259,Invalid Claim,train,v1,gtm_training/invalid_claim/CLM-001259_v1.png
CLM-001259,Invalid Claim,train,v2,gtm_training/invalid_claim/CLM-001259_v2.png
CLM-001260,Manual Review,test,v1,holdout_test/manual_review/CLM-001260_v1.png
CLM-001261,Manual Review,train,v1,gtm_training/manual_review/CLM-001261_v1.png
CLM-001261,Manual Review,train,v2,gtm_training/manual_review/CLM-001261_v2.png
CLM-001262,Valid Claim,train,v1,gtm_training/valid_claim/CLM-001262_v1.png
CLM-001262,Valid Claim,train,v2,gtm_training/valid_claim/CLM-001262_v2.png
CLM-001263,Invalid Claim,test,v1,holdout_test/invalid_claim/CLM-001263_v1.png
CLM-001264,Valid Claim,train,v1,gtm_training/valid_claim/CLM-001264_v1.png
CLM-001264,Valid Claim,train,v2,gtm_training/valid_claim/CLM-001264_v2.png
CLM-001265,Manual Review,train,v1,gtm_training/manual_review/CLM-001265_v1.png
CLM-001265,Manual Review,train,v2,gtm_training/manual_review/CLM-001265_v2.png
CLM-001266,Valid Claim,train,v1,gtm_training/valid_claim/CLM-001266_v1.png
CLM-001266,Valid Claim,train,v2,gtm_training/valid_claim/CLM-001266_v2.png
CLM-001267,Invalid Claim,test,v1,holdout_test/invalid_claim/CLM-001267_v1.png
CLM-001268,Invalid Claim,train,v1,gtm_training/invalid_claim/CLM-001268_v1.png
CLM-001268,Invalid Claim,train,v2,gtm_training/invalid_claim/CLM-001268_v2.png
CLM-001269,Manual Review,validation,v1,holdout_validation/manual_review/CLM-001269_v1.png
CLM-001270,Valid Claim,train,v1,gtm_training/valid_claim/CLM-001270_v1.png
CLM-001270,Valid Claim,train,v2,gtm_training/valid_claim/CLM-001270_v2.png
CLM-001271,Manual Review,train,v1,gtm_training/manual_review/CLM-001271_v1.png
CLM-001271,Manual Review,train,v2,gtm_training/manual_review/CLM-001271_v2.png
CLM-001272,Valid Claim,train,v1,gtm_training/valid_claim/CLM-001272_v1.png
CLM-001272,Valid Claim,train,v2,gtm_training/valid_claim/CLM-001272_v2.png
CLM-001273,Invalid Claim,train,v1,gtm_training/invalid_claim/CLM-001273_v1.png
CLM-001273,Invalid Claim,train,v2,gtm_training/invalid_claim/CLM-001273_v2.png
CLM-001274,Manual Review,train,v1,gtm_training/manual_review/CLM-001274_v1.png
CLM-001274,Manual Review,train,v2,gtm_training/manual_review/CLM-001274_v2.png
CLM-001275,Valid Claim,train,v1,gtm_training/valid_claim/CLM-001275_v1.png
CLM-001275,Valid Claim,train,v2,gtm_training/valid_claim/CLM-001275_v2.png
CLM-001276,Valid Claim,train,v1,gtm_training/valid_claim/CLM-001276_v1.png
CLM-001276,Valid Claim,train,v2,gtm_training/valid_claim/CLM-001276_v2.png
CLM-001277,Valid Claim,train,v1,gtm_training/valid_claim/CLM-001277_v1.png
CLM-001277,Valid Claim,train,v2,gtm_training/valid_claim/CLM-001277_v2.png
CLM-001278,Valid Claim,validation,v1,holdout_validation/valid_claim/CLM-001278_v1.png
CLM-001279,Manual Review,train,v1,gtm_training/manual_review/CLM-001279_v1.png
CLM-001279,Manual Review,train,v2,gtm_training/manual_review/CLM-001279_v2.png
CLM-001280,Valid Claim,validation,v1,holdout_validation/valid_claim/CLM-001280_v1.png
CLM-001281,Manual Review,train,v1,gtm_training/manual_review/CLM-001281_v1.png
CLM-001281,Manual Review,train,v2,gtm_training/manual_review/CLM-001281_v2.png
CLM-001282,Manual Review,train,v1,gtm_training/manual_review/CLM-001282_v1.png
CLM-001282,Manual Review,train,v2,gtm_training/manual_review/CLM-001282_v2.png
CLM-001283,Valid Claim,train,v1,gtm_training/valid_claim/CLM-001283_v1.png
CLM-001283,Valid Claim,train,v2,gtm_training/valid_claim/CLM-001283_v2.png
CLM-001284,Manual Review,test,v1,holdout_test/manual_review/CLM-001284_v1.png
CLM-001285,Valid Claim,train,v1,gtm_training/valid_claim/CLM-001285_v1.png
CLM-001285,Valid Claim,train,v2,gtm_training/valid_claim/CLM-001285_v2.png
CLM-001286,Valid Claim,validation,v1,holdout_validation/valid_claim/CLM-001286_v1.png
CLM-001287,Invalid Claim,train,v1,gtm_training/invalid_claim/CLM-001287_v1.png
CLM-001287,Invalid Claim,train,v2,gtm_training/invalid_claim/CLM-001287_v2.png
CLM-001288,Valid Claim,test,v1,holdout_test/valid_claim/CLM-001288_v1.png
CLM-001289,Manual Review,train,v1,gtm_training/manual_review/CLM-001289_v1.png
CLM-001289,Manual Review,train,v2,gtm_training/manual_review/CLM-001289_v2.png
CLM-001290,Manual Review,train,v1,gtm_training/manual_review/CLM-001290_v1.png
CLM-001290,Manual Review,train,v2,gtm_training/manual_review/CLM-001290_v2.png
CLM-001291,Invalid Claim,train,v1,gtm_training/invalid_claim/CLM-001291_v1.png
CLM-001291,Invalid Claim,train,v2,gtm_training/invalid_claim/CLM-001291_v2.png
CLM-001292,Invalid Claim,test,v1,holdout_test/invalid_claim/CLM-001292_v1.png
CLM-001293,Valid Claim,train,v1,gtm_training/valid_claim/CLM-001293_v1.png
CLM-001293,Valid Claim,train,v2,gtm_training/valid_claim/CLM-001293_v2.png
CLM-001294,Valid Claim,train,v1,gtm_training/valid_claim/CLM-001294_v1.png
CLM-001294,Valid Claim,train,v2,gtm_training/valid_claim/CLM-001294_v2.png
CLM-001295,Invalid Claim,train,v1,gtm_training/invalid_claim/CLM-001295_v1.png
CLM-001295,Invalid Claim,train,v2,gtm_training/invalid_claim/CLM-001295_v2.png
CLM-001296,Invalid Claim,train,v1,gtm_training/invalid_claim/CLM-001296_v1.png
CLM-001296,Invalid Claim,train,v2,gtm_training/invalid_claim/CLM-001296_v2.png
CLM-001297,Manual Review,train,v1,gtm_training/manual_review/CLM-001297_v1.png
CLM-001297,Manual Review,train,v2,gtm_training/manual_review/CLM-001297_v2.png
CLM-001298,Invalid Claim,train,v1,gtm_training/invalid_claim/CLM-001298_v1.png
CLM-001298,Invalid Claim,train,v2,gtm_training/invalid_claim/CLM-001298_v2.png
CLM-001299,Manual Review,train,v1,gtm_training/manual_review/CLM-001299_v1.png
CLM-001299,Manual Review,train,v2,gtm_training/manual_review/CLM-001299_v2.png
CLM-001300,Manual Review,validation,v1,holdout_validation/manual_review/CLM-001300_v1.png
CLM-001301,Valid Claim,train,v1,gtm_training/valid_claim/CLM-001301_v1.png
CLM-001301,Valid Claim,train,v2,gtm_training/valid_claim/CLM-001301_v2.png
CLM-001302,Valid Claim,train,v1,gtm_training/valid_claim/CLM-001302_v1.png
CLM-001302,Valid Claim,train,v2,gtm_training/valid_claim/CLM-001302_v2.png
CLM-001303,Invalid Claim,train,v1,gtm_training/invalid_claim/CLM-001303_v1.png
CLM-001303,Invalid Claim,train,v2,gtm_training/invalid_claim/CLM-001303_v2.png
CLM-001304,Valid Claim,train,v1,gtm_training/valid_claim/CLM-001304_v1.png
CLM-001304,Valid Claim,train,v2,gtm_training/valid_claim/CLM-001304_v2.png
CLM-001305,Manual Review,train,v1,gtm_training/manual_review/CLM-001305_v1.png
CLM-001305,Manual Review,train,v2,gtm_training/manual_review/CLM-001305_v2.png
CLM-001306,Manual Review,train,v1,gtm_training/manual_review/CLM-001306_v1.png
CLM-001306,Manual Review,train,v2,gtm_training/manual_review/CLM-001306_v2.png
CLM-001307,Manual Review,validation,v1,holdout_validation/manual_review/CLM-001307_v1.png
CLM-001308,Invalid Claim,train,v1,gtm_training/invalid_claim/CLM-001308_v1.png
CLM-001308,Invalid Claim,train,v2,gtm_training/invalid_claim/CLM-001308_v2.png
CLM-001309,Invalid Claim,train,v1,gtm_training/invalid_claim/CLM-001309_v1.png
CLM-001309,Invalid Claim,train,v2,gtm_training/invalid_claim/CLM-001309_v2.png
CLM-001310,Valid Claim,train,v1,gtm_training/valid_claim/CLM-001310_v1.png
CLM-001310,Valid Claim,train,v2,gtm_training/valid_claim/CLM-001310_v2.png
CLM-001311,Invalid Claim,train,v1,gtm_training/invalid_claim/CLM-001311_v1.png
CLM-001311,Invalid Claim,train,v2,gtm_training/invalid_claim/CLM-001311_v2.png
CLM-001312,Valid Claim,train,v1,gtm_training/valid_claim/CLM-001312_v1.png
CLM-001312,Valid Claim,train,v2,gtm_training/valid_claim/CLM-001312_v2.png
CLM-001313,Valid Claim,test,v1,holdout_test/valid_claim/CLM-001313_v1.png
CLM-001314,Invalid Claim,train,v1,gtm_training/invalid_claim/CLM-001314_v1.png
CLM-001314,Invalid Claim,train,v2,gtm_training/invalid_claim/CLM-001314_v2.png
CLM-001315,Invalid Claim,train,v1,gtm_training/invalid_claim/CLM-001315_v1.png
CLM-001315,Invalid Claim,train,v2,gtm_training/invalid_claim/CLM-001315_v2.png
CLM-001316,Invalid Claim,validation,v1,holdout_validation/invalid_claim/CLM-001316_v1.png
CLM-001317,Valid Claim,validation,v1,holdout_validation/valid_claim/CLM-001317_v1.png
CLM-001318,Manual Review,train,v1,gtm_training/manual_review/CLM-001318_v1.png
CLM-001318,Manual Review,train,v2,gtm_training/manual_review/CLM-001318_v2.png
CLM-001319,Invalid Claim,train,v1,gtm_training/invalid_claim/CLM-001319_v1.png
CLM-001319,Invalid Claim,train,v2,gtm_training/invalid_claim/CLM-001319_v2.png
CLM-001320,Invalid Claim,test,v1,holdout_test/invalid_claim/CLM-001320_v1.png
CLM-001321,Manual Review,train,v1,gtm_training/manual_review/CLM-001321_v1.png
CLM-001321,Manual Review,train,v2,gtm_training/manual_review/CLM-001321_v2.png
CLM-001322,Manual Review,validation,v1,holdout_validation/manual_review/CLM-001322_v1.png
CLM-001323,Manual Review,test,v1,holdout_test/manual_review/CLM-001323_v1.png
CLM-001324,Manual Review,train,v1,gtm_training/manual_review/CLM-001324_v1.png
CLM-001324,Manual Review,train,v2,gtm_training/manual_review/CLM-001324_v2.png
CLM-001325,Manual Review,validation,v1,holdout_validation/manual_review/CLM-001325_v1.png
CLM-001326,Valid Claim,train,v1,gtm_training/valid_claim/CLM-001326_v1.png
CLM-001326,Valid Claim,train,v2,gtm_training/valid_claim/CLM-001326_v2.png
CLM-001327,Manual Review,train,v1,gtm_training/manual_review/CLM-001327_v1.png
CLM-001327,Manual Review,train,v2,gtm_training/manual_review/CLM-001327_v2.png
CLM-001328,Valid Claim,train,v1,gtm_training/valid_claim/CLM-001328_v1.png
CLM-001328,Valid Claim,train,v2,gtm_training/valid_claim/CLM-001328_v2.png
CLM-001329,Manual Review,train,v1,gtm_training/manual_review/CLM-001329_v1.png
CLM-001329,Manual Review,train,v2,gtm_training/manual_review/CLM-001329_v2.png
CLM-001330,Manual Review,train,v1,gtm_training/manual_review/CLM-001330_v1.png
CLM-001330,Manual Review,train,v2,gtm_training/manual_review/CLM-001330_v2.png
CLM-001331,Valid Claim,train,v1,gtm_training/valid_claim/CLM-001331_v1.png
CLM-001331,Valid Claim,train,v2,gtm_training/valid_claim/CLM-001331_v2.png
CLM-001332,Invalid Claim,test,v1,holdout_test/invalid_claim/CLM-001332_v1.png
CLM-001333,Manual Review,train,v1,gtm_training/manual_review/CLM-001333_v1.png
CLM-001333,Manual Review,train,v2,gtm_training/manual_review/CLM-001333_v2.png
CLM-001334,Valid Claim,train,v1,gtm_training/valid_claim/CLM-001334_v1.png
CLM-001334,Valid Claim,train,v2,gtm_training/valid_claim/CLM-001334_v2.png
CLM-001335,Valid Claim,train,v1,gtm_training/valid_claim/CLM-001335_v1.png
CLM-001335,Valid Claim,train,v2,gtm_training/valid_claim/CLM-001335_v2.png
CLM-001336,Invalid Claim,train,v1,gtm_training/invalid_claim/CLM-001336_v1.png
CLM-001336,Invalid Claim,train,v2,gtm_training/invalid_claim/CLM-001336_v2.png
CLM-001337,Invalid Claim,validation,v1,holdout_validation/invalid_claim/CLM-001337_v1.png
CLM-001338,Manual Review,train,v1,gtm_training/manual_review/CLM-001338_v1.png
CLM-001338,Manual Review,train,v2,gtm_training/manual_review/CLM-001338_v2.png
CLM-001339,Valid Claim,train,v1,gtm_training/valid_claim/CLM-001339_v1.png
CLM-001339,Valid Claim,train,v2,gtm_training/valid_claim/CLM-001339_v2.png
CLM-001340,Valid Claim,train,v1,gtm_training/valid_claim/CLM-001340_v1.png
CLM-001340,Valid Claim,train,v2,gtm_training/valid_claim/CLM-001340_v2.png
CLM-001341,Manual Review,train,v1,gtm_training/manual_review/CLM-001341_v1.png
CLM-001341,Manual Review,train,v2,gtm_training/manual_review/CLM-001341_v2.png
CLM-001342,Manual Review,validation,v1,holdout_validation/manual_review/CLM-001342_v1.png
CLM-001343,Manual Review,train,v1,gtm_training/manual_review/CLM-001343_v1.png
CLM-001343,Manual Review,train,v2,gtm_training/manual_review/CLM-001343_v2.png
CLM-001344,Valid Claim,train,v1,gtm_training/valid_claim/CLM-001344_v1.png
CLM-001344,Valid Claim,train,v2,gtm_training/valid_claim/CLM-001344_v2.png
CLM-001345,Manual Review,test,v1,holdout_test/manual_review/CLM-001345_v1.png
CLM-001346,Valid Claim,train,v1,gtm_training/valid_claim/CLM-001346_v1.png
CLM-001346,Valid Claim,train,v2,gtm_training/valid_claim/CLM-001346_v2.png
CLM-001347,Valid Claim,train,v1,gtm_training/valid_claim/CLM-001347_v1.png
CLM-001347,Valid Claim,train,v2,gtm_training/valid_claim/CLM-001347_v2.png
CLM-001348,Valid Claim,train,v1,gtm_training/valid_claim/CLM-001348_v1.png
CLM-001348,Valid Claim,train,v2,gtm_training/valid_claim/CLM-001348_v2.png
CLM-001349,Invalid Claim,train,v1,gtm_training/invalid_claim/CLM-001349_v1.png
CLM-001349,Invalid Claim,train,v2,gtm_training/invalid_claim/CLM-001349_v2.png
CLM-001350,Valid Claim,train,v1,gtm_training/valid_claim/CLM-001350_v1.png
CLM-001350,Valid Claim,train,v2,gtm_training/valid_claim/CLM-001350_v2.png
CLM-001351,Manual Review,train,v1,gtm_training/manual_review/CLM-001351_v1.png
CLM-001351,Manual Review,train,v2,gtm_training/manual_review/CLM-001351_v2.png
CLM-001352,Valid Claim,train,v1,gtm_training/valid_claim/CLM-001352_v1.png
CLM-001352,Valid Claim,train,v2,gtm_training/valid_claim/CLM-001352_v2.png
CLM-001353,Manual Review,train,v1,gtm_training/manual_review/CLM-001353_v1.png
CLM-001353,Manual Review,train,v2,gtm_training/manual_review/CLM-001353_v2.png
CLM-001354,Valid Claim,train,v1,gtm_training/valid_claim/CLM-001354_v1.png
CLM-001354,Valid Claim,train,v2,gtm_training/valid_claim/CLM-001354_v2.png
CLM-001355,Manual Review,train,v1,gtm_training/manual_review/CLM-001355_v1.png
CLM-001355,Manual Review,train,v2,gtm_training/manual_review/CLM-001355_v2.png
CLM-001356,Manual Review,train,v1,gtm_training/manual_review/CLM-001356_v1.png
CLM-001356,Manual Review,train,v2,gtm_training/manual_review/CLM-001356_v2.png
CLM-001357,Invalid Claim,train,v1,gtm_training/invalid_claim/CLM-001357_v1.png
CLM-001357,Invalid Claim,train,v2,gtm_training/invalid_claim/CLM-001357_v2.png
CLM-001358,Valid Claim,validation,v1,holdout_validation/valid_claim/CLM-001358_v1.png
CLM-001359,Invalid Claim,train,v1,gtm_training/invalid_claim/CLM-001359_v1.png
CLM-001359,Invalid Claim,train,v2,gtm_training/invalid_claim/CLM-001359_v2.png
CLM-001360,Manual Review,train,v1,gtm_training/manual_review/CLM-001360_v1.png
CLM-001360,Manual Review,train,v2,gtm_training/manual_review/CLM-001360_v2.png
CLM-001361,Valid Claim,train,v1,gtm_training/valid_claim/CLM-001361_v1.png
CLM-001361,Valid Claim,train,v2,gtm_training/valid_claim/CLM-001361_v2.png
CLM-001362,Manual Review,train,v1,gtm_training/manual_review/CLM-001362_v1.png
CLM-001362,Manual Review,train,v2,gtm_training/manual_review/CLM-001362_v2.png
CLM-001363,Valid Claim,train,v1,gtm_training/valid_claim/CLM-001363_v1.png
CLM-001363,Valid Claim,train,v2,gtm_training/valid_claim/CLM-001363_v2.png
CLM-001364,Valid Claim,train,v1,gtm_training/valid_claim/CLM-001364_v1.png
CLM-001364,Valid Claim,train,v2,gtm_training/valid_claim/CLM-001364_v2.png
CLM-001365,Invalid Claim,train,v1,gtm_training/invalid_claim/CLM-001365_v1.png
CLM-001365,Invalid Claim,train,v2,gtm_training/invalid_claim/CLM-001365_v2.png
CLM-001366,Valid Claim,validation,v1,holdout_validation/valid_claim/CLM-001366_v1.png
CLM-001367,Invalid Claim,train,v1,gtm_training/invalid_claim/CLM-001367_v1.png
CLM-001367,Invalid Claim,train,v2,gtm_training/invalid_claim/CLM-001367_v2.png
CLM-001368,Invalid Claim,train,v1,gtm_training/invalid_claim/CLM-001368_v1.png
CLM-001368,Invalid Claim,train,v2,gtm_training/invalid_claim/CLM-001368_v2.png
CLM-001369,Invalid Claim,validation,v1,holdout_validation/invalid_claim/CLM-001369_v1.png
CLM-001370,Manual Review,validation,v1,holdout_validation/manual_review/CLM-001370_v1.png
CLM-001371,Valid Claim,validation,v1,holdout_validation/valid_claim/CLM-001371_v1.png
CLM-001372,Invalid Claim,train,v1,gtm_training/invalid_claim/CLM-001372_v1.png
CLM-001372,Invalid Claim,train,v2,gtm_training/invalid_claim/CLM-001372_v2.png
CLM-001373,Valid Claim,train,v1,gtm_training/valid_claim/CLM-001373_v1.png
CLM-001373,Valid Claim,train,v2,gtm_training/valid_claim/CLM-001373_v2.png
CLM-001374,Invalid Claim,train,v1,gtm_training/invalid_claim/CLM-001374_v1.png
CLM-001374,Invalid Claim,train,v2,gtm_training/invalid_claim/CLM-001374_v2.png
CLM-001375,Valid Claim,train,v1,gtm_training/valid_claim/CLM-001375_v1.png
CLM-001375,Valid Claim,train,v2,gtm_training/valid_claim/CLM-001375_v2.png
CLM-001376,Valid Claim,train,v1,gtm_training/valid_claim/CLM-001376_v1.png
CLM-001376,Valid Claim,train,v2,gtm_training/valid_claim/CLM-001376_v2.png
CLM-001377,Valid Claim,train,v1,gtm_training/valid_claim/CLM-001377_v1.png
CLM-001377,Valid Claim,train,v2,gtm_training/valid_claim/CLM-001377_v2.png
CLM-001378,Invalid Claim,train,v1,gtm_training/invalid_claim/CLM-001378_v1.png
CLM-001378,Invalid Claim,train,v2,gtm_training/invalid_claim/CLM-001378_v2.png
CLM-001379,Manual Review,test,v1,holdout_test/manual_review/CLM-001379_v1.png
CLM-001380,Valid Claim,test,v1,holdout_test/valid_claim/CLM-001380_v1.png
CLM-001381,Invalid Claim,validation,v1,holdout_validation/invalid_claim/CLM-001381_v1.png
CLM-001382,Valid Claim,validation,v1,holdout_validation/valid_claim/CLM-001382_v1.png
CLM-001383,Valid Claim,train,v1,gtm_training/valid_claim/CLM-001383_v1.png
CLM-001383,Valid Claim,train,v2,gtm_training/valid_claim/CLM-001383_v2.png
CLM-001384,Invalid Claim,test,v1,holdout_test/invalid_claim/CLM-001384_v1.png
CLM-001385,Valid Claim,train,v1,gtm_training/valid_claim/CLM-001385_v1.png
CLM-001385,Valid Claim,train,v2,gtm_training/valid_claim/CLM-001385_v2.png
CLM-001386,Invalid Claim,train,v1,gtm_training/invalid_claim/CLM-001386_v1.png
CLM-001386,Invalid Claim,train,v2,gtm_training/invalid_claim/CLM-001386_v2.png
CLM-001387,Valid Claim,train,v1,gtm_training/valid_claim/CLM-001387_v1.png
CLM-001387,Valid Claim,train,v2,gtm_training/valid_claim/CLM-001387_v2.png
CLM-001388,Valid Claim,test,v1,holdout_test/valid_claim/CLM-001388_v1.png
CLM-001389,Valid Claim,train,v1,gtm_training/valid_claim/CLM-001389_v1.png
CLM-001389,Valid Claim,train,v2,gtm_training/valid_claim/CLM-001389_v2.png
CLM-001390,Manual Review,train,v1,gtm_training/manual_review/CLM-001390_v1.png
CLM-001390,Manual Review,train,v2,gtm_training/manual_review/CLM-001390_v2.png
CLM-001391,Invalid Claim,train,v1,gtm_training/invalid_claim/CLM-001391_v1.png
CLM-001391,Invalid Claim,train,v2,gtm_training/invalid_claim/CLM-001391_v2.png
CLM-001392,Manual Review,train,v1,gtm_training/manual_review/CLM-001392_v1.png
CLM-001392,Manual Review,train,v2,gtm_training/manual_review/CLM-001392_v2.png
CLM-001393,Valid Claim,test,v1,holdout_test/valid_claim/CLM-001393_v1.png
CLM-001394,Manual Review,validation,v1,holdout_validation/manual_review/CLM-001394_v1.png
CLM-001395,Invalid Claim,test,v1,holdout_test/invalid_claim/CLM-001395_v1.png
CLM-001396,Invalid Claim,train,v1,gtm_training/invalid_claim/CLM-001396_v1.png
CLM-001396,Invalid Claim,train,v2,gtm_training/invalid_claim/CLM-001396_v2.png
CLM-001397,Manual Review,train,v1,gtm_training/manual_review/CLM-001397_v1.png
CLM-001397,Manual Review,train,v2,gtm_training/manual_review/CLM-001397_v2.png
CLM-001398,Manual Review,train,v1,gtm_training/manual_review/CLM-001398_v1.png
CLM-001398,Manual Review,train,v2,gtm_training/manual_review/CLM-001398_v2.png
CLM-001399,Valid Claim,train,v1,gtm_training/valid_claim/CLM-001399_v1.png
CLM-001399,Valid Claim,train,v2,gtm_training/valid_claim/CLM-001399_v2.png
CLM-001400,Invalid Claim,train,v1,gtm_training/invalid_claim/CLM-001400_v1.png
CLM-001400,Invalid Claim,train,v2,gtm_training/invalid_claim/CLM-001400_v2.png
CLM-001401,Manual Review,validation,v1,holdout_validation/manual_review/CLM-001401_v1.png
CLM-001402,Invalid Claim,train,v1,gtm_training/invalid_claim/CLM-001402_v1.png
CLM-001402,Invalid Claim,train,v2,gtm_training/invalid_claim/CLM-001402_v2.png
CLM-001403,Invalid Claim,validation,v1,holdout_validation/invalid_claim/CLM-001403_v1.png
CLM-001404,Invalid Claim,train,v1,gtm_training/invalid_claim/CLM-001404_v1.png
CLM-001404,Invalid Claim,train,v2,gtm_training/invalid_claim/CLM-001404_v2.png
CLM-001405,Valid Claim,train,v1,gtm_training/valid_claim/CLM-001405_v1.png
CLM-001405,Valid Claim,train,v2,gtm_training/valid_claim/CLM-001405_v2.png
CLM-001406,Invalid Claim,train,v1,gtm_training/invalid_claim/CLM-001406_v1.png
CLM-001406,Invalid Claim,train,v2,gtm_training/invalid_claim/CLM-001406_v2.png
CLM-001407,Invalid Claim,test,v1,holdout_test/invalid_claim/CLM-001407_v1.png
CLM-001408,Manual Review,train,v1,gtm_training/manual_review/CLM-001408_v1.png
CLM-001408,Manual Review,train,v2,gtm_training/manual_review/CLM-001408_v2.png
CLM-001409,Valid Claim,train,v1,gtm_training/valid_claim/CLM-001409_v1.png
CLM-001409,Valid Claim,train,v2,gtm_training/valid_claim/CLM-001409_v2.png
CLM-001410,Invalid Claim,test,v1,holdout_test/invalid_claim/CLM-001410_v1.png
CLM-001411,Valid Claim,train,v1,gtm_training/valid_claim/CLM-001411_v1.png
CLM-001411,Valid Claim,train,v2,gtm_training/valid_claim/CLM-001411_v2.png
CLM-001412,Valid Claim,train,v1,gtm_training/valid_claim/CLM-001412_v1.png
CLM-001412,Valid Claim,train,v2,gtm_training/valid_claim/CLM-001412_v2.png
CLM-001413,Manual Review,train,v1,gtm_training/manual_review/CLM-001413_v1.png
CLM-001413,Manual Review,train,v2,gtm_training/manual_review/CLM-001413_v2.png
CLM-001414,Manual Review,train,v1,gtm_training/manual_review/CLM-001414_v1.png
CLM-001414,Manual Review,train,v2,gtm_training/manual_review/CLM-001414_v2.png
CLM-001415,Valid Claim,test,v1,holdout_test/valid_claim/CLM-001415_v1.png
CLM-001416,Valid Claim,train,v1,gtm_training/valid_claim/CLM-001416_v1.png
CLM-001416,Valid Claim,train,v2,gtm_training/valid_claim/CLM-001416_v2.png
CLM-001417,Manual Review,validation,v1,holdout_validation/manual_review/CLM-001417_v1.png
CLM-001418,Invalid Claim,train,v1,gtm_training/invalid_claim/CLM-001418_v1.png
CLM-001418,Invalid Claim,train,v2,gtm_training/invalid_claim/CLM-001418_v2.png
CLM-001419,Valid Claim,train,v1,gtm_training/valid_claim/CLM-001419_v1.png
CLM-001419,Valid Claim,train,v2,gtm_training/valid_claim/CLM-001419_v2.png
CLM-001420,Invalid Claim,train,v1,gtm_training/invalid_claim/CLM-001420_v1.png
CLM-001420,Invalid Claim,train,v2,gtm_training/invalid_claim/CLM-001420_v2.png
CLM-001421,Invalid Claim,validation,v1,holdout_validation/invalid_claim/CLM-001421_v1.png
CLM-001422,Manual Review,train,v1,gtm_training/manual_review/CLM-001422_v1.png
CLM-001422,Manual Review,train,v2,gtm_training/manual_review/CLM-001422_v2.png
CLM-001423,Invalid Claim,train,v1,gtm_training/invalid_claim/CLM-001423_v1.png
CLM-001423,Invalid Claim,train,v2,gtm_training/invalid_claim/CLM-001423_v2.png
CLM-001424,Invalid Claim,test,v1,holdout_test/invalid_claim/CLM-001424_v1.png
CLM-001425,Invalid Claim,train,v1,gtm_training/invalid_claim/CLM-001425_v1.png
CLM-001425,Invalid Claim,train,v2,gtm_training/invalid_claim/CLM-001425_v2.png
CLM-001426,Invalid Claim,validation,v1,holdout_validation/invalid_claim/CLM-001426_v1.png
CLM-001427,Manual Review,train,v1,gtm_training/manual_review/CLM-001427_v1.png
CLM-001427,Manual Review,train,v2,gtm_training/manual_review/CLM-001427_v2.png
CLM-001428,Valid Claim,train,v1,gtm_training/valid_claim/CLM-001428_v1.png
CLM-001428,Valid Claim,train,v2,gtm_training/valid_claim/CLM-001428_v2.png
CLM-001429,Invalid Claim,validation,v1,holdout_validation/invalid_claim/CLM-001429_v1.png
CLM-001430,Invalid Claim,train,v1,gtm_training/invalid_claim/CLM-001430_v1.png
CLM-001430,Invalid Claim,train,v2,gtm_training/invalid_claim/CLM-001430_v2.png
CLM-001431,Manual Review,train,v1,gtm_training/manual_review/CLM-001431_v1.png
CLM-001431,Manual Review,train,v2,gtm_training/manual_review/CLM-001431_v2.png
CLM-001432,Manual Review,validation,v1,holdout_validation/manual_review/CLM-001432_v1.png
CLM-001433,Valid Claim,test,v1,holdout_test/valid_claim/CLM-001433_v1.png
CLM-001434,Valid Claim,train,v1,gtm_training/valid_claim/CLM-001434_v1.png
CLM-001434,Valid Claim,train,v2,gtm_training/valid_claim/CLM-001434_v2.png
CLM-001435,Valid Claim,test,v1,holdout_test/valid_claim/CLM-001435_v1.png
CLM-001436,Manual Review,train,v1,gtm_training/manual_review/CLM-001436_v1.png
CLM-001436,Manual Review,train,v2,gtm_training/manual_review/CLM-001436_v2.png
CLM-001437,Manual Review,test,v1,holdout_test/manual_review/CLM-001437_v1.png
CLM-001438,Valid Claim,train,v1,gtm_training/valid_claim/CLM-001438_v1.png
CLM-001438,Valid Claim,train,v2,gtm_training/valid_claim/CLM-001438_v2.png
CLM-001439,Invalid Claim,train,v1,gtm_training/invalid_claim/CLM-001439_v1.png
CLM-001439,Invalid Claim,train,v2,gtm_training/invalid_claim/CLM-001439_v2.png
CLM-001440,Invalid Claim,train,v1,gtm_training/invalid_claim/CLM-001440_v1.png
CLM-001440,Invalid Claim,train,v2,gtm_training/invalid_claim/CLM-001440_v2.png
CLM-001441,Invalid Claim,train,v1,gtm_training/invalid_claim/CLM-001441_v1.png
CLM-001441,Invalid Claim,train,v2,gtm_training/invalid_claim/CLM-001441_v2.png
CLM-001442,Invalid Claim,train,v1,gtm_training/invalid_claim/CLM-001442_v1.png
CLM-001442,Invalid Claim,train,v2,gtm_training/invalid_claim/CLM-001442_v2.png
CLM-001443,Invalid Claim,test,v1,holdout_test/invalid_claim/CLM-001443_v1.png
CLM-001444,Valid Claim,train,v1,gtm_training/valid_claim/CLM-001444_v1.png
CLM-001444,Valid Claim,train,v2,gtm_training/valid_claim/CLM-001444_v2.png
CLM-001445,Invalid Claim,validation,v1,holdout_validation/invalid_claim/CLM-001445_v1.png
CLM-001446,Invalid Claim,train,v1,gtm_training/invalid_claim/CLM-001446_v1.png
CLM-001446,Invalid Claim,train,v2,gtm_training/invalid_claim/CLM-001446_v2.png
CLM-001447,Valid Claim,train,v1,gtm_training/valid_claim/CLM-001447_v1.png
CLM-001447,Valid Claim,train,v2,gtm_training/valid_claim/CLM-001447_v2.png
CLM-001448,Manual Review,train,v1,gtm_training/manual_review/CLM-001448_v1.png
CLM-001448,Manual Review,train,v2,gtm_training/manual_review/CLM-001448_v2.png
CLM-001449,Manual Review,validation,v1,holdout_validation/manual_review/CLM-001449_v1.png
CLM-001450,Valid Claim,train,v1,gtm_training/valid_claim/CLM-001450_v1.png
CLM-001450,Valid Claim,train,v2,gtm_training/valid_claim/CLM-001450_v2.png
CLM-001451,Manual Review,test,v1,holdout_test/manual_review/CLM-001451_v1.png
CLM-001452,Valid Claim,train,v1,gtm_training/valid_claim/CLM-001452_v1.png
CLM-001452,Valid Claim,train,v2,gtm_training/valid_claim/CLM-001452_v2.png
CLM-001453,Valid Claim,train,v1,gtm_training/valid_claim/CLM-001453_v1.png
CLM-001453,Valid Claim,train,v2,gtm_training/valid_claim/CLM-001453_v2.png
CLM-001454,Valid Claim,train,v1,gtm_training/valid_claim/CLM-001454_v1.png
CLM-001454,Valid Claim,train,v2,gtm_training/valid_claim/CLM-001454_v2.png
CLM-001455,Invalid Claim,train,v1,gtm_training/invalid_claim/CLM-001455_v1.png
CLM-001455,Invalid Claim,train,v2,gtm_training/invalid_claim/CLM-001455_v2.png
CLM-001456,Manual Review,train,v1,gtm_training/manual_review/CLM-001456_v1.png
CLM-001456,Manual Review,train,v2,gtm_training/manual_review/CLM-001456_v2.png
CLM-001457,Manual Review,train,v1,gtm_training/manual_review/CLM-001457_v1.png
CLM-001457,Manual Review,train,v2,gtm_training/manual_review/CLM-001457_v2.png
CLM-001458,Manual Review,test,v1,holdout_test/manual_review/CLM-001458_v1.png
CLM-001459,Manual Review,train,v1,gtm_training/manual_review/CLM-001459_v1.png
CLM-001459,Manual Review,train,v2,gtm_training/manual_review/CLM-001459_v2.png
CLM-001460,Valid Claim,train,v1,gtm_training/valid_claim/CLM-001460_v1.png
CLM-001460,Valid Claim,train,v2,gtm_training/valid_claim/CLM-001460_v2.png
CLM-001461,Invalid Claim,train,v1,gtm_training/invalid_claim/CLM-001461_v1.png
CLM-001461,Invalid Claim,train,v2,gtm_training/invalid_claim/CLM-001461_v2.png
CLM-001462,Valid Claim,train,v1,gtm_training/valid_claim/CLM-001462_v1.png
CLM-001462,Valid Claim,train,v2,gtm_training/valid_claim/CLM-001462_v2.png
CLM-001463,Valid Claim,validation,v1,holdout_validation/valid_claim/CLM-001463_v1.png
CLM-001464,Valid Claim,test,v1,holdout_test/valid_claim/CLM-001464_v1.png
CLM-001465,Invalid Claim,train,v1,gtm_training/invalid_claim/CLM-001465_v1.png
CLM-001465,Invalid Claim,train,v2,gtm_training/invalid_claim/CLM-001465_v2.png
CLM-001466,Manual Review,train,v1,gtm_training/manual_review/CLM-001466_v1.png
CLM-001466,Manual Review,train,v2,gtm_training/manual_review/CLM-001466_v2.png
CLM-001467,Valid Claim,test,v1,holdout_test/valid_claim/CLM-001467_v1.png
CLM-001468,Manual Review,train,v1,gtm_training/manual_review/CLM-001468_v1.png
CLM-001468,Manual Review,train,v2,gtm_training/manual_review/CLM-001468_v2.png
CLM-001469,Invalid Claim,train,v1,gtm_training/invalid_claim/CLM-001469_v1.png
CLM-001469,Invalid Claim,train,v2,gtm_training/invalid_claim/CLM-001469_v2.png
CLM-001470,Manual Review,test,v1,holdout_test/manual_review/CLM-001470_v1.png
CLM-001471,Invalid Claim,train,v1,gtm_training/invalid_claim/CLM-001471_v1.png
CLM-001471,Invalid Claim,train,v2,gtm_training/invalid_claim/CLM-001471_v2.png
CLM-001472,Valid Claim,test,v1,holdout_test/valid_claim/CLM-001472_v1.png
CLM-001473,Invalid Claim,train,v1,gtm_training/invalid_claim/CLM-001473_v1.png
CLM-001473,Invalid Claim,train,v2,gtm_training/invalid_claim/CLM-001473_v2.png
CLM-001474,Manual Review,train,v1,gtm_training/manual_review/CLM-001474_v1.png
CLM-001474,Manual Review,train,v2,gtm_training/manual_review/CLM-001474_v2.png
CLM-001475,Invalid Claim,train,v1,gtm_training/invalid_claim/CLM-001475_v1.png
CLM-001475,Invalid Claim,train,v2,gtm_training/invalid_claim/CLM-001475_v2.png
CLM-001476,Valid Claim,test,v1,holdout_test/valid_claim/CLM-001476_v1.png
CLM-001477,Invalid Claim,train,v1,gtm_training/invalid_claim/CLM-001477_v1.png
CLM-001477,Invalid Claim,train,v2,gtm_training/invalid_claim/CLM-001477_v2.png
CLM-001478,Manual Review,validation,v1,holdout_validation/manual_review/CLM-001478_v1.png
CLM-001479,Invalid Claim,train,v1,gtm_training/invalid_claim/CLM-001479_v1.png
CLM-001479,Invalid Claim,train,v2,gtm_training/invalid_claim/CLM-001479_v2.png
CLM-001480,Valid Claim,train,v1,gtm_training/valid_claim/CLM-001480_v1.png
CLM-001480,Valid Claim,train,v2,gtm_training/valid_claim/CLM-001480_v2.png
CLM-001481,Invalid Claim,train,v1,gtm_training/invalid_claim/CLM-001481_v1.png
CLM-001481,Invalid Claim,train,v2,gtm_training/invalid_claim/CLM-001481_v2.png
CLM-001482,Valid Claim,train,v1,gtm_training/valid_claim/CLM-001482_v1.png
CLM-001482,Valid Claim,train,v2,gtm_training/valid_claim/CLM-001482_v2.png
CLM-001483,Invalid Claim,train,v1,gtm_training/invalid_claim/CLM-001483_v1.png
CLM-001483,Invalid Claim,train,v2,gtm_training/invalid_claim/CLM-001483_v2.png
CLM-001484,Manual Review,train,v1,gtm_training/manual_review/CLM-001484_v1.png
CLM-001484,Manual Review,train,v2,gtm_training/manual_review/CLM-001484_v2.png
CLM-001485,Manual Review,validation,v1,holdout_validation/manual_review/CLM-001485_v1.png
CLM-001486,Manual Review,train,v1,gtm_training/manual_review/CLM-001486_v1.png
CLM-001486,Manual Review,train,v2,gtm_training/manual_review/CLM-001486_v2.png
CLM-001487,Invalid Claim,validation,v1,holdout_validation/invalid_claim/CLM-001487_v1.png
CLM-001488,Invalid Claim,train,v1,gtm_training/invalid_claim/CLM-001488_v1.png
CLM-001488,Invalid Claim,train,v2,gtm_training/invalid_claim/CLM-001488_v2.png
CLM-001489,Valid Claim,train,v1,gtm_training/valid_claim/CLM-001489_v1.png
CLM-001489,Valid Claim,train,v2,gtm_training/valid_claim/CLM-001489_v2.png
CLM-001490,Manual Review,test,v1,holdout_test/manual_review/CLM-001490_v1.png
CLM-001491,Manual Review,train,v1,gtm_training/manual_review/CLM-001491_v1.png
CLM-001491,Manual Review,train,v2,gtm_training/manual_review/CLM-001491_v2.png
CLM-001492,Invalid Claim,train,v1,gtm_training/invalid_claim/CLM-001492_v1.png
CLM-001492,Invalid Claim,train,v2,gtm_training/invalid_claim/CLM-001492_v2.png
CLM-001493,Valid Claim,train,v1,gtm_training/valid_claim/CLM-001493_v1.png
CLM-001493,Valid Claim,train,v2,gtm_training/valid_claim/CLM-001493_v2.png
CLM-001494,Valid Claim,train,v1,gtm_training/valid_claim/CLM-001494_v1.png
CLM-001494,Valid Claim,train,v2,gtm_training/valid_claim/CLM-001494_v2.png
CLM-001495,Invalid Claim,validation,v1,holdout_validation/invalid_claim/CLM-001495_v1.png
CLM-001496,Manual Review,train,v1,gtm_training/manual_review/CLM-001496_v1.png
CLM-001496,Manual Review,train,v2,gtm_training/manual_review/CLM-001496_v2.png
CLM-001497,Manual Review,validation,v1,holdout_validation/manual_review/CLM-001497_v1.png
CLM-001498,Invalid Claim,validation,v1,holdout_validation/invalid_claim/CLM-001498_v1.png
CLM-001499,Invalid Claim,train,v1,gtm_training/invalid_claim/CLM-001499_v1.png
CLM-001499,Invalid Claim,train,v2,gtm_training/invalid_claim/CLM-001499_v2.png
CLM-001500,Valid Claim,train,v1,gtm_training/valid_claim/CLM-001500_v1.png
CLM-001500,Valid Claim,train,v2,gtm_training/valid_claim/CLM-001500_v2.png
