claim_id,user_id,product_id,product_category,brand,model_number,serial_number,retailer,purchase_date,purchase_price,warranty_months,extended_warranty,extended_months,warranty_start_date,warranty_expiry_date,fault_date,claim_date,fault_category,fault_covered,damage_type,claim_amount,previous_repairs,last_repair_centre,unauthorised_repair,product_replaced_before,receipt_uploaded,warranty_card_uploaded,product_image_uploaded,serial_evidence_uploaded,fault_evidence_uploaded,repair_report_uploaded,missing_documents,serial_match,duplicate_claim_flag,contradiction_claim_before_purchase,contradiction_repair_before_purchase,contradiction_fault_after_claim,contradiction_model_mismatch,contradiction_count,product_age_days,remaining_warranty_days,warranty_status,reporting_delay_days,reported_within_window,claim_to_price_ratio,scenario_type,adjudication_score,claim_class
CLM-000001,USR-0300,PRD-0349,Washing Machine,Samsung,SAM-617C,SNVDT7663C42,Local Electronics Dealer,2023-09-11,115425,24,0,0,2023-09-11,2025-09-11,2026-04-11,2026-04-16,Water Inlet Valve Fault,1,Functional,58898,2,Local Repair Shop,1,1,1,1,1,1,1,1,0,1,0,0,0,0,0,0,948,-217,Expired,5,1,0.5103,complex,-0.4529,Manual Review
CLM-000002,USR-0226,PRD-0012,Refrigerator,Dawlance,DAW-852F,SNX9A8F8BOR2,Daraz,2024-05-13,157593,12,0,0,2024-05-13,2025-05-13,2024-11-01,2024-11-03,Improper Installation,0,Physical,24695,2,Authorised Service Centre Karachi,0,0,1,1,1,1,1,0,1,1,0,0,0,0,0,0,174,191,Active,2,1,0.1567,complex,2.1851,Manual Review
CLM-000003,USR-0119,PRD-0661,Refrigerator,Orient,ORI-638G,SN2JC2FO8HBF,HKB Store,2024-10-29,182529,12,0,0,2024-10-29,2025-10-29,2025-01-10,2025-01-10,Improper Installation,0,Environmental,123555,1,Unregistered Technician,1,0,1,1,0,1,1,1,1,1,0,0,0,0,0,0,73,292,Active,0,1,0.6769,incomplete,0.4502,Manual Review
CLM-000005,USR-0111,PRD-0512,Smartphone,Xiaomi,XIA-390F,SNZOEAVNAQWB,HKB Store,2023-01-01,46883,12,0,0,2023-01-01,2024-01-01,2025-06-29,2025-06-29,Display Line Defect,1,Functional,21780,3,Local Repair Shop,1,0,1,1,1,1,1,0,1,1,0,0,0,0,0,0,910,-545,Expired,0,1,0.4646,normal,-0.7647,Manual Review
CLM-000007,USR-0051,PRD-0370,Refrigerator,LG,LG-758F,SN0GH9Q7I2HK,Naheed Online,2026-01-24,269966,12,0,0,2026-01-24,2027-01-24,2026-06-15,2026-06-25,Rodent Damage,0,Installation,130856,3,Unregistered Technician,1,0,1,0,1,1,1,0,2,0,0,0,0,0,1,1,152,213,Active,10,1,0.4847,contradictory,-4.6664,Manual Review
CLM-000009,USR-0159,PRD-0230,Laptop,Dell,DEL-314P,SNOVU5WP8MVU,HKB Store,2025-12-27,395635,12,0,0,2025-12-27,2026-12-27,2026-06-13,2026-08-11,Fan Failure,1,Functional,275859,0,None,0,0,0,1,1,1,1,1,1,1,0,0,0,0,0,0,227,138,Active,59,0,0.6973,normal,5.9053,Valid Claim
CLM-000011,USR-0393,PRD-0644,Air Conditioner,Dawlance,DAW-287N,SND1T53YKYYD,Authorised Brand Outlet,2023-07-03,130279,12,0,0,2023-07-03,2024-07-03,2024-06-19,2024-06-20,Improper Installation,0,User Induced,60070,0,None,0,1,1,0,1,1,1,1,1,1,0,0,0,0,0,0,353,13,Nearing Expiry,1,1,0.4611,contradictory,0.4347,Manual Review
CLM-000012,USR-0114,PRD-0664,Washing Machine,LG,LG-164L,SN36KOF8KRD5,Imtiaz Super Market,2025-11-19,130984,24,0,0,2025-11-19,2027-11-19,2026-09-23,2025-10-21,Water Inlet Valve Fault,1,Functional,102456,0,None,0,0,1,1,1,1,1,1,0,1,0,1,0,0,0,1,-29,759,Active,-337,0,0.7822,borderline,6.1173,Valid Claim
CLM-000013,USR-0052,PRD-0150,Smartphone,Infinix,INF-862M,SNUCSWNQMWML,Daraz,2024-01-29,126438,12,1,12,2024-01-29,2026-01-29,2025-12-21,2025-12-23,Camera Module Fault,1,Functional,37713,0,None,0,0,1,1,1,1,1,1,0,1,0,0,0,0,0,0,694,37,Nearing Expiry,2,1,0.2983,borderline,10.2904,Valid Claim
CLM-000014,USR-0194,PRD-0144,Washing Machine,LG,LG-770A,SNDXWBC1JLID,Imtiaz Super Market,2026-06-20,91163,24,1,12,2026-06-20,2029-06-20,2026-09-23,2026-09-23,Water Inlet Valve Fault,1,Functional,7999,0,None,0,0,0,0,1,0,1,1,3,0,0,0,0,0,0,0,95,1001,Active,0,1,0.0877,incomplete,4.8625,Manual Review
CLM-000015,USR-0024,PRD-0036,Air Conditioner,TCL,TCL-164A,SNG1WYVILLU3,HKB Store,2025-08-08,391749,12,0,0,2025-08-08,2026-08-08,2026-09-12,2026-09-02,Compressor Failure,1,Functional,113311,3,Local Repair Shop,1,0,1,0,1,1,1,1,1,1,0,0,0,1,0,1,390,-25,Expired,-10,0,0.2892,borderline,-3.2209,Invalid Claim
CLM-000016,USR-0232,PRD-0471,Smartphone,Vivo,VIV-517A,SNZ9G5YXZOUU,Naheed Online,2026-03-14,61817,12,0,0,2026-03-14,2027-03-14,2026-04-22,2026-05-11,Speaker Failure,1,Functional,26811,0,None,0,0,1,1,1,1,1,1,0,1,0,0,0,0,0,0,58,307,Active,19,0,0.4337,normal,7.9786,Valid Claim
CLM-000017,USR-0309,PRD-0579,Washing Machine,Dawlance,DAW-279B,SNV0E7450J4A,Local Electronics Dealer,2025-08-04,189647,24,0,0,2025-08-04,2027-08-04,2025-08-25,2025-09-16,Drain Pump Failure,1,Functional,38880,1,Authorised Service Centre Lahore,0,0,0,1,1,0,0,1,3,1,0,0,0,0,0,0,43,687,Active,22,1,0.205,incomplete,6.1481,Valid Claim
CLM-000018,USR-0235,PRD-0447,Refrigerator,LG,LG-713H,SN66N0TGIYI0,HKB Store,2023-07-09,141091,12,1,48,2023-07-09,2028-07-09,2026-09-23,2026-09-23,Thermostat Fault,1,Functional,76087,1,Local Repair Shop,1,0,1,1,1,0,1,0,2,1,0,0,0,0,0,0,1172,655,Active,0,1,0.5393,borderline,7.9421,Valid Claim
CLM-000019,USR-0331,PRD-0026,Smartphone,Samsung,SAM-190H,SNGHAGQ9I046,Metro Cash And Carry,2024-10-06,220096,12,0,0,2024-10-06,2025-10-06,2026-07-13,2026-08-01,Speaker Failure,1,Functional,62426,1,Unregistered Technician,1,0,0,0,1,1,1,1,2,1,0,0,0,0,1,1,664,-299,Expired,19,0,0.2836,normal,-4.9764,Invalid Claim
CLM-000020,USR-0043,PRD-0130,Washing Machine,Samsung,SAM-617B,SN4KEK4AEGVF,Naheed Online,2026-08-12,52156,24,0,0,2026-08-12,2028-08-12,2026-09-12,2026-09-23,External Water Ingress,0,User Induced,14575,0,None,0,0,0,1,0,1,0,1,3,1,0,0,0,0,0,0,42,689,Active,11,1,0.2795,incomplete,-1.5488,Manual Review
CLM-000021,USR-0193,PRD-0592,Refrigerator,Orient,ORI-913K,SNITCLT62U15,Naheed Online,2024-03-29,76736,12,0,0,2024-03-29,2025-03-29,2024-05-11,2024-05-16,Compressor Failure,1,Functional,31669,0,None,0,0,1,1,1,0,1,1,1,1,0,0,0,0,0,0,48,317,Active,5,1,0.4127,normal,9.2627,Valid Claim
CLM-000022,USR-0282,PRD-0610,Washing Machine,Dawlance,DAW-536H,SNG4GMA4IXQW,Naheed Online,2026-02-19,93127,24,0,0,2026-02-19,2028-02-19,2026-03-23,2026-03-25,Drum Bearing Noise,1,Functional,22865,0,None,0,0,1,0,0,0,0,1,4,1,1,0,0,0,0,0,34,696,Active,2,1,0.2455,incomplete,4.8917,Manual Review
CLM-000023,USR-0281,PRD-0242,Smartphone,Vivo,VIV-233A,SNMDF3JPHNB5,Authorised Brand Outlet,2026-05-25,86763,12,0,0,2026-05-25,2027-05-25,2026-08-26,2026-05-19,Camera Module Fault,1,Functional,63111,2,Authorised Service Centre Islamabad,0,0,1,1,1,1,0,1,1,1,0,1,0,0,0,1,-6,371,Active,-99,0,0.7274,contradictory,4.4842,Valid Claim
CLM-000024,USR-0219,PRD-0209,Washing Machine,Samsung,SAM-846C,SNN1K9YXCFE7,Imtiaz Super Market,2023-08-11,89308,24,0,0,2023-08-11,2025-08-11,2025-05-28,2025-06-09,Rodent Damage,0,User Induced,51438,1,Authorised Service Centre Lahore,0,0,1,0,1,0,1,0,3,1,0,0,0,0,0,0,668,63,Active,12,1,0.576,incomplete,1.0444,Manual Review
CLM-000025,USR-0011,PRD-0065,Air Conditioner,Mitsubishi,MIT-680B,SNIK31YUW2TG,Naheed Online,2023-01-23,252643,12,0,0,2023-01-23,2024-01-23,2023-06-14,2023-08-04,Fan Motor Failure,1,Functional,163490,2,Authorised Service Centre Karachi,0,0,0,0,0,0,0,1,5,1,0,0,0,0,0,0,193,172,Active,51,0,0.6471,incomplete,3.4086,Valid Claim
CLM-000026,USR-0397,PRD-0855,Washing Machine,Dawlance,DAW-463F,SNQ6C67958VP,HKB Store,2024-03-09,124391,24,0,0,2024-03-09,2026-03-09,2026-02-06,2026-03-13,Control Board Fault,1,Functional,45678,0,None,0,0,0,1,1,1,0,1,2,1,0,0,0,0,0,0,734,-4,Expired,35,0,0.3672,normal,-2.4837,Invalid Claim
CLM-000027,USR-0188,PRD-0477,Smartphone,Oppo,OPP-733A,SNNGUCZH9IER,HKB Store,2026-07-16,52033,12,0,0,2026-07-16,2027-07-16,2026-09-23,2026-09-23,Screen Crack,0,Physical,7220,2,Authorised Service Centre Islamabad,0,0,1,1,1,1,1,0,1,1,0,0,0,0,0,0,69,296,Active,0,1,0.1388,complex,1.3212,Manual Review
CLM-000028,USR-0307,PRD-0309,Laptop,Asus,ASU-952H,SNNSXOF6T6WE,Imtiaz Super Market,2024-10-14,390173,12,0,0,2024-10-14,2025-10-14,2025-09-12,2025-09-16,Fan Failure,1,Functional,264773,0,None,0,0,1,1,1,1,1,1,0,1,0,0,0,0,0,0,337,28,Nearing Expiry,4,1,0.6786,borderline,9.1391,Valid Claim
CLM-000029,USR-0010,PRD-0452,Laptop,Acer,ACE-421G,SNFYO1750CEH,Daraz,2023-10-26,211980,12,0,0,2023-10-26,2024-10-26,2025-07-01,2025-07-01,Unauthorised Software Modification,0,User Induced,15952,1,Authorised Service Centre Karachi,0,0,1,1,0,1,1,1,1,1,0,0,0,0,0,0,614,-248,Expired,0,1,0.0753,normal,-5.1871,Invalid Claim
CLM-000031,USR-0326,PRD-0425,Air Conditioner,TCL,TCL-793H,SNGXJEXUJUFO,Local Electronics Dealer,2026-05-03,371312,12,0,0,2026-05-03,2027-05-03,2026-09-23,2026-09-23,Voltage Surge Without Stabilizer,0,Installation,314934,1,Local Repair Shop,1,0,1,1,1,1,1,1,0,0,0,0,0,0,0,0,143,222,Active,0,1,0.8482,normal,-2.4343,Invalid Claim
CLM-000033,USR-0294,PRD-0428,Refrigerator,Samsung,SAM-706G,SNN0TM4PGWD7,Naheed Online,2022-09-14,182801,12,0,0,2022-09-14,2023-09-14,2023-12-06,2023-11-22,Physical Damage,0,Environmental,142304,0,None,0,0,0,1,1,1,1,1,1,1,0,0,0,1,0,1,434,-69,Expired,-14,0,0.7785,borderline,-9.8902,Invalid Claim
CLM-000034,USR-0282,PRD-0101,Air Conditioner,Haier,HAI-151L,SN94874FRHOC,Naheed Online,2023-12-14,236037,12,1,36,2023-12-14,2027-12-14,2026-09-23,2026-09-23,Compressor Failure,1,Functional,99159,1,Authorised Service Centre Islamabad,0,0,1,1,1,0,1,1,1,1,0,0,0,0,0,0,1014,447,Active,0,1,0.4201,normal,10.0416,Valid Claim
CLM-000036,USR-0302,PRD-0878,Air Conditioner,TCL,TCL-885L,SNSO2YAQK5FL,Local Electronics Dealer,2025-07-05,405888,12,1,36,2025-07-05,2029-07-05,2026-01-01,2026-01-09,Fan Motor Failure,1,Functional,202929,2,Unregistered Technician,1,0,1,0,1,1,1,0,2,1,0,0,0,0,0,0,188,1273,Active,8,1,0.5,complex,7.7799,Valid Claim
CLM-000038,USR-0172,PRD-0576,Air Conditioner,Mitsubishi,MIT-907G,SNOGGV9F9PWB,Local Electronics Dealer,2025-12-01,247652,12,1,36,2025-12-01,2029-12-01,2025-12-30,2026-03-06,Lack Of Servicing,0,User Induced,42039,2,Authorised Service Centre Karachi,0,0,0,0,1,1,0,0,4,1,0,0,0,0,0,0,95,1366,Active,66,0,0.1698,incomplete,-2.23,Invalid Claim
CLM-000039,USR-0070,PRD-0661,Air Conditioner,Dawlance,DAW-952N,SN7RR8I8TA15,Imtiaz Super Market,2025-04-18,189936,12,0,0,2025-04-18,2026-04-18,2026-05-26,2026-06-17,Fan Motor Failure,1,Functional,50197,1,Authorised Service Centre Islamabad,0,0,1,1,1,0,0,1,2,1,0,0,0,0,0,0,425,-60,Expired,22,1,0.2643,borderline,0.278,Manual Review
CLM-000040,USR-0132,PRD-0110,Smartphone,Samsung,SAM-943C,SNT4H8QFDTN0,Naheed Online,2024-02-05,237184,12,0,0,2024-02-05,2025-02-05,2024-08-14,2024-11-24,Camera Module Fault,1,Functional,21590,1,Authorised Service Centre Islamabad,0,0,1,0,1,1,1,0,2,1,0,0,0,0,0,0,293,73,Active,102,0,0.091,normal,6.0566,Valid Claim
CLM-000041,USR-0283,PRD-0668,Laptop,Lenovo,LEN-401H,SN0RSOGGY5KO,Authorised Brand Outlet,2023-03-26,133218,12,0,0,2023-03-26,2024-03-26,2023-12-19,2024-01-05,Motherboard Fault,1,Functional,43807,0,None,0,0,1,1,0,1,1,1,1,0,0,0,0,0,0,0,285,81,Active,17,0,0.3288,incomplete,5.0682,Valid Claim
CLM-000044,USR-0014,PRD-0390,Laptop,HP,HP-713C,SNCMTGN9T8JU,Authorised Brand Outlet,2025-05-14,273110,12,0,0,2025-05-14,2026-05-14,2025-05-18,2025-05-22,Fan Failure,1,Functional,183002,1,Authorised Service Centre Karachi,0,1,1,1,0,1,0,0,3,1,0,0,0,0,0,0,8,357,Active,4,1,0.6701,complex,6.5699,Valid Claim
CLM-000045,USR-0107,PRD-0094,Laptop,Asus,ASU-606M,SNEXPFSLTJ66,Local Electronics Dealer,2023-04-28,233704,12,0,0,2023-04-28,2024-04-28,2024-05-24,2024-08-03,Fan Failure,1,Functional,138591,1,Authorised Service Centre Islamabad,0,0,1,1,1,1,1,0,1,1,0,0,0,0,0,0,463,-97,Expired,71,0,0.593,borderline,-0.1555,Manual Review
CLM-000046,USR-0284,PRD-0216,Washing Machine,Dawlance,DAW-225F,SN02BIP18A4J,Authorised Brand Outlet,2023-08-17,105433,24,1,12,2023-08-17,2026-08-17,2025-08-18,2025-10-26,External Water Ingress,0,Environmental,30992,0,None,0,0,1,1,1,0,1,1,1,1,0,0,0,0,0,0,801,295,Active,69,0,0.2939,normal,1.7024,Manual Review
CLM-000047,USR-0017,PRD-0733,Air Conditioner,TCL,TCL-641P,SNMBVBV4ABFV,Authorised Brand Outlet,2023-10-02,316647,12,0,0,2023-10-02,2024-10-02,2024-03-04,2024-06-22,Physical Damage,0,User Induced,33894,1,Unregistered Technician,1,0,1,1,1,1,1,1,0,0,0,0,0,0,0,0,264,102,Active,110,0,0.107,complex,-4.4448,Invalid Claim
CLM-000048,USR-0286,PRD-0569,Laptop,Dell,DEL-624G,SNDDTV25AO20,Authorised Brand Outlet,2024-02-24,226435,12,0,0,2024-02-24,2025-02-24,2024-09-04,2024-09-14,Fan Failure,1,Functional,29840,0,None,0,0,1,1,1,0,1,1,1,1,0,0,0,0,1,1,203,163,Active,10,1,0.1318,contradictory,8.0925,Valid Claim
CLM-000049,USR-0351,PRD-0397,Laptop,Lenovo,LEN-924G,SNNR4GLGPJDJ,Imtiaz Super Market,2023-10-29,296579,12,0,0,2023-10-29,2024-10-29,2024-08-01,2024-09-01,Liquid Spill,0,User Induced,151018,1,Authorised Service Centre Karachi,0,0,1,1,1,1,1,0,1,1,0,0,0,0,0,0,308,58,Nearing Expiry,31,0,0.5092,normal,1.1151,Manual Review
CLM-000051,USR-0236,PRD-0431,Laptop,Dell,DEL-958H,SNKSD9GAO4H8,Local Electronics Dealer,2024-04-15,372643,12,0,0,2024-04-15,2025-04-15,2026-03-20,2024-03-25,Battery Swelling,1,Functional,130944,2,Authorised Service Centre Islamabad,0,0,0,0,1,0,1,0,4,1,0,1,0,0,0,1,-21,386,Active,-725,0,0.3514,incomplete,2.6875,Manual Review
CLM-000053,USR-0304,PRD-0523,Refrigerator,Dawlance,DAW-594A,SNHT2IBTRVXO,Imtiaz Super Market,2022-11-11,316103,12,1,48,2022-11-11,2027-11-11,2025-03-13,2025-04-02,Physical Damage,0,User Induced,158778,0,None,0,0,1,1,1,1,0,1,1,1,0,0,0,0,0,0,873,953,Active,20,1,0.5023,normal,3.7528,Valid Claim
CLM-000054,USR-0025,PRD-0900,Smartphone,Vivo,VIV-605J,SNIUGNUTCWO4,Local Electronics Dealer,2024-01-25,183090,12,0,0,2024-01-25,2025-01-25,2024-04-02,2024-05-20,Screen Crack,0,Environmental,75179,1,Unregistered Technician,1,0,0,1,1,1,0,1,2,1,0,0,0,0,0,0,116,250,Active,48,0,0.4106,normal,-3.829,Invalid Claim
CLM-000055,USR-0196,PRD-0356,Smartphone,Oppo,OPP-535M,SN99WIHXBX5E,Authorised Brand Outlet,2026-06-10,257153,12,0,0,2026-06-10,2027-06-10,2026-09-23,2026-09-23,Network Module Fault,1,Functional,162624,0,None,0,0,1,1,1,1,1,1,0,1,0,0,0,0,0,0,105,260,Active,0,1,0.6324,borderline,9.0719,Valid Claim
CLM-000058,USR-0226,PRD-0081,Air Conditioner,Haier,HAI-322M,SNMZOIM2CAML,HKB Store,2024-01-06,368360,12,0,0,2024-01-06,2025-01-06,2025-02-12,2025-04-15,Improper Installation,0,Physical,164639,1,Authorised Service Centre Islamabad,0,0,1,0,1,1,1,0,2,1,0,0,0,0,0,0,465,-99,Expired,62,0,0.447,borderline,-8.0342,Invalid Claim
CLM-000059,USR-0209,PRD-0185,Refrigerator,Dawlance,DAW-354F,SNZU7N9EN0KE,Naheed Online,2023-04-22,167000,12,0,0,2023-04-22,2024-04-22,2025-12-22,2025-12-26,Compressor Failure,1,Functional,26021,2,Authorised Service Centre Lahore,0,0,0,1,1,1,1,0,2,1,0,0,0,0,0,0,979,-613,Expired,4,1,0.1558,normal,-0.3077,Manual Review
CLM-000063,USR-0180,PRD-0101,Laptop,Acer,ACE-257E,SNGBNIUD1AU0,Imtiaz Super Market,2024-04-04,358077,12,0,0,2024-04-04,2025-04-04,2025-05-13,2025-06-05,Liquid Spill,0,User Induced,206345,0,None,0,0,1,1,1,1,0,1,1,1,0,0,0,0,0,0,427,-62,Expired,23,0,0.5763,borderline,-6.8591,Invalid Claim
CLM-000064,USR-0162,PRD-0642,Air Conditioner,Dawlance,DAW-135L,SNUWCHGTWY3Y,Authorised Brand Outlet,2026-06-20,307667,12,0,0,2026-06-20,2027-06-20,2026-08-27,2026-06-07,Gas Leakage,1,Functional,240082,3,Unregistered Technician,1,0,1,1,1,1,1,0,1,1,0,1,0,0,0,1,-13,378,Active,-81,0,0.7803,normal,3.328,Valid Claim
CLM-000066,USR-0068,PRD-0078,Laptop,Asus,ASU-892C,SN5OYTF03NFA,Metro Cash And Carry,2024-05-12,273702,12,0,0,2024-05-12,2025-05-12,2025-07-15,2025-08-21,Screen Crack,0,Physical,82830,0,None,0,0,1,1,1,1,0,1,1,1,0,0,0,0,0,0,466,-101,Expired,37,0,0.3026,normal,-7.919,Invalid Claim
CLM-000067,USR-0140,PRD-0418,Laptop,HP,HP-801M,SNQMWT0IPSB5,HKB Store,2025-02-19,461872,12,0,0,2025-02-19,2026-02-19,2025-05-21,2025-05-31,Storage Failure,1,Functional,314508,1,Authorised Service Centre Karachi,0,0,1,1,1,1,1,1,0,1,0,0,0,0,0,0,101,264,Active,10,1,0.6809,normal,9.4627,Valid Claim
CLM-000068,USR-0359,PRD-0567,Air Conditioner,Mitsubishi,MIT-994E,SNZLM36VFOX5,Authorised Brand Outlet,2025-11-25,362513,12,0,0,2025-11-25,2026-11-25,2026-06-23,2026-07-27,Compressor Failure,1,Functional,300207,3,Unregistered Technician,1,0,1,0,1,1,1,0,2,1,0,0,0,0,0,0,244,121,Active,34,0,0.8281,complex,3.5316,Valid Claim
CLM-000070,USR-0046,PRD-0566,Laptop,Dell,DEL-769K,SNAM7WICFMNL,Authorised Brand Outlet,2026-01-21,214022,12,0,0,2026-01-21,2027-01-21,2026-09-01,2026-09-23,Physical Damage,0,Physical,98302,0,None,0,0,1,0,1,1,0,1,2,0,0,0,0,0,0,0,245,120,Active,22,0,0.4593,incomplete,-3.0792,Invalid Claim
CLM-000072,USR-0016,PRD-0511,Smartphone,Vivo,VIV-692L,SNOLYIWD52SW,Authorised Brand Outlet,2024-03-21,142097,12,0,0,2024-03-21,2025-03-21,2024-10-30,2024-11-06,Screen Crack,0,Environmental,38997,1,Authorised Service Centre Lahore,0,1,0,1,1,1,1,1,1,1,0,0,0,0,0,0,230,135,Active,7,1,0.2744,incomplete,-1.1012,Manual Review
CLM-000073,USR-0347,PRD-0255,Washing Machine,LG,LG-663L,SN86R5KXSOLV,Naheed Online,2025-09-05,130976,24,0,0,2025-09-05,2027-09-05,2026-05-16,2026-05-21,Drain Pump Failure,1,Functional,33364,2,Unregistered Technician,1,0,1,1,1,0,0,1,2,1,0,0,0,0,0,0,258,472,Active,5,1,0.2547,normal,6.8184,Valid Claim
CLM-000074,USR-0219,PRD-0290,Laptop,HP,HP-926A,SNBAU57OTE0Q,HKB Store,2026-07-04,213598,12,0,0,2026-07-04,2027-07-04,2026-09-06,2026-09-13,Storage Failure,1,Functional,16476,1,Authorised Service Centre Islamabad,0,0,0,1,1,1,0,0,3,1,0,0,0,0,0,0,71,294,Active,7,1,0.0771,incomplete,6.6745,Valid Claim
CLM-000075,USR-0318,PRD-0094,Smartphone,Vivo,VIV-459P,SN5DTLYAU7ZK,Daraz,2023-11-04,184049,12,0,0,2023-11-04,2024-11-04,2026-05-02,2026-04-22,Battery Wear After Six Months,0,Environmental,60169,0,None,0,0,1,1,0,1,1,1,1,1,0,0,0,1,0,1,900,-534,Expired,-10,0,0.3269,normal,-7.5213,Invalid Claim
CLM-000077,USR-0178,PRD-0296,Smartphone,Samsung,SAM-212A,SNRYQF8WXKK2,Metro Cash And Carry,2022-10-09,263565,12,0,0,2022-10-09,2023-10-09,2022-11-24,2022-11-30,Battery Wear After Six Months,0,Environmental,132660,0,None,0,0,0,1,1,0,1,1,2,0,0,0,0,0,0,0,52,313,Active,6,1,0.5033,normal,-1.848,Manual Review
CLM-000078,USR-0381,PRD-0549,Washing Machine,LG,LG-729E,SNKDW1UX6OVH,Metro Cash And Carry,2026-04-12,78336,24,1,12,2026-04-12,2029-04-12,2026-04-22,2026-04-22,Drain Pump Failure,1,Functional,9927,1,Authorised Service Centre Islamabad,0,0,0,1,0,0,0,1,4,1,0,0,0,0,0,0,10,1086,Active,0,1,0.1267,incomplete,5.7906,Valid Claim
CLM-000079,USR-0105,PRD-0732,Refrigerator,Samsung,SAM-517B,SNIROAGI7LSO,HKB Store,2023-09-09,258047,12,0,0,2023-09-09,2024-09-09,2023-10-01,2023-12-21,Control Board Fault,1,Functional,216684,0,None,0,0,0,0,1,1,1,1,2,1,0,0,0,0,0,0,103,263,Active,81,0,0.8397,incomplete,4.5079,Valid Claim
CLM-000080,USR-0242,PRD-0702,Refrigerator,LG,LG-150M,SNXP2IU4CP9M,Naheed Online,2024-10-19,270092,12,0,0,2024-10-19,2025-10-19,2025-01-11,2025-01-13,Thermostat Fault,1,Functional,148382,1,Unregistered Technician,1,0,1,1,1,1,1,1,0,1,0,0,0,0,0,0,86,279,Active,2,1,0.5494,normal,7.3582,Valid Claim
CLM-000081,USR-0097,PRD-0589,Washing Machine,Haier,HAI-922D,SN17A5JKULC5,Daraz,2024-01-09,108157,24,0,0,2024-01-09,2026-01-09,2024-11-26,2024-11-26,Improper Installation,0,Physical,36987,0,None,0,1,0,1,1,1,0,1,2,0,0,0,0,0,0,0,322,409,Active,0,1,0.342,incomplete,-3.721,Invalid Claim
CLM-000082,USR-0060,PRD-0408,Air Conditioner,Gree,GRE-148L,SNRRBAI3AL6E,Daraz,2023-02-22,414615,12,1,36,2023-02-22,2027-02-22,2026-04-09,2026-07-10,Physical Damage,0,User Induced,150886,1,Authorised Service Centre Islamabad,0,0,1,0,1,1,1,1,1,1,0,0,0,0,0,0,1234,227,Active,92,0,0.3639,complex,0.6189,Manual Review
CLM-000083,USR-0302,PRD-0305,Washing Machine,Dawlance,DAW-762P,SNVR62TRICQP,Metro Cash And Carry,2023-05-17,176553,24,0,0,2023-05-17,2025-05-17,2024-01-31,2024-02-10,Drain Pump Failure,1,Functional,14180,0,None,0,0,1,0,1,1,1,1,1,1,0,0,0,0,0,0,269,462,Active,10,1,0.0803,normal,8.7678,Valid Claim
CLM-000084,USR-0191,PRD-0164,Refrigerator,Orient,ORI-199A,SNT6GXNYT2GO,Imtiaz Super Market,2025-02-17,114981,12,0,0,2025-02-17,2026-02-17,2025-10-19,2025-10-22,Thermostat Fault,1,Functional,26548,2,Unregistered Technician,1,0,1,1,0,1,1,1,1,1,0,0,0,0,0,0,247,118,Active,3,1,0.2309,contradictory,7.1235,Valid Claim
CLM-000085,USR-0392,PRD-0734,Air Conditioner,Haier,HAI-556A,SN9YL16ZV8U0,Daraz,2022-09-25,315493,12,0,0,2022-09-25,2023-09-25,2023-03-09,2023-03-25,Voltage Surge Without Stabilizer,0,Installation,35953,2,Authorised Service Centre Islamabad,0,1,1,1,1,1,0,0,2,1,0,0,0,0,0,0,181,184,Active,16,1,0.114,complex,0.0267,Manual Review
CLM-000087,USR-0360,PRD-0086,Laptop,HP,HP-436L,SN4H6U47Y3PB,Authorised Brand Outlet,2023-09-14,204242,12,0,0,2023-09-14,2024-09-14,2026-03-02,2026-03-02,Screen Crack,0,Environmental,108840,0,None,0,0,1,0,1,0,1,1,2,1,0,0,0,0,0,0,900,-534,Expired,0,1,0.5329,normal,-5.1417,Invalid Claim
CLM-000088,USR-0285,PRD-0006,Washing Machine,LG,LG-652D,SN8BO7JFM03T,Metro Cash And Carry,2026-04-10,158568,24,0,0,2026-04-10,2028-04-10,2026-04-15,2026-04-01,Motor Failure,1,Functional,132104,2,Authorised Service Centre Karachi,0,0,1,1,1,0,1,0,2,1,0,1,1,0,0,2,-9,740,Active,-14,0,0.8331,contradictory,3.4362,Manual Review
CLM-000090,USR-0075,PRD-0372,Laptop,Asus,ASU-586M,SNNLX6B02B7Y,Daraz,2025-05-04,230612,12,0,0,2025-05-04,2026-05-04,2026-04-29,2026-05-08,Screen Crack,0,Environmental,173776,0,None,0,0,1,1,1,1,1,1,0,1,0,0,0,0,0,0,369,-4,Expired,9,1,0.7535,borderline,-4.7124,Invalid Claim
CLM-000091,USR-0297,PRD-0213,Air Conditioner,Gree,GRE-204A,SNIIQ1Z5AYLX,Daraz,2024-08-31,204879,12,0,0,2024-08-31,2025-08-31,2025-10-15,2025-11-14,Fan Motor Failure,1,Functional,91751,0,None,0,0,1,1,0,1,1,1,1,1,0,0,0,0,0,0,440,-75,Expired,30,1,0.4478,normal,1.7912,Manual Review
CLM-000092,USR-0351,PRD-0604,Smartphone,Oppo,OPP-819F,SNZG9BCDC25D,Daraz,2025-01-15,276458,12,0,0,2025-01-15,2026-01-15,2025-12-09,2025-12-15,Network Module Fault,1,Functional,120984,1,Unregistered Technician,1,0,0,1,1,1,0,1,2,1,0,0,0,0,0,0,334,31,Nearing Expiry,6,1,0.4376,normal,5.0278,Valid Claim
CLM-000093,USR-0196,PRD-0569,Laptop,Acer,ACE-260K,SNPL7QHVKVLA,Metro Cash And Carry,2025-07-21,162392,12,0,0,2025-07-21,2026-07-21,2026-08-27,2026-09-05,Motherboard Fault,1,Functional,66150,1,Authorised Service Centre Lahore,0,0,1,1,1,1,0,1,1,1,0,0,1,0,0,1,411,-46,Expired,9,1,0.4073,borderline,-0.7024,Manual Review
CLM-000094,USR-0114,PRD-0464,Smartphone,Samsung,SAM-920B,SNJYHRQG3IGF,Naheed Online,2023-02-12,28002,12,0,0,2023-02-12,2024-02-12,2025-07-03,2025-06-17,Charging Port Fault,1,Functional,15262,0,None,0,0,1,1,1,0,0,1,2,1,0,0,0,1,0,1,856,-491,Expired,-16,0,0.545,incomplete,-2.7619,Invalid Claim
CLM-000096,USR-0213,PRD-0335,Laptop,Dell,DEL-860G,SNAKGG5PKXUN,Metro Cash And Carry,2023-04-28,136283,12,0,0,2023-04-28,2024-04-28,2023-10-16,2023-10-23,Storage Failure,1,Functional,12736,3,Authorised Service Centre Islamabad,0,0,1,0,1,1,1,1,1,0,0,0,0,0,0,0,178,188,Active,7,1,0.0935,contradictory,5.2083,Valid Claim
CLM-000097,USR-0139,PRD-0741,Washing Machine,Dawlance,DAW-142B,SNBSXPK48AB1,HKB Store,2025-03-18,170507,24,1,12,2025-03-18,2028-03-18,2025-05-18,2025-05-26,Physical Damage,0,Environmental,137646,0,None,0,0,1,1,1,0,1,1,1,0,0,0,0,0,0,0,69,1027,Active,8,1,0.8073,normal,0.5622,Manual Review
CLM-000098,USR-0109,PRD-0145,Air Conditioner,Mitsubishi,MIT-694E,SNAINRJOHTRF,Naheed Online,2024-04-05,411971,12,0,0,2024-04-05,2025-04-05,2025-11-09,2025-11-09,Voltage Surge Without Stabilizer,0,Physical,197423,1,Authorised Service Centre Lahore,0,0,1,1,1,1,1,1,0,1,0,0,0,0,0,0,583,-218,Expired,0,1,0.4792,normal,-5.4862,Invalid Claim
CLM-000099,USR-0148,PRD-0281,Laptop,Asus,ASU-598H,SNIG7JVDIKDT,Authorised Brand Outlet,2024-03-19,407687,12,1,24,2024-03-19,2027-03-19,2024-12-31,2025-03-10,Motherboard Fault,1,Functional,122915,1,Unregistered Technician,1,0,0,0,1,1,1,1,2,1,0,0,0,0,0,0,356,739,Active,69,0,0.3015,incomplete,4.4218,Valid Claim
CLM-000101,USR-0253,PRD-0556,Laptop,Acer,ACE-416C,SNRDIHSA7HEZ,HKB Store,2025-10-12,380231,12,1,24,2025-10-12,2028-10-12,2026-09-23,2026-09-23,Storage Failure,1,Functional,307490,0,None,0,0,1,1,1,0,1,1,1,1,1,0,0,0,0,0,346,750,Active,0,1,0.8087,borderline,6.7602,Valid Claim
CLM-000103,USR-0281,PRD-0488,Smartphone,Xiaomi,XIA-134K,SN1PPQVQ1HU3,Imtiaz Super Market,2022-11-04,238764,12,0,0,2022-11-04,2023-11-04,2023-04-26,2023-05-06,Display Line Defect,1,Functional,24865,0,None,0,0,1,0,1,1,1,1,1,1,0,0,0,0,0,0,183,182,Active,10,1,0.1041,normal,7.7607,Valid Claim
CLM-000105,USR-0098,PRD-0772,Air Conditioner,Haier,HAI-454A,SNRN10H57S4X,Authorised Brand Outlet,2024-09-11,238416,12,1,36,2024-09-11,2028-09-11,2026-09-23,2026-09-23,Cooling Fault,1,Functional,112860,0,None,0,0,1,1,1,0,1,1,1,1,0,0,0,0,0,0,742,719,Active,0,1,0.4734,borderline,9.8817,Valid Claim
CLM-000106,USR-0205,PRD-0331,Smartphone,Xiaomi,XIA-435N,SN15M9GQJANQ,Authorised Brand Outlet,2023-08-21,170638,12,0,0,2023-08-21,2024-08-21,2024-07-07,2024-09-01,Charging Port Fault,1,Functional,53654,0,None,0,0,1,1,1,1,1,1,0,1,0,0,0,0,0,0,377,-11,Expired,56,0,0.3144,borderline,0.4537,Manual Review
CLM-000107,USR-0033,PRD-0214,Smartphone,Infinix,INF-110N,SNAJ7HEKDZE9,Local Electronics Dealer,2025-03-29,334418,12,0,0,2025-03-29,2026-03-29,2026-04-19,2026-04-23,Water Damage,0,Physical,154215,0,None,0,0,1,0,1,1,1,1,1,1,0,0,0,0,0,0,390,-25,Expired,4,1,0.4611,normal,-5.7308,Invalid Claim
CLM-000109,USR-0287,PRD-0134,Laptop,HP,HP-846M,SN94588YSVCZ,Metro Cash And Carry,2023-02-07,128404,12,0,0,2023-02-07,2024-02-07,2024-11-10,2024-12-08,Unauthorised Software Modification,0,Environmental,41515,1,Local Repair Shop,1,0,1,1,1,1,1,1,0,0,0,0,0,0,0,0,670,-305,Expired,28,0,0.3233,contradictory,-11.2676,Invalid Claim
CLM-000111,USR-0016,PRD-0005,Air Conditioner,Mitsubishi,MIT-168E,SNKXXQO4078K,Local Electronics Dealer,2024-06-07,404305,12,0,0,2024-06-07,2025-06-07,2025-06-21,2025-07-21,Fan Motor Failure,1,Functional,47590,0,None,0,0,1,1,1,0,1,1,1,1,0,0,0,0,0,0,409,-44,Expired,30,1,0.1177,borderline,2.0353,Manual Review
CLM-000113,USR-0056,PRD-0787,Air Conditioner,Gree,GRE-834A,SN3G9R304ABI,Authorised Brand Outlet,2025-10-04,367666,12,0,0,2025-10-04,2026-10-04,2026-07-24,2026-09-23,Lack Of Servicing,0,Physical,57678,0,None,0,0,0,0,1,1,1,1,2,1,0,0,0,0,0,0,354,11,Nearing Expiry,61,0,0.1569,contradictory,-2.5421,Invalid Claim
CLM-000114,USR-0318,PRD-0382,Refrigerator,LG,LG-645H,SNJPGFFYX3DI,Metro Cash And Carry,2025-06-16,158790,12,0,0,2025-06-16,2026-06-16,2025-07-10,2025-07-15,Rodent Damage,0,Physical,9391,2,Local Repair Shop,1,0,0,0,0,1,0,1,4,1,0,0,0,0,0,0,29,336,Active,5,1,0.0591,incomplete,-2.7873,Invalid Claim
CLM-000116,USR-0325,PRD-0080,Refrigerator,Samsung,SAM-203B,SNLR4KNBD9O4,Local Electronics Dealer,2023-05-25,268817,12,1,48,2023-05-25,2028-05-25,2023-05-28,2023-06-05,Control Board Fault,1,Functional,121569,0,None,0,0,1,1,0,0,0,1,3,1,0,0,0,0,0,0,11,1816,Active,8,1,0.4522,normal,8.9442,Valid Claim
CLM-000117,USR-0016,PRD-0784,Smartphone,Infinix,INF-426G,SN8K03W0FGEA,Authorised Brand Outlet,2024-10-29,87069,12,0,0,2024-10-29,2025-10-29,2025-09-30,2025-10-02,Water Damage,0,Environmental,17179,0,None,0,0,1,1,0,0,1,1,2,1,0,0,0,0,0,0,338,27,Nearing Expiry,2,1,0.1973,borderline,1.7796,Manual Review
CLM-000118,USR-0006,PRD-0137,Air Conditioner,Gree,GRE-594C,SNTGBJBI9ZA5,Local Electronics Dealer,2026-08-23,418390,12,0,0,2026-08-23,2027-08-23,2026-09-13,2026-09-23,Physical Damage,0,Environmental,40527,2,Authorised Service Centre Islamabad,0,0,1,1,1,0,1,1,1,0,0,0,0,0,0,0,31,334,Active,10,1,0.0969,normal,-0.879,Manual Review
CLM-000120,USR-0242,PRD-0466,Washing Machine,LG,LG-232E,SNW1Z6R222H1,Metro Cash And Carry,2025-02-20,119021,24,0,0,2025-02-20,2027-02-20,2026-09-23,2026-09-23,Improper Installation,0,User Induced,89566,0,None,0,0,1,1,0,1,1,1,1,1,0,0,0,0,0,0,580,150,Active,0,1,0.7525,borderline,3.1207,Manual Review
CLM-000121,USR-0121,PRD-0778,Smartphone,Samsung,SAM-761G,SNZQG1KWH54W,Naheed Online,2025-10-01,271324,12,0,0,2025-10-01,2026-10-01,2026-05-28,2026-06-04,Physical Damage,0,Environmental,171502,0,None,0,0,1,1,1,1,1,1,0,1,0,0,0,0,0,0,246,119,Active,7,1,0.6321,normal,2.1105,Manual Review
CLM-000122,USR-0087,PRD-0691,Laptop,Acer,ACE-882J,SN6GNEMBRG8M,Local Electronics Dealer,2026-08-13,107206,12,0,0,2026-08-13,2027-08-13,2026-09-23,2026-09-23,Fan Failure,1,Functional,57451,1,Local Repair Shop,1,1,1,0,1,1,1,1,1,1,0,0,0,0,0,0,41,324,Active,0,1,0.5359,borderline,6.5971,Valid Claim
CLM-000123,USR-0310,PRD-0008,Washing Machine,Samsung,SAM-515M,SNAV41B8E9UF,HKB Store,2026-08-23,181918,24,0,0,2026-08-23,2028-08-23,2026-08-31,2026-09-22,Control Board Fault,1,Functional,88782,0,None,0,0,0,1,1,0,0,1,3,0,0,0,0,0,1,1,30,701,Active,22,1,0.488,incomplete,2.6092,Manual Review
CLM-000124,USR-0198,PRD-0628,Smartphone,Xiaomi,XIA-949M,SN1LYCFVP1XN,Daraz,2025-03-12,224688,12,0,0,2025-03-12,2026-03-12,2026-04-25,2026-05-01,Water Damage,0,Installation,25146,0,None,0,0,1,1,1,1,1,1,0,1,0,0,0,0,1,1,415,-50,Expired,6,1,0.1119,contradictory,-6.5473,Invalid Claim
CLM-000125,USR-0116,PRD-0346,Air Conditioner,Mitsubishi,MIT-428E,SNUDQD6OD6IH,HKB Store,2025-03-10,124011,12,0,0,2025-03-10,2026-03-10,2025-06-22,2025-07-01,Cooling Fault,1,Functional,49611,0,None,0,0,1,1,0,1,1,1,1,1,0,0,0,0,0,0,113,252,Active,9,1,0.4001,normal,8.8034,Valid Claim
CLM-000128,USR-0002,PRD-0636,Laptop,Asus,ASU-796D,SNOVM5CV35XU,Metro Cash And Carry,2023-11-13,397513,12,0,0,2023-11-13,2024-11-13,2023-12-01,2023-12-03,Liquid Spill,0,Physical,57941,0,None,0,0,1,0,1,1,1,1,1,1,0,0,0,0,0,0,20,346,Active,2,1,0.1458,normal,1.8146,Manual Review
CLM-000130,USR-0292,PRD-0288,Air Conditioner,Dawlance,DAW-536K,SNF9X7A2EE3M,Metro Cash And Carry,2022-11-03,324274,12,0,0,2022-11-03,2023-11-03,2023-12-10,2024-02-28,PCB Fault,1,Functional,272272,1,Authorised Service Centre Karachi,0,0,1,1,0,0,1,1,2,1,1,0,0,0,0,0,482,-117,Expired,80,0,0.8396,borderline,-3.3861,Invalid Claim
CLM-000131,USR-0083,PRD-0806,Washing Machine,PEL,PEL-874K,SNMR0VLKBCUS,HKB Store,2026-01-10,150495,24,0,0,2026-01-10,2028-01-10,2026-03-04,2026-03-04,Water Inlet Valve Fault,1,Functional,78980,1,Authorised Service Centre Lahore,0,0,1,1,1,1,0,0,2,1,0,0,0,0,0,0,53,677,Active,0,1,0.5248,incomplete,7.775,Valid Claim
CLM-000132,USR-0223,PRD-0170,Smartphone,Samsung,SAM-216K,SNS00WMW08TS,HKB Store,2023-10-03,85605,12,0,0,2023-10-03,2024-10-03,2026-01-13,2026-02-12,Charging Port Fault,1,Functional,43951,1,Local Repair Shop,1,0,1,1,1,1,1,1,0,0,0,0,0,0,0,0,863,-497,Expired,30,0,0.5134,contradictory,-4.2643,Invalid Claim
CLM-000135,USR-0340,PRD-0165,Laptop,Asus,ASU-592P,SNMSNINW8AZ1,Local Electronics Dealer,2024-03-05,295932,12,0,0,2024-03-05,2025-03-05,2024-12-16,2025-03-25,Motherboard Fault,1,Functional,156165,2,Unregistered Technician,1,1,1,0,1,0,1,1,2,1,0,0,0,0,0,0,385,-20,Expired,99,0,0.5277,complex,-2.639,Invalid Claim
CLM-000136,USR-0366,PRD-0816,Smartphone,Oppo,OPP-209F,SNUCKQVIIFRC,Imtiaz Super Market,2022-10-04,291311,12,0,0,2022-10-04,2023-10-04,2023-09-20,2023-10-16,Water Damage,0,User Induced,38553,2,Local Repair Shop,1,0,0,1,1,1,1,1,1,1,0,0,0,0,0,0,377,-12,Expired,26,0,0.1323,normal,-9.5973,Invalid Claim
CLM-000137,USR-0252,PRD-0070,Laptop,Asus,ASU-649G,SNWFK5MGC3EC,Authorised Brand Outlet,2026-04-13,177411,12,0,0,2026-04-13,2027-04-13,2026-09-23,2026-09-23,Unauthorised Software Modification,0,Physical,123609,1,Authorised Service Centre Islamabad,0,0,1,0,0,1,1,0,3,1,0,0,0,0,0,0,163,202,Active,0,1,0.6967,normal,1.783,Manual Review
CLM-000138,USR-0180,PRD-0685,Air Conditioner,Mitsubishi,MIT-722N,SNNO9I1S6XH7,Metro Cash And Carry,2023-10-04,142940,12,0,0,2023-10-04,2024-10-04,2024-11-02,2024-11-24,Voltage Surge Without Stabilizer,0,User Induced,16752,1,Authorised Service Centre Lahore,0,0,0,1,1,1,0,1,2,1,0,0,0,0,0,0,417,-51,Expired,22,1,0.1172,borderline,-8.1322,Invalid Claim
CLM-000139,USR-0251,PRD-0837,Smartphone,Xiaomi,XIA-321N,SNOLDU7JPMMQ,Local Electronics Dealer,2025-06-21,28332,12,1,12,2025-06-21,2027-06-21,2026-03-11,2026-03-20,Battery Wear After Six Months,0,Environmental,22410,0,None,0,0,1,1,1,1,1,1,0,1,0,0,0,0,0,0,272,458,Active,9,1,0.791,normal,3.3097,Valid Claim
CLM-000140,USR-0283,PRD-0388,Refrigerator,Haier,HAI-691B,SNWPEEYIG2P7,Metro Cash And Carry,2024-02-04,213662,12,0,0,2024-02-04,2025-02-04,2024-03-12,2024-03-06,Physical Damage,0,Physical,125186,1,Unregistered Technician,1,0,1,1,1,1,1,0,1,1,0,0,0,1,0,1,31,335,Active,-6,0,0.5859,normal,-2.174,Invalid Claim
CLM-000143,USR-0192,PRD-0827,Refrigerator,Haier,HAI-805P,SNEURANI8Y66,Local Electronics Dealer,2023-11-16,133897,12,0,0,2023-11-16,2024-11-16,2024-10-09,2024-10-19,Physical Damage,0,User Induced,43232,1,Unregistered Technician,1,0,1,0,0,0,1,1,3,1,0,0,0,0,0,0,338,28,Nearing Expiry,10,1,0.3229,incomplete,-0.648,Manual Review
CLM-000144,USR-0079,PRD-0465,Washing Machine,LG,LG-311M,SNJ9ZU0F5E47,Naheed Online,2025-03-29,176937,24,0,0,2025-03-29,2027-03-29,2025-07-05,2025-07-09,Control Board Fault,1,Functional,102513,1,Local Repair Shop,1,1,1,0,1,1,1,0,2,1,0,0,0,0,0,0,102,628,Active,4,1,0.5794,complex,5.6178,Valid Claim
CLM-000145,USR-0240,PRD-0016,Laptop,Asus,ASU-694K,SN5SEFMM3JT4,Daraz,2025-11-28,381110,12,0,0,2025-11-28,2026-11-28,2026-09-23,2026-09-23,Storage Failure,1,Functional,66387,1,Authorised Service Centre Islamabad,0,0,1,1,1,1,1,1,0,1,0,0,0,0,0,0,299,66,Active,0,1,0.1742,borderline,9.1061,Valid Claim
CLM-000147,USR-0002,PRD-0699,Air Conditioner,TCL,TCL-944A,SNM2I3QM6DTE,Metro Cash And Carry,2022-09-29,265880,12,1,36,2022-09-29,2026-09-29,2026-04-06,2026-04-18,Compressor Failure,1,Functional,201821,1,Authorised Service Centre Lahore,0,1,1,1,1,0,1,0,2,1,0,0,0,0,0,0,1297,164,Active,12,1,0.7591,complex,7.8748,Valid Claim
CLM-000148,USR-0273,PRD-0010,Air Conditioner,TCL,TCL-723J,SNH094IPZGRS,Naheed Online,2024-11-11,306902,12,1,36,2024-11-11,2028-11-11,2026-09-23,2026-09-23,Compressor Failure,1,Functional,199708,1,Authorised Service Centre Karachi,0,0,1,1,1,0,1,1,1,1,0,0,0,0,0,0,681,780,Active,0,1,0.6507,normal,10.2249,Valid Claim
CLM-000149,USR-0167,PRD-0233,Laptop,Asus,ASU-625L,SNBXPDZLHR69,Imtiaz Super Market,2023-03-21,418709,12,0,0,2023-03-21,2024-03-21,2024-06-11,2024-06-07,Motherboard Fault,1,Functional,62885,1,Authorised Service Centre Karachi,0,0,1,1,1,1,1,0,1,1,0,0,0,1,0,1,444,-78,Expired,-4,0,0.1502,borderline,-2.1362,Invalid Claim
CLM-000151,USR-0171,PRD-0359,Washing Machine,PEL,PEL-673N,SNWAHK2LSLAY,Daraz,2023-02-23,153693,24,0,0,2023-02-23,2025-02-23,2025-01-29,2025-02-22,External Water Ingress,0,User Induced,58592,4,Unregistered Technician,1,0,1,1,1,1,1,0,1,0,1,0,0,0,0,0,730,1,Nearing Expiry,24,1,0.3812,complex,-5.3337,Manual Review
CLM-000152,USR-0288,PRD-0708,Refrigerator,Dawlance,DAW-516J,SN3HI0X5FRZU,Authorised Brand Outlet,2025-07-31,250147,12,0,0,2025-07-31,2026-07-31,2025-11-06,2025-11-08,Physical Damage,0,User Induced,108018,0,None,0,0,1,0,1,1,1,1,1,1,0,0,0,0,0,0,100,265,Active,2,1,0.4318,normal,1.5941,Manual Review
CLM-000153,USR-0265,PRD-0698,Laptop,Asus,ASU-549N,SNK3NEO8TVCJ,Imtiaz Super Market,2024-08-17,442094,12,0,0,2024-08-17,2025-08-17,2026-01-08,2026-01-12,Screen Crack,0,Environmental,293006,1,Authorised Service Centre Karachi,0,1,1,1,1,1,0,1,1,1,0,0,0,0,0,0,513,-148,Expired,4,1,0.6628,normal,-6.8784,Invalid Claim
CLM-000156,USR-0389,PRD-0500,Smartphone,Vivo,VIV-993J,SNBCW790PDW5,Naheed Online,2022-12-14,304771,12,0,0,2022-12-14,2023-12-14,2023-10-22,2023-10-22,Physical Damage,0,Physical,107891,2,Local Repair Shop,1,0,0,1,1,0,0,1,3,1,0,0,0,0,0,0,312,53,Nearing Expiry,0,1,0.354,incomplete,-2.4691,Manual Review
CLM-000157,USR-0194,PRD-0626,Smartphone,Samsung,SAM-158F,SN53A5O47AET,Local Electronics Dealer,2025-03-08,214378,12,0,0,2025-03-08,2026-03-08,2026-01-01,2026-01-15,Charging Port Fault,1,Functional,124781,0,None,0,0,0,1,1,1,1,1,1,1,0,0,0,0,0,0,313,52,Nearing Expiry,14,1,0.5821,normal,7.722,Valid Claim
CLM-000158,USR-0131,PRD-0491,Washing Machine,Haier,HAI-669G,SN26SPHNCASL,Daraz,2024-01-14,119851,24,0,0,2024-01-14,2026-01-14,2026-02-21,2026-02-25,Rodent Damage,0,User Induced,76225,2,Authorised Service Centre Islamabad,0,0,1,1,1,1,1,1,0,1,0,0,0,0,0,0,773,-42,Expired,4,1,0.636,borderline,-5.0814,Invalid Claim
CLM-000159,USR-0285,PRD-0696,Refrigerator,Orient,ORI-673L,SN5PS4768TQW,HKB Store,2022-12-17,313926,12,0,0,2022-12-17,2023-12-17,2023-12-05,2023-12-11,Gas Leakage,1,Functional,24112,0,None,0,0,1,0,1,0,1,1,2,1,0,0,0,0,0,0,359,6,Nearing Expiry,6,1,0.0768,normal,7.775,Valid Claim
CLM-000160,USR-0161,PRD-0757,Refrigerator,Samsung,SAM-149J,SNB8NMT3YPS4,Authorised Brand Outlet,2024-02-29,214001,12,0,0,2024-02-29,2025-02-28,2025-01-15,2025-01-21,Gas Leakage,1,Functional,138732,0,None,0,0,1,1,0,0,1,1,2,1,0,0,0,0,0,0,327,38,Nearing Expiry,6,1,0.6483,normal,8.7875,Valid Claim
CLM-000162,USR-0160,PRD-0171,Smartphone,Vivo,VIV-633B,SNIDBX287GT7,Imtiaz Super Market,2025-03-30,122528,12,0,0,2025-03-30,2026-03-30,2025-08-11,2025-08-13,Water Damage,0,Physical,28582,3,Authorised Service Centre Islamabad,0,1,1,1,1,1,1,1,0,1,0,0,0,0,0,0,136,229,Active,2,1,0.2333,normal,1.4815,Manual Review
CLM-000165,USR-0044,PRD-0337,Air Conditioner,Haier,HAI-962E,SNYEO6PPYWH8,Metro Cash And Carry,2023-09-04,263748,12,0,0,2023-09-04,2024-09-04,2024-01-04,2023-12-19,PCB Fault,1,Functional,186180,1,Authorised Service Centre Karachi,0,0,1,1,1,1,1,1,0,1,0,0,0,1,0,1,106,260,Active,-16,0,0.7059,normal,5.8062,Valid Claim
CLM-000166,USR-0330,PRD-0228,Air Conditioner,Mitsubishi,MIT-292P,SN77FLV7EJM1,Naheed Online,2024-04-12,335773,12,0,0,2024-04-12,2025-04-12,2026-01-25,2026-01-31,PCB Fault,1,Functional,207929,2,Authorised Service Centre Lahore,0,0,1,1,1,1,1,1,0,1,0,0,0,0,1,1,659,-294,Expired,6,1,0.6193,complex,0.0994,Manual Review
CLM-000168,USR-0282,PRD-0409,Smartphone,Oppo,OPP-592C,SNG6IAQIIJNN,Local Electronics Dealer,2024-09-04,167127,12,0,0,2024-09-04,2025-09-04,2024-12-07,2024-12-14,Physical Damage,0,Physical,112575,0,None,0,0,0,0,1,1,1,1,2,1,0,0,0,0,0,0,101,264,Active,7,1,0.6736,contradictory,0.3343,Manual Review
CLM-000169,USR-0005,PRD-0069,Refrigerator,Orient,ORI-497L,SNJ4X5A5XIN9,Metro Cash And Carry,2025-01-22,266881,12,1,48,2025-01-22,2030-01-22,2026-09-23,2026-09-23,Cooling Fault,1,Functional,162055,1,Authorised Service Centre Lahore,0,0,1,1,1,1,1,0,1,0,0,0,0,0,0,0,609,1217,Active,0,1,0.6072,borderline,7.0704,Valid Claim
CLM-000171,USR-0071,PRD-0277,Refrigerator,LG,LG-592K,SNV8JHE9FI3M,HKB Store,2023-01-27,314400,12,0,0,2023-01-27,2024-01-27,2024-06-04,2024-06-06,Compressor Failure,1,Functional,45761,0,None,0,0,1,0,1,0,1,1,2,1,0,0,0,0,0,0,496,-131,Expired,2,1,0.1456,incomplete,0.5,Manual Review
CLM-000173,USR-0387,PRD-0553,Smartphone,Samsung,SAM-885G,SNJAZPDWFSEC,Daraz,2022-09-21,60370,12,0,0,2022-09-21,2023-09-21,2026-05-12,2022-09-07,Screen Crack,0,Physical,21338,4,Unregistered Technician,1,0,0,1,1,1,1,1,1,1,0,1,0,0,0,1,-14,379,Active,-1343,0,0.3535,complex,-3.8759,Invalid Claim
CLM-000175,USR-0223,PRD-0321,Washing Machine,Haier,HAI-415A,SNDTXLJK85JY,Local Electronics Dealer,2023-03-10,93451,24,0,0,2023-03-10,2025-03-10,2025-09-23,2025-09-25,External Water Ingress,0,Physical,59511,1,Authorised Service Centre Lahore,0,0,1,1,1,0,1,1,1,1,0,0,0,0,0,0,930,-199,Expired,2,1,0.6368,normal,-6.0155,Invalid Claim
CLM-000176,USR-0097,PRD-0500,Air Conditioner,Mitsubishi,MIT-207F,SNHVS41LQFS6,Imtiaz Super Market,2022-12-05,335445,12,1,36,2022-12-05,2026-12-05,2026-03-17,2026-03-10,Lack Of Servicing,0,Environmental,236424,0,None,0,0,1,1,1,1,1,1,0,1,0,0,0,1,1,2,1191,270,Active,-7,0,0.7048,contradictory,-1.8788,Manual Review
CLM-000177,USR-0060,PRD-0746,Smartphone,Samsung,SAM-891B,SNR1Y9CCWE81,Naheed Online,2024-07-07,159565,12,0,0,2024-07-07,2025-07-07,2026-05-16,2026-05-29,Battery Wear After Six Months,0,Environmental,24021,2,Authorised Service Centre Karachi,0,0,1,0,1,0,1,0,3,1,0,0,0,0,0,0,691,-326,Expired,13,1,0.1505,incomplete,-6.9804,Invalid Claim
CLM-000178,USR-0304,PRD-0702,Washing Machine,Haier,HAI-215M,SNV64GROABEA,Authorised Brand Outlet,2023-02-23,117249,24,0,0,2023-02-23,2025-02-23,2023-07-08,2023-07-14,Water Inlet Valve Fault,1,Functional,14193,1,Authorised Service Centre Islamabad,0,0,1,1,0,1,1,1,1,1,0,0,0,0,0,0,141,590,Active,6,1,0.1211,normal,9.0069,Valid Claim
CLM-000180,USR-0324,PRD-0826,Refrigerator,Orient,ORI-656M,SNJQ42WNUC5Z,Metro Cash And Carry,2024-01-24,229905,12,0,0,2024-01-24,2025-01-24,2026-01-16,2026-02-13,Improper Installation,0,Environmental,30097,0,None,0,0,0,1,1,0,1,1,2,1,0,0,0,0,0,0,751,-385,Expired,28,1,0.1309,contradictory,-6.9083,Invalid Claim
CLM-000181,USR-0124,PRD-0155,Laptop,Asus,ASU-864L,SN14O46W4JKF,Local Electronics Dealer,2024-12-01,275984,12,1,24,2024-12-01,2027-12-01,2026-09-23,2026-09-23,Screen Crack,0,Installation,115910,0,None,0,0,1,1,0,1,1,1,1,1,0,0,0,0,0,0,661,434,Active,0,1,0.42,contradictory,3.0078,Manual Review
CLM-000182,USR-0131,PRD-0207,Smartphone,Oppo,OPP-603A,SN8PM6LQE7SX,Metro Cash And Carry,2025-05-03,295755,12,0,0,2025-05-03,2026-05-03,2026-04-29,2026-05-04,Physical Damage,0,Physical,130030,1,Local Repair Shop,1,0,1,1,1,1,1,1,0,1,0,0,0,0,0,0,366,-1,Expired,5,1,0.4397,borderline,-5.8039,Invalid Claim
CLM-000185,USR-0233,PRD-0103,Refrigerator,Samsung,SAM-604H,SNCRABOQCUCJ,Local Electronics Dealer,2023-12-25,258801,12,0,0,2023-12-25,2024-12-25,2024-12-12,2023-12-17,Cooling Fault,1,Functional,191476,1,Authorised Service Centre Islamabad,0,1,1,1,0,1,1,1,1,1,0,1,0,0,0,1,-8,374,Active,-361,0,0.7399,borderline,3.9664,Valid Claim
CLM-000186,USR-0095,PRD-0035,Washing Machine,PEL,PEL-422E,SNB8ND6NYLR9,Metro Cash And Carry,2023-08-07,162247,24,0,0,2023-08-07,2025-08-07,2023-09-23,2023-10-25,Physical Damage,0,Installation,42319,0,None,0,0,0,1,1,1,0,1,2,1,0,0,0,0,0,0,79,652,Active,32,0,0.2608,incomplete,-1.8574,Manual Review
CLM-000187,USR-0016,PRD-0122,Laptop,Acer,ACE-825G,SNBW8P3IFZXS,Metro Cash And Carry,2023-11-09,465741,12,0,0,2023-11-09,2024-11-09,2024-10-03,2024-10-07,Storage Failure,1,Functional,92771,0,None,0,0,1,0,1,0,1,1,2,1,0,0,0,0,0,0,333,33,Nearing Expiry,4,1,0.1992,borderline,8.3258,Valid Claim
CLM-000188,USR-0225,PRD-0888,Air Conditioner,Dawlance,DAW-731H,SNY55P1V3ZO7,Authorised Brand Outlet,2023-03-29,197249,12,0,0,2023-03-29,2024-03-29,2024-03-23,2024-03-16,Cooling Fault,1,Functional,20298,0,None,0,0,1,1,1,1,1,1,0,1,0,0,0,1,0,1,353,13,Nearing Expiry,-7,0,0.1029,contradictory,5.6102,Manual Review
CLM-000190,USR-0152,PRD-0092,Washing Machine,Dawlance,DAW-803G,SNBJGI5B8FGJ,Naheed Online,2022-09-21,132502,24,0,0,2022-09-21,2024-09-21,2024-10-03,2024-10-09,Improper Installation,0,User Induced,108867,1,Authorised Service Centre Islamabad,0,0,0,1,0,1,1,1,2,1,0,0,1,0,0,1,749,-18,Expired,6,1,0.8216,borderline,-8.4307,Invalid Claim
CLM-000191,USR-0164,PRD-0648,Laptop,Lenovo,LEN-226M,SN3LSPD798UI,Daraz,2026-05-26,306556,12,0,0,2026-05-26,2027-05-26,2026-06-13,2026-06-16,Liquid Spill,0,Environmental,18811,0,None,0,0,1,0,1,1,1,1,1,1,0,0,0,0,0,0,21,344,Active,3,1,0.0614,normal,1.2888,Manual Review
CLM-000192,USR-0039,PRD-0649,Washing Machine,PEL,PEL-913N,SNDSK7N8LA10,Local Electronics Dealer,2025-02-05,153586,24,0,0,2025-02-05,2027-02-05,2026-09-23,2026-09-23,Physical Damage,0,Environmental,53776,3,Local Repair Shop,1,0,0,0,1,0,1,0,4,1,0,0,0,0,0,0,595,135,Active,0,1,0.3501,incomplete,-2.265,Invalid Claim
CLM-000193,USR-0176,PRD-0690,Air Conditioner,Haier,HAI-719H,SNHMN8533KHZ,Imtiaz Super Market,2023-12-07,310253,12,0,0,2023-12-07,2024-12-07,2024-11-20,2024-11-30,Lack Of Servicing,0,Installation,202737,0,None,0,0,1,0,1,0,1,1,2,1,0,0,0,0,0,0,359,7,Nearing Expiry,10,1,0.6535,normal,1.7659,Manual Review
CLM-000194,USR-0104,PRD-0450,Laptop,HP,HP-525N,SN1I3MSDN1MX,Imtiaz Super Market,2023-10-14,157232,12,0,0,2023-10-14,2024-10-14,2024-09-12,2024-10-07,Liquid Spill,0,Physical,23331,0,None,0,0,1,1,1,1,1,1,0,1,0,0,0,0,0,0,359,7,Nearing Expiry,25,0,0.1484,borderline,1.0999,Manual Review
CLM-000195,USR-0022,PRD-0862,Washing Machine,PEL,PEL-145K,SN5PT28MTA5X,Metro Cash And Carry,2024-04-09,115896,24,0,0,2024-04-09,2026-04-09,2026-02-13,2026-02-13,Drain Pump Failure,1,Functional,60210,1,Authorised Service Centre Karachi,0,0,1,0,1,1,0,0,3,1,0,0,0,0,0,0,675,55,Nearing Expiry,0,1,0.5195,normal,6.7112,Manual Review
CLM-000196,USR-0003,PRD-0258,Laptop,Asus,ASU-820F,SN8KSFQE50C7,Local Electronics Dealer,2022-10-11,433903,12,0,0,2022-10-11,2023-10-11,2022-11-17,2022-12-02,Motherboard Fault,1,Functional,93075,0,None,0,1,1,1,1,1,0,1,1,1,0,0,0,0,0,0,52,313,Active,15,1,0.2145,incomplete,7.7192,Valid Claim
CLM-000197,USR-0359,PRD-0271,Washing Machine,Dawlance,DAW-768D,SNOTCSZY0RCN,Daraz,2025-08-10,178248,24,0,0,2025-08-10,2027-08-10,2026-09-23,2026-09-23,Water Inlet Valve Fault,1,Functional,134537,1,Local Repair Shop,1,1,1,1,1,0,1,1,1,1,0,0,0,0,0,0,409,321,Active,0,1,0.7548,complex,6.2997,Valid Claim
CLM-000198,USR-0214,PRD-0017,Smartphone,Vivo,VIV-453D,SNV6B6RJ09WE,Imtiaz Super Market,2023-06-29,279788,12,0,0,2023-06-29,2024-06-29,2025-12-08,2025-12-21,Screen Crack,0,User Induced,37340,0,None,0,0,0,1,1,0,0,1,3,1,0,0,0,0,0,0,906,-540,Expired,13,1,0.1335,contradictory,-8.1864,Invalid Claim
CLM-000199,USR-0192,PRD-0215,Air Conditioner,TCL,TCL-554P,SNNQA557RWVK,Authorised Brand Outlet,2023-05-22,125396,12,0,0,2023-05-22,2024-05-22,2023-09-02,2023-09-29,Physical Damage,0,Installation,68837,1,Unregistered Technician,1,1,0,1,1,1,1,1,1,1,0,0,0,0,0,0,130,236,Active,27,1,0.549,normal,-2.0967,Invalid Claim
CLM-000200,USR-0387,PRD-0758,Washing Machine,Haier,HAI-243N,SN90S9BP4M18,Naheed Online,2022-10-17,186705,24,0,0,2022-10-17,2024-10-17,2022-12-04,2023-03-14,Motor Failure,1,Functional,58883,0,None,0,0,1,1,1,0,1,1,1,1,0,0,0,0,0,0,148,583,Active,100,0,0.3154,normal,7.1048,Valid Claim
CLM-000203,USR-0350,PRD-0723,Laptop,HP,HP-499H,SNJTPK2NLT8D,Authorised Brand Outlet,2022-09-29,476197,12,0,0,2022-09-29,2023-09-29,2023-06-27,2023-08-15,Battery Swelling,1,Functional,385053,2,Local Repair Shop,1,0,1,1,1,1,1,1,0,1,0,0,0,0,0,0,320,45,Nearing Expiry,49,0,0.8086,normal,5.7079,Valid Claim
CLM-000207,USR-0216,PRD-0224,Smartphone,Oppo,OPP-302J,SN5GCTQHIVEP,HKB Store,2024-04-24,178623,12,0,0,2024-04-24,2025-04-24,2025-06-07,2025-06-14,Physical Damage,0,User Induced,134245,3,Unregistered Technician,1,0,1,1,1,0,1,1,1,1,0,0,0,0,0,0,416,-51,Expired,7,1,0.7516,borderline,-7.6278,Invalid Claim
CLM-000208,USR-0386,PRD-0059,Smartphone,Infinix,INF-926B,SNT87K9TPZ1J,Naheed Online,2026-03-14,252580,12,1,12,2026-03-14,2028-03-14,2026-06-21,2026-02-18,Speaker Failure,1,Functional,187564,2,Local Repair Shop,1,0,1,1,0,0,1,1,2,1,0,1,0,0,0,1,-24,755,Active,-123,0,0.7426,complex,4.597,Valid Claim
CLM-000210,USR-0256,PRD-0678,Refrigerator,Samsung,SAM-477E,SN3ZCA7FXLOZ,HKB Store,2025-05-29,223776,12,0,0,2025-05-29,2026-05-29,2026-05-16,2025-05-07,Voltage Surge Without Stabilizer,0,Physical,157549,3,Authorised Service Centre Islamabad,0,0,1,1,0,0,0,1,3,0,0,1,0,0,0,1,-22,387,Active,-374,0,0.704,contradictory,-6.0186,Manual Review
CLM-000211,USR-0369,PRD-0413,Laptop,HP,HP-710K,SNA3T862VL1T,Daraz,2025-09-10,461818,12,1,24,2025-09-10,2028-09-10,2026-06-22,2026-09-10,Keyboard Failure,1,Functional,187362,0,None,0,0,1,0,1,1,1,1,1,1,0,0,0,0,1,1,365,731,Active,80,0,0.4057,contradictory,7.266,Valid Claim
CLM-000215,USR-0136,PRD-0170,Smartphone,Vivo,VIV-541P,SN9XAQS3TGDB,Imtiaz Super Market,2025-01-12,258868,12,1,12,2025-01-12,2027-01-12,2025-04-24,2025-05-01,Display Line Defect,1,Functional,180071,0,None,0,0,1,1,1,1,0,1,1,1,0,0,0,0,0,0,109,621,Active,7,1,0.6956,contradictory,10.0089,Valid Claim
CLM-000216,USR-0212,PRD-0076,Laptop,Asus,ASU-648L,SN7SZPL56GW9,Metro Cash And Carry,2022-10-05,262837,12,0,0,2022-10-05,2023-10-05,2026-05-17,2026-05-23,Unauthorised Software Modification,0,User Induced,119349,0,None,0,0,0,1,1,1,1,1,1,1,0,0,0,0,0,0,1326,-961,Expired,6,1,0.4541,normal,-6.0627,Invalid Claim
CLM-000217,USR-0311,PRD-0445,Washing Machine,LG,LG-459P,SNGSQHHXXHEB,HKB Store,2022-10-05,147685,24,0,0,2022-10-05,2024-10-05,2024-10-16,2024-10-26,Improper Installation,0,User Induced,11520,0,None,0,0,1,0,1,1,1,1,1,0,0,0,0,0,0,0,752,-21,Expired,10,1,0.078,contradictory,-8.2726,Invalid Claim
CLM-000218,USR-0135,PRD-0629,Smartphone,Samsung,SAM-489L,SNVWRXGKIKR2,Naheed Online,2023-10-02,345453,12,0,0,2023-10-02,2024-10-02,2024-10-28,2023-09-29,Water Damage,0,Environmental,74907,1,Authorised Service Centre Lahore,0,0,1,1,1,1,1,1,0,1,0,1,0,0,0,1,-3,369,Active,-395,0,0.2168,borderline,-0.4683,Manual Review
CLM-000219,USR-0248,PRD-0136,Laptop,Lenovo,LEN-866N,SN909JFJFL12,Local Electronics Dealer,2025-12-02,221646,12,0,0,2025-12-02,2026-12-02,2026-08-21,2026-08-27,Motherboard Fault,1,Functional,104516,2,Unregistered Technician,1,0,1,1,1,0,1,1,1,1,0,0,0,0,0,0,268,97,Active,6,1,0.4715,normal,7.0835,Valid Claim
CLM-000220,USR-0009,PRD-0480,Air Conditioner,Dawlance,DAW-295P,SNLBD0XQTQV8,Metro Cash And Carry,2023-02-03,362936,12,0,0,2023-02-03,2024-02-03,2023-03-14,2023-04-19,Fan Motor Failure,1,Functional,99550,0,None,0,0,1,1,0,0,0,1,3,1,0,0,0,0,0,0,75,290,Active,36,0,0.2743,incomplete,6.3581,Valid Claim
CLM-000221,USR-0378,PRD-0336,Laptop,HP,HP-689H,SNXF7FS12H1V,Naheed Online,2024-05-24,104733,12,0,0,2024-05-24,2025-05-24,2024-11-24,2024-12-14,Storage Failure,1,Functional,12430,0,None,0,0,0,1,1,1,1,1,1,1,0,0,0,0,0,0,204,161,Active,20,0,0.1187,normal,6.3464,Valid Claim
CLM-000222,USR-0358,PRD-0130,Laptop,Asus,ASU-753P,SN1DAKRM8J5E,Metro Cash And Carry,2025-04-07,113587,12,0,0,2025-04-07,2026-04-07,2026-02-25,2026-03-05,Storage Failure,1,Functional,55962,0,None,0,0,1,1,0,0,1,1,2,1,0,0,0,0,0,0,332,33,Nearing Expiry,8,1,0.4927,normal,8.3981,Valid Claim
CLM-000223,USR-0008,PRD-0277,Washing Machine,Dawlance,DAW-550A,SNKRVOCSQOU9,Local Electronics Dealer,2024-03-23,112811,24,0,0,2024-03-23,2026-03-23,2025-06-06,2025-06-07,Improper Installation,0,User Induced,94280,0,None,0,0,1,1,0,0,1,1,2,1,0,0,0,0,0,0,441,289,Active,1,1,0.8357,incomplete,2.0382,Manual Review
CLM-000224,USR-0022,PRD-0898,Smartphone,Oppo,OPP-654M,SNCW6J2TIPLK,Daraz,2023-11-04,31988,12,0,0,2023-11-04,2024-11-04,2024-06-07,2023-10-12,Network Module Fault,1,Functional,8078,2,Authorised Service Centre Karachi,0,0,1,1,1,1,1,1,0,1,0,1,0,0,1,2,-23,389,Active,-239,0,0.2525,contradictory,4.437,Manual Review
CLM-000225,USR-0173,PRD-0549,Smartphone,Oppo,OPP-148N,SNJ2W6P54WSX,Naheed Online,2022-08-25,67259,12,0,0,2022-08-25,2023-08-25,2023-07-19,2023-11-14,Display Line Defect,1,Functional,17473,0,None,0,0,1,1,1,1,1,1,0,1,0,0,0,0,0,0,446,-81,Expired,118,0,0.2598,borderline,0.4741,Manual Review
CLM-000227,USR-0054,PRD-0605,Refrigerator,Samsung,SAM-440F,SN0AIHEGYIRC,Naheed Online,2024-09-08,242704,12,1,48,2024-09-08,2029-09-08,2026-09-23,2026-09-23,Voltage Surge Without Stabilizer,0,Environmental,30250,1,Local Repair Shop,1,0,1,0,0,1,0,0,4,1,0,0,0,0,0,0,745,1081,Active,0,1,0.1246,incomplete,-0.883,Manual Review
CLM-000229,USR-0313,PRD-0702,Laptop,Dell,DEL-880E,SN301J8FG9WK,Naheed Online,2023-04-23,396601,12,0,0,2023-04-23,2024-04-23,2025-02-05,2025-05-14,Motherboard Fault,1,Functional,244309,1,Unregistered Technician,1,1,0,1,1,1,1,1,1,1,0,0,0,0,0,0,752,-386,Expired,98,0,0.616,complex,-3.7299,Invalid Claim
CLM-000231,USR-0259,PRD-0568,Air Conditioner,Dawlance,DAW-291H,SNOT73AWSM4F,Authorised Brand Outlet,2026-04-25,227622,12,0,0,2026-04-25,2027-04-25,2026-07-17,2026-08-30,Lack Of Servicing,0,User Induced,50201,3,Authorised Service Centre Karachi,0,0,0,0,0,0,0,1,5,1,0,0,0,0,0,0,127,238,Active,44,0,0.2205,incomplete,-4.0108,Invalid Claim
CLM-000232,USR-0050,PRD-0633,Laptop,HP,HP-870G,SNIVXAN25WM7,HKB Store,2025-05-03,114250,12,0,0,2025-05-03,2026-05-03,2026-06-28,2026-07-01,Motherboard Fault,1,Functional,56828,1,Unregistered Technician,1,0,0,0,1,0,1,0,4,0,0,0,0,0,0,0,424,-59,Expired,3,1,0.4974,normal,-5.6892,Manual Review
CLM-000234,USR-0018,PRD-0481,Smartphone,Xiaomi,XIA-506B,SN6TQSOR8133,Imtiaz Super Market,2022-08-23,92739,12,0,0,2022-08-23,2023-08-23,2026-05-05,2026-05-20,Network Module Fault,1,Functional,21451,0,None,0,0,0,0,1,1,0,1,3,1,0,0,0,0,0,0,1366,-1001,Expired,15,1,0.2313,incomplete,-2.1865,Invalid Claim
CLM-000235,USR-0076,PRD-0673,Washing Machine,PEL,PEL-979G,SNJM8R7A4K33,Authorised Brand Outlet,2022-11-16,55455,24,0,0,2022-11-16,2024-11-16,2025-12-25,2026-01-24,Physical Damage,0,Environmental,42023,0,None,0,0,1,1,1,1,1,1,0,1,0,0,0,0,0,0,1165,-434,Expired,30,1,0.7578,normal,-5.7507,Invalid Claim
CLM-000236,USR-0218,PRD-0864,Refrigerator,Haier,HAI-276D,SNJ4E3QABCE2,Metro Cash And Carry,2025-02-04,214697,12,0,0,2025-02-04,2026-02-04,2025-05-25,2025-05-29,Physical Damage,0,Environmental,127026,1,Authorised Service Centre Islamabad,0,1,1,1,1,0,0,1,2,1,0,0,0,0,0,0,114,251,Active,4,1,0.5917,normal,0.6958,Manual Review
CLM-000238,USR-0197,PRD-0294,Air Conditioner,Haier,HAI-646E,SNJYIUL12MZV,Authorised Brand Outlet,2023-09-26,192471,12,0,0,2023-09-26,2024-09-26,2024-01-25,2024-02-02,Physical Damage,0,Environmental,119542,0,None,0,0,0,0,0,1,0,1,4,0,0,0,0,0,0,0,129,237,Active,8,1,0.6211,incomplete,-3.874,Manual Review
CLM-000239,USR-0320,PRD-0753,Smartphone,Oppo,OPP-228G,SNWAYAJ5ND3A,Naheed Online,2022-12-12,300054,12,0,0,2022-12-12,2023-12-12,2023-06-14,2023-06-22,Display Line Defect,1,Functional,15794,3,Unregistered Technician,1,0,1,1,1,1,1,1,0,1,0,0,0,0,0,0,192,173,Active,8,1,0.0526,complex,7.5394,Valid Claim
CLM-000240,USR-0036,PRD-0864,Smartphone,Oppo,OPP-351K,SNTUF8CYOTWG,Daraz,2025-11-15,38269,12,0,0,2025-11-15,2026-11-15,2026-07-31,2026-08-17,Charging Port Fault,1,Functional,28589,2,Authorised Service Centre Islamabad,0,0,1,1,1,0,1,0,2,1,0,0,0,0,0,0,275,90,Active,17,0,0.7471,incomplete,6.9174,Valid Claim
CLM-000241,USR-0226,PRD-0439,Refrigerator,LG,LG-906B,SND41U2ZNXFI,Naheed Online,2026-04-13,194102,12,1,48,2026-04-13,2031-04-13,2026-09-23,2026-09-23,Gas Leakage,1,Functional,107418,4,Unregistered Technician,1,1,1,1,1,1,1,0,1,1,0,0,0,0,0,0,163,1663,Active,0,1,0.5534,complex,7.8475,Valid Claim
CLM-000242,USR-0378,PRD-0232,Air Conditioner,TCL,TCL-806G,SN87HLCWBPA2,Daraz,2023-07-14,389798,12,0,0,2023-07-14,2024-07-14,2024-02-18,2023-07-07,Fan Motor Failure,1,Functional,271353,0,None,0,0,1,1,1,0,1,1,1,1,0,1,0,0,0,1,-7,373,Active,-226,0,0.6961,normal,5.5341,Valid Claim
CLM-000244,USR-0035,PRD-0618,Laptop,HP,HP-417F,SN3O4U8IN2BH,Local Electronics Dealer,2024-06-12,303633,12,1,24,2024-06-12,2027-06-12,2025-06-02,2025-06-11,Physical Damage,0,Physical,126632,1,Authorised Service Centre Islamabad,0,0,1,1,0,1,1,0,2,1,0,0,0,0,0,0,364,731,Active,9,1,0.4171,complex,2.7908,Manual Review
CLM-000245,USR-0318,PRD-0222,Refrigerator,LG,LG-444J,SN6GRTJV9ZOO,Daraz,2022-08-30,62874,12,0,0,2022-08-30,2023-08-30,2023-10-13,2023-10-14,Improper Installation,0,Environmental,27799,0,None,0,0,1,1,1,1,1,1,0,1,0,0,0,0,0,0,410,-45,Expired,1,1,0.4421,borderline,-5.4555,Invalid Claim
CLM-000246,USR-0085,PRD-0036,Washing Machine,Samsung,SAM-303B,SNHWMF1GZVG0,HKB Store,2024-03-18,67765,24,0,0,2024-03-18,2026-03-18,2025-03-30,2025-04-07,Drum Bearing Noise,1,Functional,30189,2,Authorised Service Centre Lahore,0,0,1,1,1,1,1,1,0,1,0,0,0,0,0,0,385,345,Active,8,1,0.4455,complex,8.9205,Valid Claim
CLM-000247,USR-0339,PRD-0177,Smartphone,Infinix,INF-254K,SN8HARJHRF34,Daraz,2023-12-25,103320,12,0,0,2023-12-25,2024-12-25,2024-09-01,2024-09-04,Camera Module Fault,1,Functional,38180,2,Local Repair Shop,1,0,0,1,1,1,1,0,2,1,0,0,0,0,0,0,254,112,Active,3,1,0.3695,complex,6.3155,Valid Claim
CLM-000250,USR-0073,PRD-0244,Smartphone,Xiaomi,XIA-805J,SNHTXP25M9FE,Naheed Online,2024-11-18,291175,12,0,0,2024-11-18,2025-11-18,2025-11-03,2025-10-22,Battery Wear After Six Months,0,User Induced,236398,0,None,0,0,1,1,1,1,1,1,0,1,0,0,0,1,0,1,338,27,Nearing Expiry,-12,0,0.8119,borderline,-2.1801,Manual Review
CLM-000251,USR-0028,PRD-0726,Refrigerator,Orient,ORI-615M,SNU2ABTEIRRX,Imtiaz Super Market,2024-06-30,270306,12,0,0,2024-06-30,2025-06-30,2025-06-29,2025-07-09,Rodent Damage,0,Environmental,108805,3,Authorised Service Centre Lahore,0,0,1,1,1,1,1,1,0,1,0,0,0,0,0,0,374,-9,Expired,10,1,0.4025,borderline,-4.9141,Invalid Claim
CLM-000255,USR-0366,PRD-0225,Smartphone,Vivo,VIV-690P,SNV263FL2AZE,HKB Store,2026-08-22,109427,12,0,0,2026-08-22,2027-08-22,2026-09-23,2026-09-23,Camera Module Fault,1,Functional,17407,3,Local Repair Shop,1,0,1,1,1,1,1,0,1,1,0,0,0,0,0,0,32,333,Active,0,1,0.1591,complex,7.6147,Valid Claim
CLM-000256,USR-0337,PRD-0568,Smartphone,Infinix,INF-346M,SNDB5Z8XGQHP,Local Electronics Dealer,2025-09-30,262803,12,0,0,2025-09-30,2026-09-30,2026-09-23,2026-09-23,Battery Wear After Six Months,0,Installation,93539,0,None,0,0,1,1,1,1,0,1,1,1,0,0,0,0,0,0,358,7,Nearing Expiry,0,1,0.3559,normal,1.2142,Manual Review
CLM-000257,USR-0290,PRD-0704,Air Conditioner,Gree,GRE-851G,SNESQU5N6PVX,Authorised Brand Outlet,2022-09-22,224422,12,1,36,2022-09-22,2026-09-22,2023-12-23,2024-03-05,PCB Fault,1,Functional,132697,3,Local Repair Shop,1,0,1,1,1,1,1,0,1,1,0,0,0,0,0,0,530,931,Active,73,0,0.5913,complex,6.5956,Valid Claim
CLM-000258,USR-0061,PRD-0091,Washing Machine,LG,LG-402C,SNJ2X707TLYD,Authorised Brand Outlet,2024-06-19,94747,24,0,0,2024-06-19,2026-06-19,2025-11-26,2025-12-18,Control Board Fault,1,Functional,14551,1,Authorised Service Centre Islamabad,0,0,1,0,1,1,1,0,2,1,0,0,0,0,0,0,547,183,Active,22,1,0.1536,normal,8.3649,Valid Claim
CLM-000259,USR-0079,PRD-0252,Air Conditioner,Dawlance,DAW-482D,SNB6SP0Y3ROR,Metro Cash And Carry,2025-12-19,148082,12,0,0,2025-12-19,2026-12-19,2025-12-24,2026-01-20,Cooling Fault,1,Functional,69828,3,Local Repair Shop,1,0,1,1,1,1,1,0,1,1,0,0,0,0,0,0,32,333,Active,27,1,0.4715,complex,6.8744,Valid Claim
CLM-000260,USR-0012,PRD-0144,Smartphone,Xiaomi,XIA-538J,SNKVR5PEGE3O,Naheed Online,2024-09-03,219265,12,1,12,2024-09-03,2026-09-03,2026-09-20,2026-09-23,Physical Damage,0,User Induced,18583,0,None,0,0,1,1,1,1,0,1,1,1,0,0,0,0,0,0,750,-20,Expired,3,1,0.0848,borderline,-5.6715,Invalid Claim
CLM-000261,USR-0271,PRD-0386,Refrigerator,Samsung,SAM-572L,SNXED3A27F57,Authorised Brand Outlet,2026-01-03,234365,12,0,0,2026-01-03,2027-01-03,2026-09-23,2026-09-23,Cooling Fault,1,Functional,47032,2,Authorised Service Centre Karachi,0,0,1,0,1,1,1,0,2,0,0,0,0,0,0,0,263,102,Active,0,1,0.2007,borderline,5.4035,Valid Claim
CLM-000262,USR-0060,PRD-0707,Refrigerator,LG,LG-742G,SNVPG6VC4PAI,Imtiaz Super Market,2024-08-21,168386,12,0,0,2024-08-21,2025-08-21,2025-09-07,2025-08-31,Voltage Surge Without Stabilizer,0,Environmental,43685,0,None,0,0,1,1,1,1,1,1,0,0,0,0,0,1,0,1,375,-10,Expired,-7,0,0.2594,borderline,-11.1741,Manual Review
CLM-000263,USR-0250,PRD-0317,Washing Machine,Haier,HAI-390D,SNNPXW4NSZP5,Daraz,2024-05-26,117817,24,0,0,2024-05-26,2026-05-26,2026-01-27,2026-01-25,Drain Pump Failure,1,Functional,75002,4,Local Repair Shop,1,0,1,1,1,1,1,1,0,1,0,0,0,1,0,1,609,121,Active,-2,0,0.6366,complex,4.8566,Valid Claim
CLM-000264,USR-0120,PRD-0863,Smartphone,Samsung,SAM-181L,SN11BIJ200Q6,Naheed Online,2024-06-22,332821,12,0,0,2024-06-22,2025-06-22,2026-08-11,2026-09-09,Network Module Fault,1,Functional,229390,0,None,0,0,1,1,1,1,0,1,1,1,0,0,0,0,0,0,809,-444,Expired,29,0,0.6892,normal,-1.3154,Manual Review
CLM-000265,USR-0335,PRD-0471,Washing Machine,PEL,PEL-255D,SNCN0EAHRX0D,HKB Store,2023-11-02,85238,24,0,0,2023-11-02,2025-11-02,2023-12-09,2023-12-09,Rodent Damage,0,Physical,28681,1,Authorised Service Centre Lahore,0,0,1,1,1,0,1,0,2,1,0,0,0,0,0,0,37,694,Active,0,1,0.3365,normal,1.9359,Manual Review
CLM-000268,USR-0197,PRD-0043,Smartphone,Samsung,SAM-844L,SN4LREK6KR4F,Naheed Online,2024-08-26,157374,12,0,0,2024-08-26,2025-08-26,2026-02-11,2026-02-13,Water Damage,0,Physical,34555,2,Authorised Service Centre Lahore,0,0,1,0,1,0,1,1,2,0,0,0,0,0,0,0,536,-171,Expired,2,1,0.2196,normal,-8.5713,Invalid Claim
CLM-000270,USR-0051,PRD-0798,Air Conditioner,Haier,HAI-381L,SN532FPKP555,Daraz,2022-09-25,163117,12,0,0,2022-09-25,2023-09-25,2023-09-06,2023-09-12,Lack Of Servicing,0,Installation,13537,1,Authorised Service Centre Lahore,0,0,1,1,1,1,1,0,1,1,0,0,0,0,0,0,352,13,Nearing Expiry,6,1,0.083,borderline,1.3743,Manual Review
CLM-000272,USR-0094,PRD-0265,Washing Machine,PEL,PEL-482N,SNIFPVDEYCZN,Local Electronics Dealer,2023-11-22,52027,24,0,0,2023-11-22,2025-11-22,2026-06-17,2026-06-27,Drain Pump Failure,1,Functional,26114,1,Unregistered Technician,1,0,1,1,1,1,0,0,2,1,0,0,0,0,0,0,948,-217,Expired,10,1,0.5019,normal,-1.3687,Manual Review
CLM-000273,USR-0364,PRD-0227,Washing Machine,Haier,HAI-449L,SNS3P2VW829D,Local Electronics Dealer,2023-10-14,57641,24,1,12,2023-10-14,2026-10-14,2026-09-23,2026-09-23,Drain Pump Failure,1,Functional,18519,1,Unregistered Technician,1,0,1,1,0,1,1,1,1,1,0,0,1,0,0,1,1075,21,Nearing Expiry,0,1,0.3213,borderline,6.7044,Manual Review
CLM-000274,USR-0215,PRD-0780,Refrigerator,Haier,HAI-241D,SNGP1FRN5SHL,Local Electronics Dealer,2023-11-03,96753,12,0,0,2023-11-03,2024-11-03,2025-11-28,2025-12-23,Physical Damage,0,Physical,9240,1,Authorised Service Centre Lahore,0,0,1,1,1,0,1,1,1,1,0,0,0,0,0,0,781,-415,Expired,25,1,0.0955,normal,-5.3238,Invalid Claim
CLM-000275,USR-0184,PRD-0661,Air Conditioner,Dawlance,DAW-577H,SN15FBS4WVT3,Imtiaz Super Market,2024-01-10,162163,12,0,0,2024-01-10,2025-01-10,2024-07-19,2024-08-03,Voltage Surge Without Stabilizer,0,Installation,51282,0,None,0,0,0,1,1,0,0,1,3,1,0,0,0,0,0,0,206,160,Active,15,1,0.3162,incomplete,-0.4692,Manual Review
CLM-000279,USR-0224,PRD-0148,Smartphone,Oppo,OPP-381N,SNTE8CP9K02P,Authorised Brand Outlet,2024-04-22,273002,12,0,0,2024-04-22,2025-04-22,2025-02-08,2025-02-18,Battery Wear After Six Months,0,Physical,82906,1,Local Repair Shop,1,0,0,0,1,0,1,1,3,1,0,0,0,0,0,0,302,63,Active,10,1,0.3037,incomplete,-1.8639,Manual Review
CLM-000280,USR-0337,PRD-0146,Laptop,HP,HP-970L,SNSLHQBR79OK,Naheed Online,2022-10-06,389568,12,1,24,2022-10-06,2025-10-06,2026-07-27,2026-08-21,Storage Failure,1,Functional,306514,2,Authorised Service Centre Karachi,0,0,1,1,1,1,1,1,0,1,0,0,0,0,0,0,1415,-319,Expired,25,0,0.7868,complex,-1.0165,Manual Review
CLM-000281,USR-0062,PRD-0822,Smartphone,Samsung,SAM-957D,SNCWSJB4LVCR,Imtiaz Super Market,2024-12-18,228957,12,0,0,2024-12-18,2025-12-18,2025-10-02,2025-10-03,Display Line Defect,1,Functional,52074,1,Unregistered Technician,1,1,0,0,0,1,1,0,4,1,0,0,0,0,0,0,289,76,Active,1,1,0.2274,incomplete,4.1817,Valid Claim
CLM-000282,USR-0392,PRD-0171,Refrigerator,Samsung,SAM-622C,SNGAOYW6RRB3,Imtiaz Super Market,2025-02-03,159428,12,0,0,2025-02-03,2026-02-03,2026-08-15,2026-08-25,Cooling Fault,1,Functional,39375,1,Authorised Service Centre Karachi,0,0,0,0,0,0,0,0,6,1,0,0,0,0,0,0,568,-203,Expired,10,1,0.247,incomplete,-3.4733,Invalid Claim
CLM-000286,USR-0349,PRD-0849,Refrigerator,Dawlance,DAW-897H,SN7EDQZSATD9,Local Electronics Dealer,2024-09-19,244048,12,0,0,2024-09-19,2025-09-19,2024-12-18,2025-01-21,Compressor Failure,1,Functional,183961,1,Authorised Service Centre Islamabad,0,0,0,0,0,1,0,1,4,1,0,0,0,0,0,0,124,241,Active,34,0,0.7538,normal,4.2709,Valid Claim
CLM-000287,USR-0298,PRD-0357,Air Conditioner,Haier,HAI-698K,SN3CB0IXRYLI,HKB Store,2022-09-18,365478,12,0,0,2022-09-18,2023-09-18,2023-09-11,2023-10-10,Gas Leakage,1,Functional,94067,0,None,0,0,1,0,0,0,1,1,3,1,0,0,0,0,0,0,387,-22,Expired,29,1,0.2574,incomplete,0.9181,Manual Review
CLM-000288,USR-0095,PRD-0014,Laptop,Lenovo,LEN-479M,SNFTC46ELJC2,Authorised Brand Outlet,2025-08-14,265603,12,1,24,2025-08-14,2028-08-14,2025-09-24,2025-09-18,Physical Damage,0,Installation,80155,0,None,0,0,0,1,1,1,1,1,1,0,0,0,0,1,0,1,35,1061,Active,-6,0,0.3018,normal,-4.4833,Manual Review
CLM-000289,USR-0098,PRD-0766,Laptop,Acer,ACE-873M,SNEBZGFLIG5G,Daraz,2023-11-03,464729,12,0,0,2023-11-03,2024-11-03,2023-11-10,2023-11-18,Fan Failure,1,Functional,373916,2,Authorised Service Centre Karachi,0,0,1,1,1,1,1,1,0,1,0,0,0,0,0,0,15,351,Active,8,1,0.8046,normal,8.2353,Valid Claim
CLM-000291,USR-0140,PRD-0613,Refrigerator,Dawlance,DAW-356P,SNY94H4KFTCD,Local Electronics Dealer,2023-05-22,314825,12,0,0,2023-05-22,2024-05-22,2024-03-02,2024-03-22,Compressor Failure,1,Functional,57897,2,Unregistered Technician,1,0,0,1,0,0,1,1,3,1,0,0,1,0,0,1,305,61,Active,20,1,0.1839,normal,4.7293,Manual Review
CLM-000292,USR-0164,PRD-0809,Air Conditioner,TCL,TCL-749B,SNHEDHTHRUU5,Metro Cash And Carry,2026-05-12,340233,12,0,0,2026-05-12,2027-05-12,2026-09-23,2026-09-23,Physical Damage,0,Environmental,143379,1,Local Repair Shop,1,0,0,1,1,1,1,0,2,1,0,0,0,0,0,0,134,231,Active,0,1,0.4214,borderline,-1.6689,Manual Review
CLM-000293,USR-0078,PRD-0414,Smartphone,Infinix,INF-825L,SNVKVPI2RD6C,Authorised Brand Outlet,2024-03-20,208682,12,0,0,2024-03-20,2025-03-20,2025-02-21,2025-04-11,Physical Damage,0,Installation,68141,2,Unregistered Technician,1,0,1,1,0,1,1,1,1,1,0,0,0,0,0,0,387,-22,Expired,49,0,0.3265,borderline,-8.3632,Invalid Claim
CLM-000295,USR-0064,PRD-0180,Air Conditioner,TCL,TCL-639M,SN5V3DMUKJDB,Daraz,2025-10-24,288512,12,0,0,2025-10-24,2026-10-24,2026-05-07,2026-05-16,Cooling Fault,1,Functional,234106,0,None,0,0,1,1,1,1,1,1,0,1,0,0,0,0,1,1,204,161,Active,9,1,0.8114,normal,7.9281,Valid Claim
CLM-000296,USR-0211,PRD-0374,Air Conditioner,Gree,GRE-792M,SNIPK0QTL3Q4,Daraz,2024-04-19,417543,12,0,0,2024-04-19,2025-04-19,2024-10-04,2024-09-28,Gas Leakage,1,Functional,291125,0,None,0,0,1,1,1,1,1,1,0,1,0,0,0,1,0,1,162,203,Active,-6,0,0.6972,contradictory,6.5672,Valid Claim
CLM-000297,USR-0008,PRD-0486,Laptop,Lenovo,LEN-296N,SNUG44C937RU,Naheed Online,2022-11-30,439505,12,0,0,2022-11-30,2023-11-30,2023-12-28,2023-12-29,Fan Failure,1,Functional,337122,0,None,0,0,1,0,1,1,1,1,1,1,0,0,0,0,0,0,394,-29,Expired,1,1,0.767,borderline,1.4039,Manual Review
CLM-000298,USR-0084,PRD-0216,Air Conditioner,Mitsubishi,MIT-992M,SNU7D2XG770X,Metro Cash And Carry,2025-06-29,390863,12,0,0,2025-06-29,2026-06-29,2026-09-22,2026-09-23,Cooling Fault,1,Functional,119833,0,None,0,0,0,0,0,0,1,1,4,1,0,0,0,0,0,0,451,-86,Expired,1,1,0.3066,incomplete,-1.5377,Manual Review
CLM-000300,USR-0112,PRD-0543,Air Conditioner,Mitsubishi,MIT-837A,SNUDJ9957DWX,Local Electronics Dealer,2023-10-29,142123,12,0,0,2023-10-29,2024-10-29,2026-04-06,2026-04-14,Fan Motor Failure,1,Functional,86053,1,Local Repair Shop,1,0,0,1,1,0,1,1,2,1,0,0,0,0,1,1,898,-532,Expired,8,1,0.6055,incomplete,-2.9504,Invalid Claim
CLM-000301,USR-0005,PRD-0488,Refrigerator,Dawlance,DAW-123L,SNBK97EI9NX8,HKB Store,2026-01-29,127892,12,0,0,2026-01-29,2027-01-29,2026-08-05,2026-08-12,Voltage Surge Without Stabilizer,0,User Induced,45558,0,None,0,0,0,0,1,1,1,1,2,1,0,0,0,0,0,0,195,170,Active,7,1,0.3562,normal,-0.182,Manual Review
CLM-000303,USR-0282,PRD-0216,Air Conditioner,Dawlance,DAW-617E,SNTPHAFARCIO,Metro Cash And Carry,2024-03-03,409042,12,0,0,2024-03-03,2025-03-03,2024-05-15,2024-06-08,Gas Leakage,1,Functional,269838,2,Authorised Service Centre Karachi,0,0,1,1,1,1,1,1,0,1,0,0,0,0,0,0,97,268,Active,24,1,0.6597,complex,8.881,Valid Claim
CLM-000304,USR-0023,PRD-0272,Laptop,Asus,ASU-303J,SNOYEA6N2SV2,Imtiaz Super Market,2023-08-15,460698,12,0,0,2023-08-15,2024-08-15,2025-03-13,2025-04-10,Unauthorised Software Modification,0,Environmental,323721,1,Authorised Service Centre Karachi,0,0,1,1,1,1,1,1,0,1,0,0,0,0,0,0,604,-238,Expired,28,0,0.7027,complex,-6.986,Invalid Claim
CLM-000306,USR-0090,PRD-0848,Smartphone,Xiaomi,XIA-980J,SNBCPWEIJMMB,Authorised Brand Outlet,2022-08-15,34505,12,0,0,2022-08-15,2023-08-15,2023-08-23,2023-11-22,Water Damage,0,Environmental,11629,0,None,0,0,1,1,1,1,1,1,0,1,0,0,0,0,0,0,464,-99,Expired,91,0,0.337,borderline,-6.5908,Invalid Claim
CLM-000307,USR-0070,PRD-0509,Smartphone,Samsung,SAM-653F,SNWIRD4KLQMV,Naheed Online,2023-09-07,33616,12,1,12,2023-09-07,2025-09-07,2025-09-24,2025-10-04,Speaker Failure,1,Functional,3000,3,Unregistered Technician,1,0,1,0,1,1,1,1,1,1,0,0,1,0,0,1,758,-27,Expired,10,1,0.0892,contradictory,-2.2431,Invalid Claim
CLM-000308,USR-0092,PRD-0753,Smartphone,Samsung,SAM-791A,SN93FON8ONG5,Authorised Brand Outlet,2024-04-21,154472,12,0,0,2024-04-21,2025-04-21,2026-08-15,2026-09-12,Camera Module Fault,1,Functional,74581,0,None,0,0,1,1,0,1,0,1,2,1,0,0,0,0,0,0,874,-509,Expired,28,0,0.4828,contradictory,-1.1679,Manual Review
CLM-000311,USR-0160,PRD-0438,Smartphone,Vivo,VIV-662K,SNMWKGGQ7T4X,Naheed Online,2025-05-14,208457,12,0,0,2025-05-14,2026-05-14,2026-04-15,2026-04-17,Network Module Fault,1,Functional,156320,0,None,0,1,1,0,1,1,1,1,1,1,0,0,0,0,0,0,338,27,Nearing Expiry,2,1,0.7499,borderline,7.0467,Valid Claim
CLM-000315,USR-0034,PRD-0737,Refrigerator,Orient,ORI-382K,SNJ6AVP1EOXL,Local Electronics Dealer,2026-02-18,184944,12,0,0,2026-02-18,2027-02-18,2026-06-28,2026-07-19,Voltage Surge Without Stabilizer,0,User Induced,137609,1,Unregistered Technician,1,0,1,1,1,1,1,1,0,0,0,0,1,0,0,1,151,214,Active,21,1,0.7441,contradictory,-3.4876,Manual Review
CLM-000317,USR-0328,PRD-0282,Laptop,Lenovo,LEN-302H,SNLHEPU4U5EO,Naheed Online,2022-11-02,184824,12,0,0,2022-11-02,2023-11-02,2023-05-08,2023-06-22,Fan Failure,1,Functional,108257,1,Authorised Service Centre Lahore,0,0,0,1,1,1,1,1,1,1,0,0,0,0,0,0,232,133,Active,45,0,0.5857,normal,5.4943,Valid Claim
CLM-000319,USR-0002,PRD-0386,Refrigerator,Orient,ORI-653C,SND4GWLF9YXA,Daraz,2026-01-11,271708,12,0,0,2026-01-11,2027-01-11,2026-09-23,2026-09-23,Gas Leakage,1,Functional,45439,3,Authorised Service Centre Karachi,0,0,1,1,1,1,0,1,1,1,0,0,0,0,0,0,255,110,Active,0,1,0.1672,normal,7.9304,Valid Claim
CLM-000320,USR-0105,PRD-0554,Washing Machine,Haier,HAI-932G,SNU0RCOFE2J5,Local Electronics Dealer,2026-06-30,54072,24,0,0,2026-06-30,2028-06-30,2026-07-31,2026-08-06,Drum Bearing Noise,1,Functional,31009,2,Unregistered Technician,1,1,1,1,1,1,1,1,0,1,0,0,1,0,0,1,37,694,Active,6,1,0.5735,complex,5.3338,Valid Claim
CLM-000321,USR-0113,PRD-0510,Washing Machine,Samsung,SAM-185B,SNKFLAB0QM6U,Authorised Brand Outlet,2026-05-14,180480,24,0,0,2026-05-14,2028-05-14,2026-09-23,2026-09-23,Improper Installation,0,Installation,113047,1,Local Repair Shop,1,1,0,0,1,1,1,1,2,1,0,0,0,0,0,0,132,599,Active,0,1,0.6264,incomplete,-2.6707,Invalid Claim
CLM-000322,USR-0068,PRD-0126,Laptop,HP,HP-392G,SN2VK1OLKFU3,Imtiaz Super Market,2023-11-14,385857,12,1,24,2023-11-14,2026-11-14,2023-10-25,2023-10-16,Storage Failure,1,Functional,83501,1,Local Repair Shop,1,0,1,1,1,0,0,1,2,1,0,1,0,1,0,2,-29,1125,Active,-9,0,0.2164,contradictory,3.166,Manual Review
CLM-000323,USR-0006,PRD-0099,Air Conditioner,TCL,TCL-796A,SNJBNOOQXZYK,Authorised Brand Outlet,2022-12-30,238637,12,0,0,2022-12-30,2023-12-30,2023-03-28,2023-07-21,Lack Of Servicing,0,Physical,54452,1,Authorised Service Centre Karachi,0,0,0,0,1,1,0,1,3,1,0,0,0,0,0,0,203,162,Active,115,0,0.2282,incomplete,-2.8538,Invalid Claim
CLM-000327,USR-0226,PRD-0083,Air Conditioner,Mitsubishi,MIT-763B,SN4LPCX1AVJV,Local Electronics Dealer,2026-07-14,138660,12,0,0,2026-07-14,2027-07-14,2026-09-23,2026-09-23,Compressor Failure,1,Functional,66211,2,Authorised Service Centre Islamabad,0,0,0,0,0,1,0,1,4,0,0,0,0,0,0,0,71,294,Active,0,1,0.4775,incomplete,2.2421,Manual Review
CLM-000329,USR-0347,PRD-0453,Air Conditioner,Mitsubishi,MIT-402D,SNU9IVW7KHUL,Local Electronics Dealer,2026-06-20,299946,12,0,0,2026-06-20,2027-06-20,2026-09-23,2026-06-09,Lack Of Servicing,0,Environmental,73070,0,None,0,0,1,1,1,1,1,1,0,1,0,1,0,0,0,1,-11,376,Active,-106,0,0.2436,contradictory,-0.2379,Manual Review
CLM-000330,USR-0079,PRD-0704,Washing Machine,Haier,HAI-585B,SNDDP0NEC8UY,Naheed Online,2023-02-15,69926,24,0,0,2023-02-15,2025-02-15,2025-04-06,2025-07-04,Water Inlet Valve Fault,1,Functional,20980,0,None,0,0,1,1,1,1,1,1,0,1,0,0,0,0,0,0,870,-139,Expired,89,0,0.3,normal,0.1325,Manual Review
CLM-000332,USR-0020,PRD-0030,Laptop,Dell,DEL-915H,SNPC3Q1D05AQ,Naheed Online,2023-07-08,216897,12,0,0,2023-07-08,2024-07-08,2023-09-23,2023-12-11,Liquid Spill,0,Installation,31927,1,Authorised Service Centre Karachi,0,0,1,1,1,0,1,0,2,1,0,0,0,0,0,0,156,210,Active,79,0,0.1472,incomplete,0.2484,Manual Review
CLM-000333,USR-0165,PRD-0717,Smartphone,Vivo,VIV-547M,SN2E2ASOEVGK,Imtiaz Super Market,2025-07-24,115070,12,0,0,2025-07-24,2026-07-24,2026-08-16,2026-08-25,Camera Module Fault,1,Functional,95292,3,Authorised Service Centre Karachi,0,1,1,1,1,1,1,1,0,1,0,0,0,0,0,0,397,-32,Expired,9,1,0.8281,complex,0.0281,Manual Review
CLM-000334,USR-0359,PRD-0827,Refrigerator,LG,LG-922N,SN3WQZ6OYHR2,Metro Cash And Carry,2022-11-11,296006,12,0,0,2022-11-11,2023-11-11,2025-04-04,2025-04-11,Rodent Damage,0,Installation,234939,1,Authorised Service Centre Karachi,0,0,0,1,1,1,0,0,3,1,0,0,0,0,0,0,882,-517,Expired,7,1,0.7937,normal,-8.9205,Invalid Claim
CLM-000335,USR-0128,PRD-0137,Air Conditioner,Mitsubishi,MIT-910B,SN4M71WHH5E3,Authorised Brand Outlet,2023-09-21,336618,12,0,0,2023-09-21,2024-09-21,2024-03-21,2024-06-02,Physical Damage,0,Physical,276183,1,Authorised Service Centre Islamabad,0,0,0,1,1,0,1,1,2,1,0,0,0,0,0,0,255,111,Active,73,0,0.8205,normal,-2.7686,Invalid Claim
CLM-000336,USR-0160,PRD-0530,Laptop,Lenovo,LEN-448A,SN61YQ6NX6AF,Authorised Brand Outlet,2026-01-18,186067,12,0,0,2026-01-18,2027-01-18,2026-01-21,2026-02-07,Battery Swelling,1,Functional,141647,0,None,0,0,0,1,0,0,0,1,4,1,0,0,0,0,0,0,20,345,Active,17,0,0.7613,incomplete,3.9434,Valid Claim
CLM-000337,USR-0210,PRD-0169,Laptop,Dell,DEL-140G,SNH87N65SPET,HKB Store,2026-06-05,307263,12,0,0,2026-06-05,2027-06-05,2026-07-19,2026-08-04,Liquid Spill,0,Physical,257303,1,Authorised Service Centre Islamabad,0,0,0,0,0,0,1,0,5,1,0,0,0,0,0,0,60,305,Active,16,0,0.8374,incomplete,-2.6721,Invalid Claim
CLM-000338,USR-0344,PRD-0129,Air Conditioner,Gree,GRE-237A,SNCAZRP9DXOQ,HKB Store,2023-10-24,170880,12,0,0,2023-10-24,2024-10-24,2024-03-23,2024-03-31,Voltage Surge Without Stabilizer,0,Physical,47979,2,Authorised Service Centre Karachi,0,0,1,1,1,1,1,1,0,1,0,0,1,0,0,1,159,207,Active,8,1,0.2808,contradictory,0.3777,Manual Review
CLM-000339,USR-0104,PRD-0800,Refrigerator,Samsung,SAM-951E,SNAHW9TTKYXA,Metro Cash And Carry,2026-08-05,211319,12,0,0,2026-08-05,2027-08-05,2026-10-10,2026-09-23,Control Board Fault,1,Functional,169125,1,Unregistered Technician,1,1,1,1,1,1,1,0,1,1,0,0,0,1,0,1,49,316,Active,-17,0,0.8003,contradictory,3.6363,Valid Claim
CLM-000340,USR-0371,PRD-0714,Washing Machine,Samsung,SAM-648H,SN8DHDDCIROW,HKB Store,2025-01-13,58526,24,0,0,2025-01-13,2027-01-13,2026-01-15,2026-01-19,Water Inlet Valve Fault,1,Functional,5724,2,Authorised Service Centre Islamabad,0,1,1,1,1,1,1,1,0,1,0,0,0,0,0,0,371,359,Active,4,1,0.0978,complex,8.011,Valid Claim
CLM-000342,USR-0231,PRD-0728,Laptop,Acer,ACE-322M,SNF2S5S64QEQ,Imtiaz Super Market,2022-08-22,214927,12,0,0,2022-08-22,2023-08-22,2024-11-06,2024-11-09,Unauthorised Software Modification,0,Physical,77739,0,None,0,0,1,0,1,1,1,1,1,1,0,0,0,0,0,0,810,-445,Expired,3,1,0.3617,normal,-5.368,Invalid Claim
CLM-000345,USR-0016,PRD-0569,Laptop,Asus,ASU-386D,SNF6XDN8WWII,Imtiaz Super Market,2023-09-11,287988,12,1,24,2023-09-11,2026-09-11,2026-08-22,2026-08-29,Fan Failure,1,Functional,219539,0,None,0,0,1,1,1,1,1,1,0,1,0,0,0,0,0,0,1083,13,Nearing Expiry,7,1,0.7623,borderline,9.6434,Valid Claim
CLM-000346,USR-0354,PRD-0132,Air Conditioner,Dawlance,DAW-690C,SN3U8IZIIBCO,Imtiaz Super Market,2025-08-15,190225,12,0,0,2025-08-15,2026-08-15,2026-03-24,2025-08-11,Voltage Surge Without Stabilizer,0,User Induced,123157,0,None,0,0,1,1,1,1,0,1,1,1,0,1,0,0,0,1,-4,369,Active,-225,0,0.6474,contradictory,-1.1093,Manual Review
CLM-000347,USR-0013,PRD-0853,Washing Machine,Samsung,SAM-617H,SNO7KRGI4JWP,Local Electronics Dealer,2025-01-16,76728,24,0,0,2025-01-16,2027-01-16,2025-03-20,2025-01-11,Rodent Damage,0,Installation,35744,0,None,0,0,1,1,1,1,0,1,1,1,0,1,0,0,1,2,-5,735,Active,-68,0,0.4659,contradictory,-2.9667,Manual Review
CLM-000349,USR-0001,PRD-0778,Washing Machine,LG,LG-773G,SN40DTIRC9ZD,Imtiaz Super Market,2024-01-25,47515,24,0,0,2024-01-25,2026-01-25,2024-12-09,2024-01-07,Control Board Fault,1,Functional,38524,1,Authorised Service Centre Islamabad,0,0,1,1,0,0,1,0,3,1,0,1,0,0,0,1,-18,749,Active,-337,0,0.8108,normal,4.4939,Manual Review
CLM-000350,USR-0260,PRD-0572,Smartphone,Infinix,INF-210J,SNJTLVIZU4H6,Naheed Online,2024-01-12,201746,12,0,0,2024-01-12,2025-01-12,2025-01-12,2025-01-19,Water Damage,0,User Induced,47963,0,None,0,0,0,1,1,0,1,1,2,1,0,0,0,0,0,0,373,-7,Expired,7,1,0.2377,borderline,-6.9553,Invalid Claim
CLM-000351,USR-0344,PRD-0869,Washing Machine,PEL,PEL-588L,SNWJVIE6DUEP,Naheed Online,2026-07-13,177300,24,0,0,2026-07-13,2028-07-13,2026-09-23,2026-09-23,Improper Installation,0,Physical,30202,0,None,0,0,1,1,0,1,1,1,1,1,0,0,0,0,0,0,72,659,Active,0,1,0.1703,normal,2.3706,Manual Review
CLM-000352,USR-0393,PRD-0657,Washing Machine,PEL,PEL-846L,SN8N6Q7NC85E,HKB Store,2026-05-13,92181,24,0,0,2026-05-13,2028-05-13,2026-09-07,2026-09-23,Physical Damage,0,Installation,61316,0,None,0,1,1,1,1,0,0,1,2,0,0,0,0,0,0,0,133,598,Active,16,1,0.6652,incomplete,-2.0759,Invalid Claim
CLM-000353,USR-0117,PRD-0483,Washing Machine,Samsung,SAM-795P,SNUB31P35ZWQ,Local Electronics Dealer,2023-09-15,84715,24,0,0,2023-09-15,2025-09-15,2024-03-18,2024-03-26,Improper Installation,0,User Induced,64139,2,Unregistered Technician,1,0,1,1,1,1,1,1,0,1,0,0,0,0,0,0,193,538,Active,8,1,0.7571,normal,0.0241,Manual Review
CLM-000354,USR-0244,PRD-0279,Air Conditioner,Gree,GRE-550H,SNPNL6RNKWXZ,Local Electronics Dealer,2024-09-30,218207,12,1,36,2024-09-30,2028-09-30,2026-04-30,2026-05-30,Fan Motor Failure,1,Functional,101221,2,Authorised Service Centre Karachi,0,1,1,1,1,1,1,1,0,1,0,0,0,0,0,0,607,854,Active,30,1,0.4639,complex,8.6858,Valid Claim
CLM-000355,USR-0261,PRD-0412,Smartphone,Infinix,INF-612A,SNBELRQVSLWF,Authorised Brand Outlet,2026-01-26,100637,12,0,0,2026-01-26,2027-01-26,2026-08-01,2026-08-07,Display Line Defect,1,Functional,21057,1,Authorised Service Centre Islamabad,0,0,1,0,0,1,0,0,4,1,0,0,0,0,0,0,193,172,Active,6,1,0.2092,incomplete,6.7647,Valid Claim
CLM-000356,USR-0265,PRD-0872,Air Conditioner,Mitsubishi,MIT-744C,SN1S6MOPZ24H,Imtiaz Super Market,2024-10-14,227570,12,1,36,2024-10-14,2028-10-14,2026-07-24,2026-07-24,Gas Leakage,1,Functional,30000,0,None,0,0,1,1,1,0,0,1,2,1,0,0,0,0,0,0,648,813,Active,0,1,0.1318,normal,9.1783,Valid Claim
CLM-000357,USR-0250,PRD-0375,Smartphone,Infinix,INF-681D,SNMUC4LR9CM1,Authorised Brand Outlet,2023-09-16,297455,12,1,12,2023-09-16,2025-09-16,2025-08-09,2023-09-03,Physical Damage,0,Environmental,132039,0,None,0,0,1,1,1,0,1,1,1,1,0,1,0,0,0,1,-13,744,Active,-706,0,0.4439,contradictory,0.1467,Manual Review
CLM-000358,USR-0398,PRD-0606,Smartphone,Xiaomi,XIA-628C,SN62PN4I0YZ7,Local Electronics Dealer,2023-02-18,39977,12,0,0,2023-02-18,2024-02-18,2025-01-26,2025-01-17,Screen Crack,0,Physical,26523,0,None,0,0,1,0,1,1,0,1,2,1,0,0,0,1,0,1,699,-334,Expired,-9,0,0.6635,normal,-9.2775,Invalid Claim
CLM-000359,USR-0113,PRD-0575,Smartphone,Oppo,OPP-558D,SN9Y8CQ1F6AB,Local Electronics Dealer,2023-09-16,100995,12,0,0,2023-09-16,2024-09-16,2024-09-18,2024-09-21,Water Damage,0,User Induced,59405,0,None,0,0,1,1,1,1,0,1,1,0,0,0,0,0,0,0,371,-5,Expired,3,1,0.5882,borderline,-8.6576,Invalid Claim
CLM-000361,USR-0232,PRD-0508,Air Conditioner,Haier,HAI-346B,SNUA08EKXDRK,Local Electronics Dealer,2023-07-29,296737,12,0,0,2023-07-29,2024-07-29,2024-04-22,2024-04-25,Voltage Surge Without Stabilizer,0,Physical,128610,1,Authorised Service Centre Lahore,0,0,1,1,0,0,0,0,4,1,1,0,0,0,0,0,271,95,Active,3,1,0.4334,contradictory,-1.4094,Manual Review
CLM-000363,USR-0038,PRD-0755,Refrigerator,Samsung,SAM-940F,SNWHUJABF8S2,Imtiaz Super Market,2022-12-18,111423,12,0,0,2022-12-18,2023-12-18,2023-05-05,2023-08-29,Improper Installation,0,User Induced,5964,4,Local Repair Shop,1,1,1,0,1,1,1,0,2,1,0,0,0,0,0,0,254,111,Active,116,0,0.0535,complex,-2.6363,Invalid Claim
CLM-000364,USR-0074,PRD-0221,Smartphone,Xiaomi,XIA-731K,SN7JN23648N9,Daraz,2023-05-16,151802,12,1,12,2023-05-16,2025-05-16,2025-11-11,2025-11-12,Physical Damage,0,Physical,13891,0,None,0,0,1,0,1,0,0,1,3,1,0,0,0,0,0,0,911,-180,Expired,1,1,0.0915,incomplete,-7.0726,Invalid Claim
CLM-000366,USR-0114,PRD-0145,Laptop,HP,HP-962L,SN0QPF8M72ZK,Metro Cash And Carry,2023-05-07,385681,12,0,0,2023-05-07,2024-05-07,2026-07-02,2026-07-12,Liquid Spill,0,Physical,276567,0,None,0,1,0,1,1,0,0,1,3,1,0,0,0,0,0,0,1162,-796,Expired,10,1,0.7171,incomplete,-10.3908,Invalid Claim
CLM-000367,USR-0215,PRD-0028,Refrigerator,Haier,HAI-476L,SNR6BAEDVLZN,HKB Store,2022-12-24,121614,12,0,0,2022-12-24,2023-12-24,2023-11-24,2024-02-17,Improper Installation,0,Environmental,20843,1,Local Repair Shop,1,0,1,0,1,1,1,0,2,1,0,0,0,0,0,0,420,-55,Expired,85,0,0.1714,borderline,-9.8983,Invalid Claim
CLM-000369,USR-0164,PRD-0856,Smartphone,Samsung,SAM-629B,SN4F0SWYQ7QN,Metro Cash And Carry,2023-07-13,60456,12,0,0,2023-07-13,2024-07-13,2026-06-15,2026-06-23,Speaker Failure,1,Functional,42778,2,Unregistered Technician,1,0,0,0,1,1,1,1,2,1,1,0,0,0,0,0,1076,-710,Expired,8,1,0.7076,normal,-6.0853,Invalid Claim
CLM-000371,USR-0060,PRD-0455,Air Conditioner,Gree,GRE-908C,SND5219ZAGI3,Daraz,2023-02-23,118422,12,0,0,2023-02-23,2024-02-23,2024-08-29,2024-09-21,Physical Damage,0,Installation,75244,2,Authorised Service Centre Islamabad,0,0,1,1,1,0,1,1,1,1,1,0,0,0,0,0,576,-211,Expired,23,1,0.6354,normal,-7.6228,Invalid Claim
CLM-000375,USR-0092,PRD-0324,Washing Machine,LG,LG-968D,SNYWKOODVMBO,HKB Store,2022-11-11,161146,24,0,0,2022-11-11,2024-11-11,2025-09-04,2022-10-22,Water Inlet Valve Fault,1,Functional,125075,1,Authorised Service Centre Lahore,0,0,1,0,1,1,1,1,1,1,0,1,0,0,0,1,-20,751,Active,-1048,0,0.7762,normal,4.0543,Valid Claim
CLM-000377,USR-0164,PRD-0171,Refrigerator,Dawlance,DAW-935F,SNF9HKJF0U2R,Authorised Brand Outlet,2023-02-14,123494,12,1,48,2023-02-14,2028-02-14,2026-09-23,2026-09-23,Compressor Failure,1,Functional,17773,1,Authorised Service Centre Islamabad,0,0,1,1,1,1,1,0,1,1,0,0,0,0,1,1,1317,509,Active,0,1,0.1439,normal,8.488,Valid Claim
CLM-000378,USR-0296,PRD-0544,Refrigerator,Samsung,SAM-647K,SNRTM477Y6ZL,Metro Cash And Carry,2025-07-17,236934,12,0,0,2025-07-17,2026-07-17,2026-02-23,2026-05-24,Gas Leakage,1,Functional,156782,0,None,0,0,1,1,1,1,1,1,0,0,0,0,0,0,0,0,311,54,Nearing Expiry,90,0,0.6617,normal,4.6972,Manual Review
CLM-000379,USR-0167,PRD-0792,Laptop,HP,HP-273P,SNFR16WU19LF,HKB Store,2023-01-30,395680,12,0,0,2023-01-30,2024-01-30,2026-05-24,2026-05-31,Physical Damage,0,Installation,287485,4,Local Repair Shop,1,0,1,0,1,0,1,1,2,1,0,0,0,0,0,0,1217,-852,Expired,7,1,0.7266,complex,-8.183,Invalid Claim
CLM-000380,USR-0128,PRD-0401,Washing Machine,LG,LG-522K,SNKOQS8D6KYB,HKB Store,2025-09-22,122771,24,0,0,2025-09-22,2027-09-22,2025-11-24,2026-02-19,Drain Pump Failure,1,Functional,66896,0,None,0,0,1,0,1,1,1,1,1,1,0,0,0,0,0,0,150,580,Active,87,0,0.5449,normal,7.2891,Valid Claim
CLM-000381,USR-0156,PRD-0403,Air Conditioner,Mitsubishi,MIT-385G,SNPBKHAJWW1K,Metro Cash And Carry,2023-10-10,286435,12,0,0,2023-10-10,2024-10-10,2026-07-26,2026-09-23,Improper Installation,0,Environmental,71165,1,Local Repair Shop,1,0,1,1,1,1,1,1,0,0,0,0,0,0,0,0,1079,-713,Expired,59,0,0.2485,incomplete,-10.0672,Invalid Claim
CLM-000383,USR-0040,PRD-0375,Refrigerator,Haier,HAI-788H,SNRA65EC0TW4,Imtiaz Super Market,2024-10-22,79195,12,0,0,2024-10-22,2025-10-22,2025-05-09,2025-05-11,Gas Leakage,1,Functional,54159,1,Local Repair Shop,1,0,1,0,1,1,1,1,1,1,0,0,0,0,0,0,201,164,Active,2,1,0.6839,normal,6.447,Valid Claim
CLM-000384,USR-0212,PRD-0352,Laptop,Acer,ACE-868B,SNRTSXOF33QE,HKB Store,2025-11-17,133160,12,0,0,2025-11-17,2026-11-17,2026-08-26,2026-09-01,Fan Failure,1,Functional,87050,2,Authorised Service Centre Karachi,0,0,1,0,1,0,0,0,4,1,0,0,0,0,0,0,288,77,Active,6,1,0.6537,incomplete,7.1779,Valid Claim
CLM-000386,USR-0152,PRD-0714,Air Conditioner,Haier,HAI-619D,SNLO87TQGDST,HKB Store,2023-01-19,130641,12,0,0,2023-01-19,2024-01-19,2023-12-07,2024-02-17,Physical Damage,0,Physical,42079,0,None,0,0,1,1,1,0,1,1,1,1,0,0,0,0,0,0,394,-29,Expired,72,0,0.3221,normal,-6.1391,Invalid Claim
CLM-000387,USR-0398,PRD-0208,Air Conditioner,Gree,GRE-106C,SN2MF3G1PUXJ,Metro Cash And Carry,2024-04-22,344215,12,0,0,2024-04-22,2025-04-22,2025-11-02,2025-11-07,Cooling Fault,1,Functional,183742,1,Unregistered Technician,1,0,1,1,1,1,1,1,0,1,1,0,0,0,0,0,564,-199,Expired,5,1,0.5338,contradictory,-1.9585,Manual Review
CLM-000388,USR-0248,PRD-0835,Laptop,Dell,DEL-930A,SN0F8NUIX6HT,HKB Store,2024-09-21,119629,12,1,24,2024-09-21,2027-09-21,2026-09-23,2026-09-23,Storage Failure,1,Functional,19765,1,Authorised Service Centre Lahore,0,0,1,1,1,1,1,0,1,1,1,0,0,0,0,0,732,363,Active,0,1,0.1652,normal,7.1725,Valid Claim
CLM-000389,USR-0055,PRD-0444,Washing Machine,Haier,HAI-470L,SN6QFGSXW71Q,HKB Store,2026-01-25,155115,24,0,0,2026-01-25,2028-01-25,2026-09-23,2026-09-23,Drum Bearing Noise,1,Functional,109800,0,None,0,0,1,1,1,0,1,1,1,1,0,0,0,0,0,0,241,489,Active,0,1,0.7079,borderline,9.0498,Valid Claim
CLM-000391,USR-0377,PRD-0500,Refrigerator,Haier,HAI-191D,SN99VRS5Y4IG,Authorised Brand Outlet,2025-07-15,237116,12,0,0,2025-07-15,2026-07-15,2026-02-10,2026-03-21,Cooling Fault,1,Functional,91797,2,Local Repair Shop,1,0,0,1,1,1,0,1,2,1,0,0,0,0,0,0,249,116,Active,39,0,0.3871,incomplete,3.4443,Valid Claim
CLM-000392,USR-0034,PRD-0175,Laptop,Dell,DEL-676N,SN5ZK1GA2SYT,Daraz,2026-04-18,386418,12,0,0,2026-04-18,2027-04-18,2026-09-23,2026-09-23,Battery Swelling,1,Functional,254373,1,Authorised Service Centre Karachi,0,0,0,0,0,0,1,0,5,1,0,0,0,0,0,0,158,207,Active,0,1,0.6583,incomplete,5.5942,Valid Claim
CLM-000393,USR-0268,PRD-0168,Laptop,Dell,DEL-175L,SNDCOWDXCJ19,Authorised Brand Outlet,2025-06-04,194718,12,0,0,2025-06-04,2026-06-04,2025-11-15,2025-10-30,Unauthorised Software Modification,0,Environmental,165014,0,None,0,0,1,1,1,1,1,1,0,1,0,0,0,1,1,2,148,217,Active,-16,0,0.8475,contradictory,-2.578,Manual Review
CLM-000394,USR-0218,PRD-0086,Smartphone,Oppo,OPP-292L,SNA9W425OVDZ,HKB Store,2024-12-21,302566,12,0,0,2024-12-21,2025-12-21,2025-01-14,2025-02-02,Physical Damage,0,Installation,34592,2,Authorised Service Centre Islamabad,0,0,0,0,1,0,1,0,4,1,0,0,0,0,0,0,43,322,Active,19,0,0.1143,normal,-2.8936,Invalid Claim
CLM-000395,USR-0005,PRD-0771,Air Conditioner,Mitsubishi,MIT-508J,SNYUQT646ACY,Local Electronics Dealer,2025-04-30,170359,12,0,0,2025-04-30,2026-04-30,2026-05-07,2026-05-13,Improper Installation,0,User Induced,104072,0,None,0,0,1,1,1,1,1,1,0,1,0,0,0,0,0,0,378,-13,Expired,6,1,0.6109,borderline,-4.3361,Invalid Claim
CLM-000396,USR-0031,PRD-0860,Smartphone,Samsung,SAM-449M,SNYUL3DIIMEO,Imtiaz Super Market,2026-06-25,159975,12,0,0,2026-06-25,2027-06-25,2026-09-19,2026-09-23,Speaker Failure,1,Functional,12467,2,Authorised Service Centre Lahore,0,1,1,1,1,1,1,0,1,1,0,0,0,0,0,0,90,275,Active,4,1,0.0779,complex,7.8343,Valid Claim
CLM-000397,USR-0304,PRD-0387,Laptop,Acer,ACE-517N,SNDZLPNY7CY2,Local Electronics Dealer,2023-10-26,122580,12,0,0,2023-10-26,2024-10-26,2024-06-01,2024-06-04,Physical Damage,0,User Induced,96489,0,None,0,0,0,0,1,0,0,1,4,1,0,0,0,0,0,0,222,144,Active,3,1,0.7872,incomplete,-2.2595,Invalid Claim
CLM-000398,USR-0369,PRD-0727,Washing Machine,Samsung,SAM-868H,SNXIE39ZVYEC,HKB Store,2024-06-27,53700,24,0,0,2024-06-27,2026-06-27,2025-02-14,2025-05-05,External Water Ingress,0,Installation,44152,0,None,0,0,1,1,1,1,1,1,0,1,0,0,0,0,0,0,312,418,Active,80,0,0.8222,normal,0.4987,Manual Review
CLM-000399,USR-0380,PRD-0841,Laptop,HP,HP-251D,SN6QEPYOHAKC,HKB Store,2025-12-31,439788,12,1,24,2025-12-31,2028-12-31,2026-08-17,2026-08-25,Keyboard Failure,1,Functional,30896,1,Authorised Service Centre Islamabad,0,0,1,0,1,1,1,0,2,1,0,0,0,0,0,0,237,859,Active,8,1,0.0703,normal,8.4579,Valid Claim
CLM-000401,USR-0224,PRD-0099,Air Conditioner,Haier,HAI-702P,SN35GSGCJ2TJ,HKB Store,2023-02-05,383652,12,0,0,2023-02-05,2024-02-05,2024-03-29,2024-03-30,Improper Installation,0,Environmental,47801,1,Unregistered Technician,1,0,1,0,1,0,1,1,2,0,0,0,0,0,0,0,419,-54,Expired,1,1,0.1246,normal,-10.5159,Invalid Claim
CLM-000402,USR-0029,PRD-0794,Air Conditioner,Haier,HAI-881G,SNMH5HZWR73Y,Metro Cash And Carry,2025-08-16,160637,12,0,0,2025-08-16,2026-08-16,2025-08-31,2025-10-02,PCB Fault,1,Functional,32248,1,Local Repair Shop,1,0,1,1,1,1,1,1,0,1,0,0,0,0,0,0,47,318,Active,32,0,0.2008,normal,6.3429,Valid Claim
CLM-000404,USR-0168,PRD-0210,Air Conditioner,Haier,HAI-303J,SN1BSZSCI6DI,Naheed Online,2023-02-07,141722,12,0,0,2023-02-07,2024-02-07,2024-10-12,2025-01-11,Physical Damage,0,Environmental,60748,0,None,0,0,1,0,0,1,1,1,2,1,0,0,0,0,0,0,704,-339,Expired,91,0,0.4286,incomplete,-7.5874,Invalid Claim
CLM-000405,USR-0369,PRD-0693,Refrigerator,Haier,HAI-630E,SNSJNJ8TH1PQ,Authorised Brand Outlet,2025-10-19,67095,12,0,0,2025-10-19,2026-10-19,2026-03-07,2026-03-13,Improper Installation,0,Physical,47460,0,None,0,0,1,1,0,0,0,1,3,1,0,0,0,0,0,0,145,220,Active,6,1,0.7074,incomplete,1.0461,Manual Review
CLM-000406,USR-0149,PRD-0281,Refrigerator,Haier,HAI-922G,SNWHZ3M21O5K,HKB Store,2024-08-02,231500,12,1,48,2024-08-02,2029-08-02,2026-09-23,2026-09-23,Voltage Surge Without Stabilizer,0,User Induced,16725,0,None,0,0,1,1,1,1,1,1,0,1,1,0,0,0,1,1,782,1044,Active,0,1,0.0722,contradictory,-0.298,Manual Review
CLM-000407,USR-0335,PRD-0878,Refrigerator,Dawlance,DAW-723H,SNI1RDP1F84C,HKB Store,2026-08-10,130114,12,0,0,2026-08-10,2027-08-10,2026-09-23,2026-09-23,Thermostat Fault,1,Functional,79591,2,Local Repair Shop,1,1,1,1,1,1,1,0,1,1,0,0,0,0,0,0,44,321,Active,0,1,0.6117,complex,6.1279,Valid Claim
CLM-000408,USR-0131,PRD-0037,Laptop,Asus,ASU-569L,SN8EJ75HSA5R,Metro Cash And Carry,2023-10-10,360734,12,0,0,2023-10-10,2024-10-10,2024-09-15,2024-10-31,Physical Damage,0,User Induced,235171,2,Unregistered Technician,1,0,1,0,1,0,1,1,2,1,0,0,0,0,0,0,387,-21,Expired,46,0,0.6519,complex,-8.7433,Invalid Claim
CLM-000409,USR-0247,PRD-0198,Smartphone,Infinix,INF-908J,SNA95C434DT6,Authorised Brand Outlet,2023-08-02,25169,12,0,0,2023-08-02,2024-08-02,2024-09-16,2024-09-17,Camera Module Fault,1,Functional,16690,0,None,0,0,1,1,1,1,1,1,0,1,1,0,0,0,0,0,412,-46,Expired,1,1,0.6631,borderline,-0.0257,Manual Review
CLM-000410,USR-0352,PRD-0862,Washing Machine,Haier,HAI-554D,SNTK4GC4RYG9,Naheed Online,2022-09-15,75335,24,0,0,2022-09-15,2024-09-15,2024-10-29,2024-11-12,Improper Installation,0,Installation,26956,0,None,0,0,1,0,1,1,1,1,1,1,0,0,0,0,0,0,789,-58,Expired,14,1,0.3578,borderline,-6.3492,Invalid Claim
CLM-000411,USR-0205,PRD-0143,Air Conditioner,TCL,TCL-569A,SNOKVC4GTJS1,Metro Cash And Carry,2026-01-16,179601,12,0,0,2026-01-16,2027-01-16,2026-09-23,2026-09-23,Fan Motor Failure,1,Functional,25972,1,Unregistered Technician,1,0,1,1,1,1,1,1,0,1,0,0,0,0,0,0,250,115,Active,0,1,0.1446,borderline,7.9269,Valid Claim
CLM-000412,USR-0296,PRD-0532,Laptop,Acer,ACE-460E,SNCRH9KFE9S9,Metro Cash And Carry,2023-09-22,291063,12,0,0,2023-09-22,2024-09-22,2025-04-22,2025-04-27,Screen Crack,0,Physical,208900,0,None,0,0,0,1,0,0,1,1,3,1,0,0,0,0,0,0,583,-217,Expired,5,1,0.7177,incomplete,-7.0965,Invalid Claim
CLM-000415,USR-0349,PRD-0439,Smartphone,Samsung,SAM-423G,SNOQM1883F7A,Authorised Brand Outlet,2024-06-26,206645,12,0,0,2024-06-26,2025-06-26,2025-07-16,2025-07-23,Physical Damage,0,Environmental,73829,3,Unregistered Technician,1,0,0,1,1,1,1,0,2,1,0,0,0,0,0,0,392,-27,Expired,7,1,0.3573,complex,-8.2707,Invalid Claim
CLM-000416,USR-0104,PRD-0832,Smartphone,Oppo,OPP-825N,SNW22DPTMD4F,Local Electronics Dealer,2022-08-29,162306,12,0,0,2022-08-29,2023-08-29,2022-12-19,2022-12-30,Speaker Failure,1,Functional,66113,0,None,0,0,1,1,1,1,1,1,0,0,1,0,0,0,0,0,123,242,Active,11,1,0.4073,normal,4.406,Manual Review
CLM-000418,USR-0247,PRD-0381,Washing Machine,Haier,HAI-458K,SNM201LDA71Y,Naheed Online,2023-12-27,133073,24,0,0,2023-12-27,2025-12-27,2025-03-08,2025-03-20,Drum Bearing Noise,1,Functional,77630,0,None,0,0,0,0,0,0,0,1,5,1,0,0,0,0,0,0,449,282,Active,12,1,0.5834,incomplete,5.787,Valid Claim
CLM-000419,USR-0280,PRD-0359,Laptop,Acer,ACE-761L,SNADN2TVDNHB,Naheed Online,2023-11-09,356399,12,0,0,2023-11-09,2024-11-09,2025-07-03,2025-07-10,Unauthorised Software Modification,0,User Induced,298184,1,Authorised Service Centre Karachi,0,0,1,1,1,1,0,0,2,1,0,0,0,0,0,0,609,-243,Expired,7,1,0.8367,normal,-7.099,Invalid Claim
CLM-000421,USR-0283,PRD-0640,Smartphone,Xiaomi,XIA-579G,SNWOOETQ0DAU,Metro Cash And Carry,2024-03-06,342853,12,0,0,2024-03-06,2025-03-06,2026-07-30,2026-08-18,Battery Wear After Six Months,0,Physical,56855,3,Unregistered Technician,1,0,0,1,0,1,1,1,2,1,0,0,0,0,1,1,895,-530,Expired,19,0,0.1658,complex,-11.8297,Invalid Claim
CLM-000422,USR-0048,PRD-0701,Washing Machine,Haier,HAI-748K,SNC6G4Y3CXLL,Daraz,2025-04-20,126538,24,0,0,2025-04-20,2027-04-20,2025-04-28,2025-05-23,Motor Failure,1,Functional,90430,1,Unregistered Technician,1,0,1,0,1,0,1,1,2,1,0,0,0,0,0,0,33,697,Active,25,1,0.7146,complex,6.7681,Valid Claim
CLM-000423,USR-0301,PRD-0455,Refrigerator,LG,LG-388H,SNTCPWNKSW5B,Local Electronics Dealer,2025-11-02,262200,12,0,0,2025-11-02,2026-11-02,2026-02-08,2026-03-10,Gas Leakage,1,Functional,97402,0,None,0,0,1,0,1,1,0,1,2,0,0,0,0,0,0,0,128,237,Active,30,1,0.3715,normal,5.0972,Valid Claim
CLM-000425,USR-0352,PRD-0313,Air Conditioner,Gree,GRE-251D,SNV0G9Q1DIAR,Metro Cash And Carry,2023-07-26,267772,12,0,0,2023-07-26,2024-07-26,2024-01-01,2024-04-21,Voltage Surge Without Stabilizer,0,User Induced,211163,0,None,0,0,0,0,0,0,1,1,4,1,0,0,0,0,0,0,270,96,Active,111,0,0.7886,incomplete,-2.968,Invalid Claim
CLM-000428,USR-0080,PRD-0279,Laptop,Asus,ASU-388K,SNHMY4SJ6BW3,Metro Cash And Carry,2026-04-08,155407,12,1,24,2026-04-08,2029-04-08,2026-08-31,2026-09-23,Battery Swelling,1,Functional,40650,2,Authorised Service Centre Karachi,0,0,1,1,1,1,1,0,1,1,1,0,0,0,0,0,168,928,Active,23,0,0.2616,normal,6.2369,Valid Claim
CLM-000429,USR-0317,PRD-0258,Smartphone,Oppo,OPP-811F,SNGL51RGFRNJ,Imtiaz Super Market,2026-03-31,338662,12,0,0,2026-03-31,2027-03-31,2026-05-14,2026-05-14,Display Line Defect,1,Functional,57857,1,Authorised Service Centre Islamabad,0,0,1,1,1,0,0,1,2,1,0,0,0,0,0,0,44,321,Active,0,1,0.1708,complex,8.8595,Valid Claim
CLM-000430,USR-0004,PRD-0223,Air Conditioner,Dawlance,DAW-158C,SNYDCTQ1LZ5R,Daraz,2026-05-31,321087,12,0,0,2026-05-31,2027-05-31,2026-08-12,2026-09-23,Voltage Surge Without Stabilizer,0,Environmental,95470,1,Authorised Service Centre Karachi,0,0,1,1,1,1,1,1,0,1,0,0,0,0,0,0,115,250,Active,42,0,0.2973,complex,1.5525,Manual Review
CLM-000431,USR-0128,PRD-0330,Laptop,Dell,DEL-545J,SNC9SPW17KF6,Daraz,2022-11-04,382494,12,0,0,2022-11-04,2023-11-04,2022-12-10,2022-12-18,Storage Failure,1,Functional,81802,0,None,0,0,0,1,0,0,1,1,3,1,0,0,0,0,0,0,44,321,Active,8,1,0.2139,incomplete,8.0139,Valid Claim
CLM-000432,USR-0241,PRD-0860,Laptop,Acer,ACE-841C,SNPR72PVK3YU,Local Electronics Dealer,2023-12-09,183402,12,0,0,2023-12-09,2024-12-09,2024-09-10,2024-10-05,Keyboard Failure,1,Functional,142671,0,None,0,0,1,1,1,1,1,1,0,1,0,0,0,0,0,0,301,65,Active,25,0,0.7779,normal,7.1853,Valid Claim
CLM-000433,USR-0368,PRD-0604,Refrigerator,LG,LG-407P,SNV8N0WCZVL3,Local Electronics Dealer,2023-06-06,82185,12,0,0,2023-06-06,2024-06-06,2024-03-31,2024-04-06,Voltage Surge Without Stabilizer,0,User Induced,43015,1,Authorised Service Centre Karachi,0,1,1,1,1,1,1,0,1,1,0,0,0,0,0,0,305,61,Active,6,1,0.5234,complex,1.564,Manual Review
CLM-000435,USR-0010,PRD-0394,Air Conditioner,TCL,TCL-662F,SNSX422YZ7MK,Naheed Online,2026-05-30,305895,12,0,0,2026-05-30,2027-05-30,2026-09-23,2026-09-23,Improper Installation,0,Physical,60843,0,None,0,1,0,0,0,0,0,1,5,1,0,0,0,0,0,0,116,249,Active,0,1,0.1989,incomplete,-2.2781,Invalid Claim
CLM-000436,USR-0205,PRD-0362,Washing Machine,LG,LG-371A,SN9BVV2J2CGQ,Imtiaz Super Market,2024-08-03,138904,24,0,0,2024-08-03,2026-08-03,2025-08-06,2025-07-29,Control Board Fault,1,Functional,101365,0,None,0,0,1,0,1,1,1,1,1,1,1,0,0,1,0,1,360,370,Active,-8,0,0.7297,contradictory,2.2252,Manual Review
CLM-000438,USR-0187,PRD-0688,Air Conditioner,Haier,HAI-773B,SNO44IUSEXU1,Authorised Brand Outlet,2026-01-14,405411,12,1,36,2026-01-14,2030-01-14,2026-09-23,2026-09-23,Improper Installation,0,Environmental,116913,0,None,0,0,1,0,0,1,0,1,3,1,0,0,0,0,1,1,252,1209,Active,0,1,0.2884,incomplete,0.958,Manual Review
CLM-000439,USR-0346,PRD-0459,Laptop,Dell,DEL-265M,SN5YL32REZON,Naheed Online,2026-05-02,267988,12,0,0,2026-05-02,2027-05-02,2026-07-03,2026-08-02,Physical Damage,0,User Induced,87205,1,Local Repair Shop,1,0,0,0,1,1,1,1,2,1,0,0,0,0,0,0,92,273,Active,30,0,0.3254,normal,-3.8856,Invalid Claim
CLM-000440,USR-0234,PRD-0820,Smartphone,Oppo,OPP-309B,SN70YB7RADI5,Authorised Brand Outlet,2022-12-07,183361,12,0,0,2022-12-07,2023-12-07,2022-11-16,2022-11-12,Charging Port Fault,1,Functional,29974,2,Authorised Service Centre Karachi,0,0,1,1,1,1,1,1,0,1,0,1,1,1,0,3,-25,390,Active,-4,0,0.1635,contradictory,2.5816,Manual Review
CLM-000441,USR-0108,PRD-0786,Laptop,HP,HP-685G,SNWB6TXKI3OQ,Local Electronics Dealer,2022-09-12,387394,12,0,0,2022-09-12,2023-09-12,2025-08-10,2022-09-10,Physical Damage,0,Environmental,101390,1,Unregistered Technician,1,0,1,1,0,1,1,0,2,1,0,1,0,0,0,1,-2,367,Active,-1065,0,0.2617,normal,-2.589,Invalid Claim
CLM-000442,USR-0078,PRD-0664,Smartphone,Infinix,INF-937L,SNY8OCVF34EI,HKB Store,2023-06-24,164865,12,0,0,2023-06-24,2024-06-24,2024-02-14,2024-02-17,Charging Port Fault,1,Functional,91869,0,None,0,0,1,1,1,1,1,1,0,1,0,0,0,0,0,0,238,128,Active,3,1,0.5572,normal,9.3479,Valid Claim
CLM-000443,USR-0390,PRD-0860,Air Conditioner,TCL,TCL-427D,SNNOUHFJ7UPF,Daraz,2026-04-07,350716,12,1,36,2026-04-07,2030-04-07,2026-08-29,2026-09-01,Improper Installation,0,Environmental,148283,2,Authorised Service Centre Karachi,0,0,1,0,1,1,1,1,1,1,0,0,0,0,0,0,147,1314,Active,3,1,0.4228,normal,2.5886,Manual Review
CLM-000445,USR-0252,PRD-0205,Laptop,Asus,ASU-225C,SN4Q6QDY4LMC,Authorised Brand Outlet,2026-06-29,234724,12,0,0,2026-06-29,2027-06-29,2026-09-23,2026-09-23,Screen Crack,0,User Induced,142051,0,None,0,0,1,1,1,1,1,1,0,1,0,0,0,0,0,0,86,279,Active,0,1,0.6052,borderline,2.5283,Manual Review
CLM-000447,USR-0030,PRD-0661,Laptop,Lenovo,LEN-634B,SNJPKB4PPECP,Imtiaz Super Market,2025-01-04,168616,12,0,0,2025-01-04,2026-01-04,2025-03-19,2025-03-02,Liquid Spill,0,Installation,43647,1,Authorised Service Centre Islamabad,0,0,1,1,0,1,1,0,2,1,0,0,0,1,0,1,57,308,Active,-17,0,0.2589,normal,-1.4366,Manual Review
CLM-000448,USR-0220,PRD-0173,Refrigerator,Haier,HAI-104F,SNIH0P4E05QM,Daraz,2025-04-04,213136,12,1,48,2025-04-04,2030-04-04,2026-09-23,2026-09-23,Physical Damage,0,User Induced,36641,1,Authorised Service Centre Islamabad,0,0,1,1,1,1,1,1,0,1,0,0,0,0,0,0,537,1289,Active,0,1,0.1719,normal,2.6868,Manual Review
CLM-000449,USR-0171,PRD-0583,Smartphone,Infinix,INF-670C,SN4N72YK938B,Local Electronics Dealer,2024-11-23,342358,12,0,0,2024-11-23,2025-11-23,2025-12-17,2026-01-02,Network Module Fault,1,Functional,254164,2,Local Repair Shop,1,0,1,1,1,1,1,1,0,1,0,0,0,0,0,0,405,-40,Expired,16,0,0.7424,borderline,-2.2019,Invalid Claim
CLM-000450,USR-0360,PRD-0478,Laptop,Asus,ASU-884M,SNEM9BN3FBGJ,Daraz,2023-02-08,170321,12,1,24,2023-02-08,2026-02-08,2026-03-24,2026-07-01,Screen Crack,0,User Induced,143574,1,Authorised Service Centre Islamabad,0,0,1,1,1,1,1,1,0,0,0,0,0,0,0,0,1239,-143,Expired,99,0,0.843,borderline,-10.3933,Invalid Claim
CLM-000451,USR-0061,PRD-0482,Laptop,Asus,ASU-154P,SNWUWQHEYTO5,Imtiaz Super Market,2026-06-23,258705,12,0,0,2026-06-23,2027-06-23,2026-07-18,2026-07-21,Physical Damage,0,User Induced,89860,2,Unregistered Technician,1,0,1,1,1,0,0,1,2,1,0,0,0,0,0,0,28,337,Active,3,1,0.3473,incomplete,-0.7736,Manual Review
CLM-000452,USR-0054,PRD-0171,Smartphone,Samsung,SAM-911C,SNTSXTV76T94,Naheed Online,2023-02-03,327285,12,1,12,2023-02-03,2025-02-03,2025-06-04,2025-07-04,Charging Port Fault,1,Functional,110089,2,Authorised Service Centre Karachi,0,0,0,1,0,0,1,0,4,1,0,0,0,0,0,0,882,-151,Expired,30,0,0.3364,incomplete,-3.202,Invalid Claim
CLM-000455,USR-0268,PRD-0839,Washing Machine,Samsung,SAM-109N,SNAR6JBPIHHB,HKB Store,2022-10-21,60536,24,0,0,2022-10-21,2024-10-21,2022-12-24,2023-03-13,Rodent Damage,0,Physical,4444,2,Local Repair Shop,1,1,1,1,1,1,1,1,0,1,0,0,0,0,0,0,143,588,Active,79,0,0.0734,complex,-1.1794,Manual Review
CLM-000458,USR-0009,PRD-0861,Washing Machine,LG,LG-902G,SNEO4CYTN8PL,Metro Cash And Carry,2026-04-02,117788,24,0,0,2026-04-02,2028-04-02,2026-06-30,2026-09-23,Control Board Fault,1,Functional,44484,4,Authorised Service Centre Karachi,0,0,1,1,1,1,1,1,0,1,0,0,0,0,0,0,174,557,Active,85,0,0.3777,complex,6.7471,Valid Claim
CLM-000459,USR-0180,PRD-0715,Laptop,Asus,ASU-914D,SN0USXW8M0LN,Daraz,2026-04-09,431564,12,0,0,2026-04-09,2027-04-09,2026-06-25,2026-06-26,Unauthorised Software Modification,0,Physical,241461,1,Local Repair Shop,1,0,0,1,0,1,0,1,3,1,0,0,0,0,0,0,78,287,Active,1,1,0.5595,incomplete,-2.2621,Invalid Claim
CLM-000461,USR-0117,PRD-0258,Air Conditioner,Mitsubishi,MIT-116A,SNZGQ095EGVT,Daraz,2023-03-13,144698,12,0,0,2023-03-13,2024-03-13,2023-04-12,2023-05-31,Lack Of Servicing,0,User Induced,45382,0,None,0,0,1,1,1,1,1,1,0,1,0,0,0,0,0,0,79,287,Active,49,0,0.3136,normal,0.8284,Manual Review
CLM-000462,USR-0158,PRD-0503,Air Conditioner,TCL,TCL-363B,SNZL8XRW4DBR,Imtiaz Super Market,2026-06-26,242242,12,0,0,2026-06-26,2027-06-26,2026-09-23,2026-09-23,PCB Fault,1,Functional,176754,0,None,0,0,1,1,1,1,1,1,0,1,0,0,0,0,0,0,89,276,Active,0,1,0.7297,borderline,9.1517,Valid Claim
CLM-000463,USR-0372,PRD-0298,Refrigerator,Samsung,SAM-269J,SN80GNYD1OSE,Naheed Online,2023-06-28,182505,12,0,0,2023-06-28,2024-06-28,2023-07-04,2023-06-20,Control Board Fault,1,Functional,91471,2,Authorised Service Centre Lahore,0,0,1,1,1,1,1,0,1,1,0,1,0,1,1,3,-8,374,Active,-14,0,0.5012,contradictory,2.2346,Manual Review
CLM-000464,USR-0366,PRD-0492,Refrigerator,Samsung,SAM-769H,SN1YFH1HDNR9,HKB Store,2025-05-05,191936,12,0,0,2025-05-05,2026-05-05,2026-05-04,2026-05-12,Rodent Damage,0,Installation,84626,1,Authorised Service Centre Lahore,0,1,1,1,0,1,1,1,1,1,0,0,0,0,0,0,372,-7,Expired,8,1,0.4409,complex,-5.8927,Invalid Claim
CLM-000465,USR-0167,PRD-0326,Smartphone,Vivo,VIV-366L,SN7ZKXEWV000,Naheed Online,2026-03-19,261773,12,0,0,2026-03-19,2027-03-19,2026-09-23,2026-09-23,Water Damage,0,User Induced,118475,2,Authorised Service Centre Lahore,0,1,1,1,1,1,1,1,0,1,0,0,0,0,0,0,188,177,Active,0,1,0.4526,complex,1.3524,Manual Review
CLM-000467,USR-0196,PRD-0290,Smartphone,Oppo,OPP-420G,SNI2SM5E8RAU,Naheed Online,2023-08-21,225821,12,1,12,2023-08-21,2025-08-21,2025-10-16,2025-11-10,Camera Module Fault,1,Functional,57525,1,Local Repair Shop,1,0,0,1,1,1,1,0,2,1,0,0,0,0,0,0,812,-81,Expired,25,0,0.2547,normal,-3.0669,Invalid Claim
CLM-000469,USR-0130,PRD-0307,Air Conditioner,Dawlance,DAW-347K,SNEXVXOMMJPL,Daraz,2025-07-29,131975,12,0,0,2025-07-29,2026-07-29,2025-09-18,2025-12-01,Improper Installation,0,Physical,31248,2,Unregistered Technician,1,0,0,0,0,0,0,1,5,1,0,0,0,0,0,0,125,240,Active,74,0,0.2368,incomplete,-4.6986,Invalid Claim
CLM-000471,USR-0074,PRD-0795,Smartphone,Oppo,OPP-378J,SNHG5HI11E2Y,Local Electronics Dealer,2025-01-14,325883,12,0,0,2025-01-14,2026-01-14,2026-08-29,2026-09-21,Physical Damage,0,Environmental,181668,1,Authorised Service Centre Karachi,0,0,0,1,1,1,1,1,1,0,0,0,0,0,0,0,615,-250,Expired,23,0,0.5575,contradictory,-11.1044,Invalid Claim
CLM-000472,USR-0326,PRD-0270,Air Conditioner,Gree,GRE-887N,SNFU5X012GRD,Daraz,2023-02-25,330231,12,0,0,2023-02-25,2024-02-25,2024-03-06,2024-03-23,PCB Fault,1,Functional,201204,0,None,0,0,1,1,1,1,1,1,0,1,0,0,0,0,0,0,392,-27,Expired,17,1,0.6093,borderline,1.3441,Manual Review
CLM-000473,USR-0022,PRD-0570,Air Conditioner,Dawlance,DAW-753N,SNNE4Q77AG3Y,Daraz,2022-10-02,289661,12,0,0,2022-10-02,2023-10-02,2023-06-04,2023-06-06,Compressor Failure,1,Functional,215957,1,Authorised Service Centre Karachi,0,0,1,1,1,1,1,1,0,1,0,0,0,0,0,0,247,118,Active,2,1,0.7456,normal,9.1188,Valid Claim
CLM-000475,USR-0060,PRD-0232,Washing Machine,LG,LG-727A,SNANTVR4FJSB,Daraz,2025-07-25,107169,24,0,0,2025-07-25,2027-07-25,2026-01-29,2026-02-08,Water Inlet Valve Fault,1,Functional,9255,0,None,0,0,1,1,1,1,1,1,0,1,0,0,0,0,0,0,198,532,Active,10,1,0.0864,normal,9.3173,Valid Claim
CLM-000477,USR-0046,PRD-0843,Smartphone,Oppo,OPP-664A,SNN3FRLUZK3V,Daraz,2024-01-29,36561,12,1,12,2024-01-29,2026-01-29,2026-02-18,2026-03-05,Water Damage,0,User Induced,18671,1,Authorised Service Centre Lahore,0,0,0,0,1,1,0,1,3,1,0,0,0,0,0,0,766,-35,Expired,15,1,0.5107,borderline,-8.1573,Invalid Claim
CLM-000478,USR-0101,PRD-0163,Refrigerator,Samsung,SAM-569D,SNLYLEWFVBFE,Daraz,2023-01-28,96239,12,0,0,2023-01-28,2024-01-28,2023-10-29,2023-01-03,Control Board Fault,1,Functional,76390,0,None,0,1,0,1,1,1,0,1,2,1,0,1,0,0,0,1,-25,390,Active,-299,0,0.7938,contradictory,1.8476,Manual Review
CLM-000479,USR-0389,PRD-0197,Washing Machine,Dawlance,DAW-365P,SNOWW5FKNJMV,Naheed Online,2024-09-28,100724,24,0,0,2024-09-28,2026-09-28,2025-06-20,2025-06-01,Improper Installation,0,Physical,19994,0,None,0,0,1,1,1,1,1,1,0,0,1,0,0,1,0,1,246,484,Active,-19,0,0.1985,contradictory,-5.4131,Manual Review
CLM-000480,USR-0193,PRD-0444,Smartphone,Samsung,SAM-956A,SN43BMASMNQL,Authorised Brand Outlet,2024-08-01,200390,12,0,0,2024-08-01,2025-08-01,2025-04-30,2025-05-05,Charging Port Fault,1,Functional,18457,3,Authorised Service Centre Karachi,0,0,1,1,1,1,0,1,1,1,0,0,0,0,0,0,277,88,Active,5,1,0.0921,complex,7.524,Valid Claim
CLM-000481,USR-0041,PRD-0422,Laptop,Asus,ASU-342H,SNAW66NYOE6I,Authorised Brand Outlet,2022-09-14,262399,12,0,0,2022-09-14,2023-09-14,2023-10-28,2023-11-27,Physical Damage,0,Physical,83071,0,None,0,0,1,1,1,1,1,1,0,1,0,0,0,0,0,0,439,-74,Expired,30,0,0.3166,borderline,-5.4634,Invalid Claim
CLM-000483,USR-0304,PRD-0404,Washing Machine,PEL,PEL-300C,SNM3KWWETUJO,HKB Store,2023-09-26,182254,24,1,12,2023-09-26,2026-09-26,2025-01-25,2025-01-29,External Water Ingress,0,Installation,66438,0,None,0,0,1,1,1,1,1,1,0,1,0,0,0,0,0,0,491,605,Active,4,1,0.3645,normal,2.775,Manual Review
CLM-000485,USR-0008,PRD-0895,Refrigerator,Orient,ORI-837D,SN3CEGBMXIKV,Naheed Online,2024-07-19,292871,12,0,0,2024-07-19,2025-07-19,2026-02-05,2024-07-05,Gas Leakage,1,Functional,203893,0,None,0,0,1,1,0,1,1,1,1,1,0,1,0,0,1,2,-14,379,Active,-580,0,0.6962,contradictory,4.5107,Manual Review
CLM-000486,USR-0206,PRD-0395,Air Conditioner,TCL,TCL-819E,SN29JZAUNW12,Daraz,2023-06-14,150713,12,0,0,2023-06-14,2024-06-14,2025-05-03,2025-05-05,Cooling Fault,1,Functional,106932,1,Unregistered Technician,1,0,0,0,0,0,0,0,6,1,0,0,0,0,0,0,691,-325,Expired,2,1,0.7095,incomplete,-4.4376,Invalid Claim
CLM-000487,USR-0250,PRD-0256,Refrigerator,LG,LG-386K,SNVCCMTPKQ5C,HKB Store,2026-07-26,311587,12,0,0,2026-07-26,2027-07-26,2026-09-23,2026-09-23,Gas Leakage,1,Functional,242137,2,Unregistered Technician,1,0,1,1,1,1,1,0,1,1,0,0,0,0,0,0,59,306,Active,0,1,0.7771,complex,6.5628,Valid Claim
CLM-000488,USR-0084,PRD-0410,Refrigerator,Samsung,SAM-567B,SN8Y7FHWJWXZ,Authorised Brand Outlet,2023-10-06,79492,12,0,0,2023-10-06,2024-10-06,2024-07-06,2024-07-15,Thermostat Fault,1,Functional,38941,1,Unregistered Technician,1,0,1,0,1,1,1,0,2,1,0,0,0,0,0,0,283,83,Active,9,1,0.4899,normal,6.8212,Valid Claim
CLM-000492,USR-0238,PRD-0894,Refrigerator,Haier,HAI-419C,SN31NB73L83B,Authorised Brand Outlet,2024-10-06,72770,12,0,0,2024-10-06,2025-10-06,2025-10-26,2025-10-28,Gas Leakage,1,Functional,39015,0,None,0,0,0,0,1,0,0,1,4,1,0,0,0,0,0,0,387,-22,Expired,2,1,0.5361,incomplete,-2.2628,Invalid Claim
CLM-000493,USR-0086,PRD-0186,Air Conditioner,TCL,TCL-219N,SNHNS1C6HQYC,Local Electronics Dealer,2026-03-07,110434,12,1,36,2026-03-07,2030-03-07,2026-09-23,2026-09-23,PCB Fault,1,Functional,76022,1,Local Repair Shop,1,0,1,0,1,0,1,0,3,0,0,0,0,0,0,0,200,1261,Active,0,1,0.6884,borderline,5.0268,Manual Review
CLM-000494,USR-0283,PRD-0019,Refrigerator,Dawlance,DAW-306B,SNVYTGVGMSYI,Local Electronics Dealer,2025-02-17,163281,12,0,0,2025-02-17,2026-02-17,2025-07-17,2025-01-25,Voltage Surge Without Stabilizer,0,Environmental,138738,2,Unregistered Technician,1,1,1,1,0,0,1,1,2,1,0,1,0,0,0,1,-23,388,Active,-173,0,0.8497,complex,-3.9974,Invalid Claim
CLM-000495,USR-0095,PRD-0383,Laptop,Dell,DEL-623D,SNLE3BFZN3OI,Imtiaz Super Market,2024-01-19,290828,12,0,0,2024-01-19,2025-01-19,2026-08-24,2026-08-29,Liquid Spill,0,Environmental,117203,0,None,0,0,0,1,0,0,0,1,4,1,0,0,0,0,0,0,953,-587,Expired,5,1,0.403,incomplete,-8.296,Invalid Claim
CLM-000497,USR-0045,PRD-0598,Smartphone,Samsung,SAM-205H,SN2FJ5PIJXQT,Metro Cash And Carry,2023-02-12,251206,12,0,0,2023-02-12,2024-02-12,2023-05-06,2023-05-12,Screen Crack,0,User Induced,19271,0,None,0,0,1,0,1,1,1,1,1,1,0,0,0,0,0,0,89,276,Active,6,1,0.0767,normal,1.4908,Manual Review
CLM-000498,USR-0261,PRD-0482,Smartphone,Xiaomi,XIA-607C,SNG1YD5MY3GD,Imtiaz Super Market,2023-02-11,280632,12,0,0,2023-02-11,2024-02-11,2023-02-12,2023-01-17,Speaker Failure,1,Functional,15494,0,None,0,0,1,1,1,1,1,1,0,1,0,1,0,0,0,1,-25,390,Active,-26,0,0.0552,contradictory,6.1896,Valid Claim
CLM-000499,USR-0336,PRD-0293,Smartphone,Samsung,SAM-206J,SNA24MKS9VIO,Imtiaz Super Market,2023-09-13,96711,12,0,0,2023-09-13,2024-09-13,2024-10-08,2024-10-31,Battery Wear After Six Months,0,Environmental,34211,0,None,0,0,0,1,0,1,1,1,2,1,0,0,0,0,0,0,414,-48,Expired,23,0,0.3537,borderline,-8.4101,Invalid Claim
CLM-000500,USR-0213,PRD-0795,Washing Machine,Dawlance,DAW-888K,SNL6R2IL6NPS,Metro Cash And Carry,2026-04-13,63242,24,0,0,2026-04-13,2028-04-13,2026-09-23,2026-09-23,Improper Installation,0,Physical,49565,0,None,0,0,1,1,1,1,0,1,1,1,1,0,0,0,0,0,163,568,Active,0,1,0.7837,borderline,-2.1574,Invalid Claim
CLM-000504,USR-0227,PRD-0623,Air Conditioner,Haier,HAI-945D,SNOPBL120ETC,Metro Cash And Carry,2025-02-05,250872,12,0,0,2025-02-05,2026-02-05,2026-01-26,2026-04-12,Lack Of Servicing,0,Physical,200634,0,None,0,0,0,0,0,1,1,1,3,1,0,0,0,0,0,0,431,-66,Expired,76,0,0.7997,incomplete,-9.9483,Invalid Claim
CLM-000505,USR-0204,PRD-0026,Washing Machine,Dawlance,DAW-683A,SN69PSDC63H0,Metro Cash And Carry,2024-09-29,141630,24,0,0,2024-09-29,2026-09-29,2026-09-23,2026-09-23,Water Inlet Valve Fault,1,Functional,117923,1,Authorised Service Centre Karachi,0,0,1,0,1,1,1,1,1,1,0,0,0,0,0,0,724,6,Nearing Expiry,0,1,0.8326,borderline,7.1457,Valid Claim
CLM-000507,USR-0080,PRD-0615,Refrigerator,Samsung,SAM-483K,SNGP41S3QW75,HKB Store,2023-02-15,117245,12,1,48,2023-02-15,2028-02-15,2026-09-23,2026-09-23,Physical Damage,0,Physical,97385,1,Authorised Service Centre Karachi,0,0,0,1,1,1,1,0,2,1,0,0,0,0,0,0,1316,510,Active,0,1,0.8306,borderline,1.2074,Manual Review
CLM-000509,USR-0156,PRD-0439,Smartphone,Xiaomi,XIA-734K,SN7WVY9RMJR2,HKB Store,2022-10-11,228291,12,0,0,2022-10-11,2023-10-11,2023-09-26,2022-09-21,Water Damage,0,Physical,79886,0,None,0,0,1,0,1,1,1,1,1,1,0,1,0,0,0,1,-20,385,Active,-370,0,0.3499,borderline,-1.475,Manual Review
CLM-000510,USR-0047,PRD-0107,Laptop,Acer,ACE-510A,SN9UZXCA4X76,Metro Cash And Carry,2026-03-21,216620,12,1,24,2026-03-21,2029-03-21,2026-09-23,2026-09-23,Screen Crack,0,User Induced,168306,0,None,0,0,1,1,1,1,1,1,0,1,0,0,0,0,0,0,186,910,Active,0,1,0.777,normal,2.5862,Manual Review
CLM-000511,USR-0185,PRD-0454,Laptop,Lenovo,LEN-202G,SN3SZXDF0NSG,Authorised Brand Outlet,2025-02-11,319239,12,1,24,2025-02-11,2028-02-11,2025-07-30,2025-08-07,Motherboard Fault,1,Functional,163979,0,None,0,0,1,1,0,1,1,1,1,1,0,0,0,0,0,0,177,918,Active,8,1,0.5137,incomplete,10.1609,Valid Claim
CLM-000512,USR-0305,PRD-0399,Air Conditioner,Haier,HAI-456L,SNMH541OO5VY,Imtiaz Super Market,2026-06-10,153321,12,1,36,2026-06-10,2030-06-10,2026-10-11,2026-09-23,Lack Of Servicing,0,User Induced,95778,1,Authorised Service Centre Islamabad,0,0,0,1,1,1,1,0,2,1,0,0,0,1,0,1,105,1356,Active,-18,0,0.6247,borderline,-1.553,Manual Review
CLM-000513,USR-0209,PRD-0280,Laptop,HP,HP-870H,SNXGJNGVSPJ0,Daraz,2025-01-17,124108,12,0,0,2025-01-17,2026-01-17,2025-03-12,2025-03-16,Fan Failure,1,Functional,22232,0,None,0,0,1,0,1,1,1,1,1,1,0,0,0,0,0,0,58,307,Active,4,1,0.1791,normal,9.5296,Valid Claim
CLM-000514,USR-0045,PRD-0691,Smartphone,Oppo,OPP-486K,SNHYOG3SSL57,Local Electronics Dealer,2025-07-31,163255,12,1,12,2025-07-31,2027-07-31,2025-08-02,2025-10-15,Camera Module Fault,1,Functional,107707,0,None,0,0,1,1,0,1,0,1,2,1,1,0,0,0,0,0,76,654,Active,74,0,0.6597,incomplete,5.6455,Valid Claim
CLM-000515,USR-0276,PRD-0196,Laptop,Dell,DEL-188E,SN1FPE60QRAQ,Imtiaz Super Market,2026-07-29,425650,12,1,24,2026-07-29,2029-07-29,2026-09-23,2026-09-23,Unauthorised Software Modification,0,User Induced,103613,1,Unregistered Technician,1,0,0,0,1,1,1,1,2,1,1,0,0,0,0,0,56,1040,Active,0,1,0.2434,incomplete,-2.6076,Invalid Claim
CLM-000517,USR-0346,PRD-0317,Laptop,HP,HP-371C,SNXP7X80NHJE,HKB Store,2024-11-27,152420,12,1,24,2024-11-27,2027-11-27,2025-05-05,2025-05-06,Motherboard Fault,1,Functional,29147,0,None,0,0,0,0,1,1,1,1,2,1,0,0,0,0,0,0,160,935,Active,1,1,0.1912,incomplete,7.4876,Valid Claim
CLM-000519,USR-0029,PRD-0771,Laptop,Dell,DEL-723A,SN0QI54TUOYT,Local Electronics Dealer,2024-08-09,123607,12,0,0,2024-08-09,2025-08-09,2025-09-11,2025-10-02,Unauthorised Software Modification,0,Installation,77482,0,None,0,0,1,0,1,1,1,1,1,1,0,0,0,0,0,0,419,-54,Expired,21,0,0.6268,borderline,-7.2848,Invalid Claim
CLM-000522,USR-0016,PRD-0839,Smartphone,Samsung,SAM-537E,SNBBQHTXP0SH,Metro Cash And Carry,2023-06-24,215508,12,1,12,2023-06-24,2025-06-24,2025-06-03,2025-06-07,Physical Damage,0,Physical,31309,1,Authorised Service Centre Lahore,0,0,1,1,1,1,0,1,1,1,0,0,0,0,0,0,714,17,Nearing Expiry,4,1,0.1453,borderline,2.1928,Manual Review
CLM-000523,USR-0243,PRD-0219,Washing Machine,Dawlance,DAW-155D,SN58YJWDCOKZ,HKB Store,2026-01-25,139763,24,0,0,2026-01-25,2028-01-25,2026-08-10,2026-08-16,Drain Pump Failure,1,Functional,95269,0,None,0,0,1,1,1,1,1,1,0,1,0,0,0,0,1,1,203,527,Active,6,1,0.6816,normal,8.6919,Valid Claim
CLM-000524,USR-0101,PRD-0514,Refrigerator,Orient,ORI-943G,SNUQ1AMKT0N1,Naheed Online,2025-02-12,172302,12,0,0,2025-02-12,2026-02-12,2026-01-06,2026-01-11,Compressor Failure,1,Functional,116256,3,Local Repair Shop,1,0,1,1,1,1,1,1,0,1,0,0,0,0,0,0,333,32,Nearing Expiry,5,1,0.6747,borderline,8.3142,Valid Claim
CLM-000525,USR-0025,PRD-0466,Refrigerator,Dawlance,DAW-700C,SNH2VFT6I6S7,Naheed Online,2022-12-06,69607,12,0,0,2022-12-06,2023-12-06,2024-01-10,2024-04-19,Control Board Fault,1,Functional,52098,1,Unregistered Technician,1,0,1,1,1,1,1,0,1,1,0,0,0,0,0,0,500,-135,Expired,100,0,0.7485,borderline,-2.3437,Invalid Claim
CLM-000526,USR-0042,PRD-0486,Refrigerator,Samsung,SAM-734H,SN6J7OA8526A,Metro Cash And Carry,2023-02-24,303493,12,0,0,2023-02-24,2024-02-24,2023-07-02,2023-07-06,Improper Installation,0,Physical,187965,2,Local Repair Shop,1,1,0,1,1,0,1,1,2,1,0,0,0,0,0,0,132,233,Active,4,1,0.6193,complex,-2.299,Invalid Claim
CLM-000529,USR-0176,PRD-0165,Washing Machine,Samsung,SAM-634P,SNYG91MMO1DS,HKB Store,2026-01-14,61628,24,0,0,2026-01-14,2028-01-14,2026-09-23,2026-09-23,Drain Pump Failure,1,Functional,11082,0,None,0,0,1,1,1,1,0,1,1,1,0,0,0,0,0,0,252,478,Active,0,1,0.1798,borderline,8.0644,Valid Claim
CLM-000530,USR-0080,PRD-0567,Refrigerator,Haier,HAI-573K,SN6J6VDCF33U,Local Electronics Dealer,2024-12-12,128902,12,0,0,2024-12-12,2025-12-12,2025-05-06,2025-05-13,Gas Leakage,1,Functional,10510,2,Authorised Service Centre Lahore,0,0,1,1,1,1,1,1,0,1,0,0,0,0,0,0,152,213,Active,7,1,0.0815,complex,9.2231,Valid Claim
CLM-000532,USR-0166,PRD-0358,Refrigerator,Dawlance,DAW-912G,SN5Q7GX2SLGO,Naheed Online,2025-03-14,141798,12,1,48,2025-03-14,2030-03-14,2026-09-23,2026-09-23,Voltage Surge Without Stabilizer,0,Installation,20820,0,None,0,0,0,0,0,1,0,1,4,1,0,0,0,0,0,0,558,1268,Active,0,1,0.1468,incomplete,0.2269,Manual Review
CLM-000534,USR-0058,PRD-0217,Smartphone,Infinix,INF-735N,SNEUPAHL52IR,Authorised Brand Outlet,2023-12-03,168837,12,0,0,2023-12-03,2024-12-03,2025-01-16,2025-01-24,Water Damage,0,Environmental,56536,0,None,0,0,1,1,1,1,0,1,1,1,0,0,0,0,0,0,418,-52,Expired,8,1,0.3349,borderline,-5.5901,Invalid Claim
CLM-000535,USR-0042,PRD-0280,Air Conditioner,Gree,GRE-125M,SNN30T37WHPK,Metro Cash And Carry,2024-05-06,336635,12,0,0,2024-05-06,2025-05-06,2025-04-10,2025-05-31,Improper Installation,0,Environmental,59932,3,Local Repair Shop,1,0,1,1,1,0,1,1,1,1,0,0,0,0,0,0,390,-25,Expired,51,0,0.178,borderline,-8.0811,Invalid Claim
CLM-000538,USR-0187,PRD-0074,Smartphone,Samsung,SAM-879M,SN4KH2XJ6JMX,Naheed Online,2023-02-07,203894,12,0,0,2023-02-07,2024-02-07,2026-05-18,2026-05-19,Water Damage,0,Installation,91561,4,Authorised Service Centre Lahore,0,1,1,1,1,1,1,1,0,1,0,0,0,0,0,0,1197,-832,Expired,1,1,0.4491,complex,-6.3962,Invalid Claim
CLM-000540,USR-0095,PRD-0846,Refrigerator,Dawlance,DAW-106F,SNAMTFPW6M9H,Daraz,2022-12-06,273556,12,0,0,2022-12-06,2023-12-06,2025-07-21,2025-08-19,Rodent Damage,0,Installation,86228,0,None,0,0,0,0,1,0,0,1,4,1,0,0,0,0,0,0,987,-622,Expired,29,1,0.3152,incomplete,-8.7969,Invalid Claim
CLM-000541,USR-0194,PRD-0375,Air Conditioner,TCL,TCL-701L,SN6CJ9IO3M25,Metro Cash And Carry,2025-11-08,228053,12,0,0,2025-11-08,2026-11-08,2026-05-11,2026-05-18,Gas Leakage,1,Functional,116969,0,None,0,0,0,1,1,1,1,1,1,1,0,0,0,0,0,0,191,174,Active,7,1,0.5129,contradictory,7.2783,Valid Claim
CLM-000542,USR-0225,PRD-0565,Laptop,Acer,ACE-579G,SN973IATKE13,HKB Store,2022-09-26,212740,12,0,0,2022-09-26,2023-09-26,2023-09-13,2023-09-23,Battery Swelling,1,Functional,102723,1,Authorised Service Centre Lahore,0,0,1,1,1,1,1,0,1,1,0,0,0,0,0,0,362,3,Nearing Expiry,10,1,0.4829,complex,8.1933,Valid Claim
CLM-000543,USR-0327,PRD-0769,Smartphone,Oppo,OPP-250H,SN520XKIAIPR,Naheed Online,2023-01-17,138020,12,0,0,2023-01-17,2024-01-17,2023-11-24,2023-12-13,Water Damage,0,Installation,54991,0,None,0,1,1,0,0,1,0,1,3,1,0,0,0,0,1,1,330,35,Nearing Expiry,19,0,0.3984,incomplete,-3.2569,Manual Review
CLM-000544,USR-0082,PRD-0511,Washing Machine,Haier,HAI-627H,SNRLA8S8HMBR,HKB Store,2023-12-17,130835,24,0,0,2023-12-17,2025-12-17,2024-05-13,2024-05-18,Control Board Fault,1,Functional,104275,0,None,0,0,1,1,1,1,1,1,0,1,0,0,0,0,0,0,153,578,Active,5,1,0.797,incomplete,8.8032,Valid Claim
CLM-000545,USR-0055,PRD-0487,Refrigerator,LG,LG-396D,SNZJ8FN2BE6O,Naheed Online,2024-11-14,60530,12,0,0,2024-11-14,2025-11-14,2025-05-21,2025-05-28,Voltage Surge Without Stabilizer,0,Installation,40208,2,Authorised Service Centre Karachi,0,0,1,0,0,1,0,0,4,1,0,0,0,0,0,0,195,170,Active,7,1,0.6643,incomplete,0.6408,Manual Review
CLM-000546,USR-0139,PRD-0526,Smartphone,Vivo,VIV-710E,SNOZKZMNLCJJ,Daraz,2023-01-14,111368,12,0,0,2023-01-14,2024-01-14,2025-08-01,2025-08-08,Physical Damage,0,Environmental,39167,1,Authorised Service Centre Lahore,0,0,1,1,1,1,1,0,1,1,1,0,0,0,0,0,937,-572,Expired,7,1,0.3517,normal,-7.3283,Invalid Claim
CLM-000548,USR-0079,PRD-0560,Washing Machine,Haier,HAI-506P,SNSRF04F69AC,HKB Store,2025-04-20,45013,24,0,0,2025-04-20,2027-04-20,2025-09-26,2025-09-18,Drum Bearing Noise,1,Functional,3000,2,Authorised Service Centre Lahore,0,0,1,1,1,0,1,1,1,1,0,0,0,1,0,1,151,579,Active,-8,0,0.0666,complex,6.1267,Valid Claim
CLM-000549,USR-0324,PRD-0528,Laptop,Asus,ASU-114L,SNZ3OC2YUADU,Authorised Brand Outlet,2024-09-03,429017,12,0,0,2024-09-03,2025-09-03,2025-09-07,2025-09-09,Physical Damage,0,Installation,31511,2,Authorised Service Centre Lahore,0,0,1,1,1,1,1,0,1,1,0,0,0,0,0,0,371,-6,Expired,2,1,0.0734,borderline,-5.2579,Invalid Claim
CLM-000550,USR-0183,PRD-0272,Air Conditioner,TCL,TCL-751D,SNKLBOJGI7PV,Naheed Online,2026-04-04,224686,12,0,0,2026-04-04,2027-04-04,2026-04-30,2026-06-03,Improper Installation,0,Environmental,123149,2,Unregistered Technician,1,0,1,0,1,1,0,1,2,1,0,0,0,0,0,0,60,305,Active,34,0,0.5481,normal,-2.7651,Invalid Claim
CLM-000551,USR-0019,PRD-0323,Laptop,Acer,ACE-165E,SNIGDRVPE38S,Metro Cash And Carry,2024-11-04,420732,12,0,0,2024-11-04,2025-11-04,2025-02-12,2025-02-19,Screen Crack,0,Installation,218891,2,Unregistered Technician,1,0,0,0,1,1,0,0,4,1,0,0,0,0,0,0,107,258,Active,7,1,0.5203,incomplete,-3.4919,Invalid Claim
CLM-000552,USR-0256,PRD-0381,Air Conditioner,Dawlance,DAW-574M,SN2L48C1CQG4,HKB Store,2023-09-10,169001,12,0,0,2023-09-10,2024-09-10,2023-10-16,2023-10-20,Fan Motor Failure,1,Functional,10440,0,None,0,0,1,1,1,1,1,1,0,1,0,0,0,0,0,0,40,326,Active,4,1,0.0618,normal,9.5355,Valid Claim
CLM-000553,USR-0004,PRD-0223,Smartphone,Xiaomi,XIA-607F,SNAYQXRVAUXA,Metro Cash And Carry,2025-03-26,141895,12,0,0,2025-03-26,2026-03-26,2026-03-29,2026-04-25,Screen Crack,0,User Induced,66721,0,None,0,1,0,1,1,1,1,1,1,1,0,0,0,0,0,0,395,-30,Expired,27,0,0.4702,borderline,-8.6127,Invalid Claim
CLM-000555,USR-0229,PRD-0450,Laptop,Acer,ACE-894F,SNK1QRRN5N5E,Imtiaz Super Market,2023-05-24,117507,12,0,0,2023-05-24,2024-05-24,2025-03-21,2025-04-19,Physical Damage,0,Installation,53610,1,Authorised Service Centre Karachi,0,0,1,1,1,1,1,0,1,1,0,0,0,0,0,0,696,-330,Expired,29,0,0.4562,contradictory,-7.1104,Invalid Claim
CLM-000557,USR-0393,PRD-0296,Washing Machine,Samsung,SAM-101C,SN8OBM5RY6Q2,Daraz,2025-05-02,81116,24,0,0,2025-05-02,2027-05-02,2026-08-03,2026-08-12,Drain Pump Failure,1,Functional,46406,2,Authorised Service Centre Islamabad,0,0,1,1,1,1,1,0,1,1,0,0,0,0,0,0,467,263,Active,9,1,0.5721,normal,8.293,Valid Claim
CLM-000558,USR-0346,PRD-0758,Laptop,Acer,ACE-675P,SNIXNS2ZYBNO,HKB Store,2023-06-23,138729,12,0,0,2023-06-23,2024-06-23,2026-07-12,2026-06-27,Storage Failure,1,Functional,75314,0,None,0,0,1,0,1,1,1,1,1,1,0,0,0,1,0,1,1100,-734,Expired,-15,0,0.5429,incomplete,-2.9298,Invalid Claim
CLM-000559,USR-0267,PRD-0884,Refrigerator,LG,LG-997D,SNPAVH9KS02Q,Imtiaz Super Market,2023-05-31,280371,12,1,48,2023-05-31,2028-05-31,2024-03-12,2024-04-11,Voltage Surge Without Stabilizer,0,User Induced,130833,0,None,0,0,1,1,0,1,1,1,1,1,0,0,0,0,0,0,316,1511,Active,30,1,0.4666,normal,3.6032,Valid Claim
CLM-000560,USR-0390,PRD-0811,Smartphone,Xiaomi,XIA-745F,SNBVR6CUHR5D,Metro Cash And Carry,2024-12-27,116708,12,0,0,2024-12-27,2025-12-27,2025-06-04,2025-07-08,Water Damage,0,Environmental,30704,1,Local Repair Shop,1,0,0,0,1,0,1,1,3,1,0,0,0,0,0,0,193,172,Active,34,0,0.2631,incomplete,-3.3819,Invalid Claim
CLM-000561,USR-0261,PRD-0818,Air Conditioner,TCL,TCL-496K,SNU966WQX1N6,Naheed Online,2024-10-02,180938,12,0,0,2024-10-02,2025-10-02,2025-10-18,2025-10-28,Cooling Fault,1,Functional,17317,0,None,0,0,1,1,1,1,1,1,0,1,0,0,0,0,0,0,391,-26,Expired,10,1,0.0957,borderline,2.8291,Manual Review
CLM-000562,USR-0156,PRD-0572,Laptop,Lenovo,LEN-942P,SNX5ZN9C56B1,Authorised Brand Outlet,2024-04-18,433725,12,0,0,2024-04-18,2025-04-18,2024-07-01,2024-07-26,Battery Swelling,1,Functional,339565,0,None,0,0,1,1,1,1,1,1,0,1,0,0,0,0,0,0,99,266,Active,25,0,0.7829,normal,6.8259,Valid Claim
CLM-000563,USR-0393,PRD-0593,Air Conditioner,Haier,HAI-771B,SNBDYQIXYCGU,HKB Store,2024-02-12,303586,12,0,0,2024-02-12,2025-02-12,2024-06-12,2024-06-21,Gas Leakage,1,Functional,41076,2,Authorised Service Centre Islamabad,0,0,1,0,1,1,0,0,3,1,0,0,0,0,0,0,130,236,Active,9,1,0.1353,normal,7.0259,Valid Claim
CLM-000564,USR-0369,PRD-0051,Refrigerator,LG,LG-711K,SNNBQG5A8MBQ,Local Electronics Dealer,2024-10-17,249657,12,0,0,2024-10-17,2025-10-17,2025-11-21,2025-11-25,Gas Leakage,1,Functional,159578,1,Unregistered Technician,1,1,1,0,0,1,0,0,4,1,0,0,0,0,0,0,404,-39,Expired,4,1,0.6392,complex,-3.1352,Invalid Claim
CLM-000565,USR-0082,PRD-0558,Smartphone,Samsung,SAM-708G,SN9XOMIGC3J3,Local Electronics Dealer,2025-01-14,264565,12,0,0,2025-01-14,2026-01-14,2025-12-14,2025-12-20,Display Line Defect,1,Functional,19191,0,None,0,0,0,1,1,0,0,1,3,0,0,0,0,0,0,0,340,25,Nearing Expiry,6,1,0.0725,incomplete,3.3193,Manual Review
CLM-000566,USR-0145,PRD-0689,Air Conditioner,Dawlance,DAW-869F,SNVO4WQXJBZW,Daraz,2023-08-04,140488,12,0,0,2023-08-04,2024-08-04,2025-05-24,2023-07-17,Cooling Fault,1,Functional,111470,0,None,0,0,1,1,1,1,1,1,0,1,0,1,0,0,0,1,-18,384,Active,-677,0,0.7934,normal,6.3115,Valid Claim
CLM-000567,USR-0202,PRD-0716,Refrigerator,Haier,HAI-317H,SNY3Z1DE1E16,HKB Store,2026-05-16,183417,12,0,0,2026-05-16,2027-05-16,2026-07-28,2026-05-10,Cooling Fault,1,Functional,89849,0,None,0,0,1,1,1,1,1,1,0,0,0,1,0,0,0,1,-6,371,Active,-79,0,0.4899,contradictory,3.2725,Manual Review
CLM-000568,USR-0113,PRD-0467,Laptop,Asus,ASU-140N,SNCC1YH0ODOR,Daraz,2025-03-13,212091,12,0,0,2025-03-13,2026-03-13,2026-04-20,2026-08-10,Liquid Spill,0,Physical,70099,2,Local Repair Shop,1,0,1,1,1,1,1,1,0,1,0,0,0,0,0,0,515,-150,Expired,112,0,0.3305,borderline,-8.2713,Invalid Claim
CLM-000570,USR-0095,PRD-0056,Laptop,Acer,ACE-216F,SNTE7696VGCP,Authorised Brand Outlet,2024-10-10,157073,12,1,24,2024-10-10,2027-10-10,2024-10-31,2024-11-24,Physical Damage,0,Physical,126929,1,Local Repair Shop,1,0,1,1,1,0,0,1,2,1,0,0,0,0,0,0,45,1050,Active,24,0,0.8081,incomplete,-2.0509,Invalid Claim
CLM-000571,USR-0100,PRD-0472,Smartphone,Oppo,OPP-759D,SNTHYCYLQNJE,Naheed Online,2022-08-29,286889,12,0,0,2022-08-29,2023-08-29,2026-06-21,2026-06-25,Battery Wear After Six Months,0,User Induced,86813,2,Authorised Service Centre Islamabad,0,0,0,1,0,1,1,0,3,1,0,0,0,0,0,0,1396,-1031,Expired,4,1,0.3026,normal,-6.5266,Invalid Claim
CLM-000574,USR-0242,PRD-0634,Washing Machine,LG,LG-146D,SNZEGBL2QGV3,Metro Cash And Carry,2025-11-21,63883,24,1,12,2025-11-21,2028-11-21,2026-09-23,2026-09-23,Drain Pump Failure,1,Functional,5078,4,Local Repair Shop,1,1,1,1,1,1,1,1,0,1,0,0,0,0,0,0,306,790,Active,0,1,0.0795,complex,7.6169,Valid Claim
CLM-000575,USR-0201,PRD-0477,Refrigerator,Haier,HAI-188F,SNDFN4ZTNER4,Metro Cash And Carry,2023-06-03,191001,12,0,0,2023-06-03,2024-06-03,2024-01-04,2024-03-04,Physical Damage,0,Installation,123545,0,None,0,0,1,0,1,1,1,1,1,0,0,0,0,0,0,0,275,91,Active,60,0,0.6468,normal,-2.5925,Invalid Claim
CLM-000576,USR-0053,PRD-0644,Air Conditioner,Dawlance,DAW-298E,SNS9GT0R0VIP,HKB Store,2024-06-15,371146,12,0,0,2024-06-15,2025-06-15,2024-08-03,2024-08-07,PCB Fault,1,Functional,264203,2,Local Repair Shop,1,0,1,1,1,0,1,1,1,1,1,0,0,0,0,0,53,312,Active,4,1,0.7119,normal,4.9087,Valid Claim
CLM-000577,USR-0002,PRD-0053,Refrigerator,Haier,HAI-201E,SNLZQPWIEIVM,HKB Store,2024-07-23,294555,12,0,0,2024-07-23,2025-07-23,2026-03-12,2026-07-05,Rodent Damage,0,Physical,167811,3,Authorised Service Centre Lahore,0,1,1,1,1,1,1,0,1,1,0,0,0,0,0,0,712,-347,Expired,115,0,0.5697,complex,-7.539,Invalid Claim
CLM-000579,USR-0363,PRD-0207,Air Conditioner,Mitsubishi,MIT-791K,SN5NIFKCEPGJ,Authorised Brand Outlet,2022-11-14,374875,12,0,0,2022-11-14,2023-11-14,2026-01-12,2026-01-24,Voltage Surge Without Stabilizer,0,User Induced,120922,0,None,0,1,0,0,1,0,0,1,4,1,0,0,0,0,0,0,1167,-802,Expired,12,1,0.3226,incomplete,-9.4937,Invalid Claim
CLM-000580,USR-0078,PRD-0345,Smartphone,Xiaomi,XIA-834K,SNPZN8VZYWI2,Authorised Brand Outlet,2023-06-19,142229,12,0,0,2023-06-19,2024-06-19,2024-01-03,2024-01-05,Charging Port Fault,1,Functional,13705,1,Authorised Service Centre Karachi,0,0,1,1,1,1,1,1,0,1,0,0,0,0,0,0,200,166,Active,2,1,0.0964,complex,8.9419,Valid Claim
CLM-000581,USR-0061,PRD-0108,Laptop,Lenovo,LEN-210A,SNR9RLQK0PQS,HKB Store,2026-09-03,335252,12,0,0,2026-09-03,2027-09-03,2026-09-23,2026-09-23,Unauthorised Software Modification,0,Environmental,127679,2,Unregistered Technician,1,0,1,1,1,1,1,1,0,1,0,0,0,0,0,0,20,345,Active,0,1,0.3808,normal,1.0083,Manual Review
CLM-000583,USR-0209,PRD-0325,Air Conditioner,TCL,TCL-915C,SNK3UPEKCB5E,Local Electronics Dealer,2023-05-06,227583,12,0,0,2023-05-06,2024-05-06,2025-04-14,2025-04-18,Lack Of Servicing,0,Installation,154404,1,Authorised Service Centre Karachi,0,0,1,1,1,1,1,1,0,0,0,0,0,0,0,0,713,-347,Expired,4,1,0.6785,normal,-8.1363,Invalid Claim
CLM-000584,USR-0361,PRD-0748,Air Conditioner,Gree,GRE-655G,SNS55C2IBJVS,Daraz,2025-05-24,220187,12,0,0,2025-05-24,2026-05-24,2025-08-04,2025-08-19,Lack Of Servicing,0,Physical,152181,1,Unregistered Technician,1,0,1,1,1,0,0,1,2,1,0,0,0,0,0,0,87,278,Active,15,1,0.6911,complex,-0.198,Manual Review
CLM-000585,USR-0170,PRD-0030,Refrigerator,Haier,HAI-581A,SN0FOT10GDMI,Naheed Online,2025-12-15,280574,12,0,0,2025-12-15,2026-12-15,2026-08-13,2026-09-12,Rodent Damage,0,User Induced,73551,1,Authorised Service Centre Lahore,0,0,1,1,1,0,1,1,1,1,0,0,1,0,1,2,271,94,Active,30,1,0.2621,contradictory,-1.0721,Manual Review
CLM-000586,USR-0242,PRD-0615,Laptop,HP,HP-396G,SN8HCRCU71TL,Naheed Online,2024-04-19,225848,12,0,0,2024-04-19,2025-04-19,2025-04-12,2025-05-07,Screen Crack,0,Physical,120493,3,Authorised Service Centre Karachi,0,0,1,0,0,1,1,1,2,1,0,0,0,0,0,0,383,-18,Expired,25,0,0.5335,complex,-7.4474,Invalid Claim
CLM-000587,USR-0229,PRD-0552,Washing Machine,LG,LG-595F,SNL1N759IN4O,Daraz,2023-01-16,173356,24,0,0,2023-01-16,2025-01-16,2025-04-19,2025-04-09,Water Inlet Valve Fault,1,Functional,128666,3,Authorised Service Centre Lahore,0,0,1,1,1,1,1,1,0,1,0,0,0,1,0,1,814,-83,Expired,-10,0,0.7422,borderline,-2.7193,Invalid Claim
CLM-000588,USR-0157,PRD-0795,Air Conditioner,TCL,TCL-591G,SNZSUZPO0ZSR,Naheed Online,2024-01-31,336587,12,0,0,2024-01-31,2025-01-31,2024-02-03,2024-06-02,Voltage Surge Without Stabilizer,0,Environmental,84925,0,None,0,0,0,0,0,0,0,1,5,1,0,0,0,0,0,0,123,243,Active,120,0,0.2523,incomplete,-3.8364,Invalid Claim
CLM-000590,USR-0269,PRD-0853,Smartphone,Infinix,INF-894P,SNK0DH3EIGBR,Imtiaz Super Market,2025-08-26,118386,12,0,0,2025-08-26,2026-08-26,2026-02-21,2025-08-01,Charging Port Fault,1,Functional,88169,0,None,0,0,1,1,1,1,1,1,0,0,1,1,0,0,0,1,-25,390,Active,-204,0,0.7448,contradictory,0.1161,Manual Review
CLM-000591,USR-0133,PRD-0471,Washing Machine,Dawlance,DAW-928K,SN08IPUV58OH,Metro Cash And Carry,2025-08-03,120981,24,0,0,2025-08-03,2027-08-03,2026-09-23,2026-09-23,Improper Installation,0,Physical,35862,1,Unregistered Technician,1,1,1,1,1,1,1,0,1,1,0,0,0,0,0,0,416,314,Active,0,1,0.2964,borderline,-0.6372,Manual Review
CLM-000592,USR-0151,PRD-0476,Smartphone,Xiaomi,XIA-611A,SNWQDYODUX5X,Naheed Online,2025-10-10,329500,12,0,0,2025-10-10,2026-10-10,2026-06-27,2026-07-14,Camera Module Fault,1,Functional,159348,0,None,0,0,1,1,0,0,0,1,3,1,0,0,0,0,0,0,277,88,Active,17,0,0.4836,incomplete,6.0382,Valid Claim
CLM-000593,USR-0066,PRD-0589,Smartphone,Infinix,INF-311L,SNFU4B9SNTP8,Metro Cash And Carry,2026-02-12,189781,12,0,0,2026-02-12,2027-02-12,2026-09-21,2026-01-25,Display Line Defect,1,Functional,28170,1,Unregistered Technician,1,0,1,1,1,0,1,0,2,1,0,1,1,0,0,2,-18,383,Active,-239,0,0.1484,contradictory,2.4959,Manual Review
CLM-000594,USR-0075,PRD-0474,Laptop,Dell,DEL-467D,SNSYOU1Z8EMY,HKB Store,2024-12-24,470019,12,0,0,2024-12-24,2025-12-24,2025-03-25,2025-04-15,Physical Damage,0,Physical,389491,3,Unregistered Technician,1,1,1,0,1,1,1,1,1,1,0,0,0,0,0,0,112,253,Active,21,0,0.8287,normal,-3.5992,Invalid Claim
CLM-000595,USR-0338,PRD-0534,Laptop,HP,HP-408H,SNXB94PDZP6L,Imtiaz Super Market,2023-05-02,107735,12,1,24,2023-05-02,2026-05-02,2024-02-23,2024-04-16,Motherboard Fault,1,Functional,68066,1,Authorised Service Centre Islamabad,0,0,1,1,1,1,1,0,1,1,0,0,0,0,0,0,350,746,Active,53,0,0.6318,complex,8.1733,Valid Claim
CLM-000596,USR-0302,PRD-0104,Laptop,Dell,DEL-496F,SNSGOLCBTL97,Naheed Online,2025-07-09,120837,12,0,0,2025-07-09,2026-07-09,2026-05-03,2026-05-03,Motherboard Fault,1,Functional,71528,1,Local Repair Shop,1,0,1,0,1,1,0,0,3,1,0,0,0,0,0,0,298,67,Active,0,1,0.5919,incomplete,5.0342,Valid Claim
CLM-000597,USR-0163,PRD-0127,Washing Machine,Dawlance,DAW-287K,SNH2IJ4TT43T,Authorised Brand Outlet,2022-12-12,114258,24,0,0,2022-12-12,2024-12-12,2024-11-14,2024-11-29,Water Inlet Valve Fault,1,Functional,75912,3,Unregistered Technician,1,0,1,1,1,1,1,1,0,0,0,0,0,0,0,0,718,13,Nearing Expiry,15,1,0.6644,borderline,4.0251,Manual Review
CLM-000598,USR-0258,PRD-0443,Washing Machine,LG,LG-995F,SN9YMZY6EKDK,Imtiaz Super Market,2026-03-29,150970,24,0,0,2026-03-29,2028-03-29,2026-09-23,2026-09-23,Drum Bearing Noise,1,Functional,11563,2,Local Repair Shop,1,0,1,0,1,1,1,1,1,1,0,0,0,0,0,0,178,553,Active,0,1,0.0766,complex,6.9333,Valid Claim
CLM-000599,USR-0004,PRD-0407,Smartphone,Xiaomi,XIA-877P,SNJLZNARA60A,Daraz,2024-01-11,221750,12,1,12,2024-01-11,2026-01-11,2025-12-23,2026-03-24,Physical Damage,0,User Induced,112804,1,Authorised Service Centre Karachi,0,0,1,1,1,1,1,0,1,1,0,0,0,0,0,0,803,-72,Expired,91,0,0.5087,borderline,-7.194,Invalid Claim
CLM-000601,USR-0038,PRD-0453,Refrigerator,Samsung,SAM-453K,SNK8YQK94DNM,Daraz,2026-06-01,237631,12,0,0,2026-06-01,2027-06-01,2026-09-23,2026-09-23,Gas Leakage,1,Functional,115792,1,Authorised Service Centre Lahore,0,0,1,0,1,1,0,1,2,1,0,0,0,0,1,1,114,251,Active,0,1,0.4873,borderline,6.542,Valid Claim
CLM-000602,USR-0055,PRD-0577,Refrigerator,Haier,HAI-898B,SN2555JXURGO,Authorised Brand Outlet,2026-03-27,214123,12,0,0,2026-03-27,2027-03-27,2026-09-23,2026-09-23,Physical Damage,0,Physical,110517,0,None,0,0,1,1,1,0,1,1,1,1,0,0,0,0,0,0,180,185,Active,0,1,0.5161,normal,2.6093,Manual Review
CLM-000603,USR-0296,PRD-0642,Air Conditioner,Mitsubishi,MIT-804N,SNVP32BI9KC3,Metro Cash And Carry,2024-08-20,145141,12,0,0,2024-08-20,2025-08-20,2025-08-11,2025-08-23,Improper Installation,0,Environmental,51747,1,Unregistered Technician,1,1,0,1,1,0,1,0,3,1,0,0,0,0,0,0,368,-3,Expired,12,1,0.3565,borderline,-9.5531,Invalid Claim
CLM-000604,USR-0127,PRD-0788,Laptop,HP,HP-443P,SNATKW8LA0SK,Naheed Online,2022-12-09,109243,12,0,0,2022-12-09,2023-12-09,2025-09-19,2025-09-25,Liquid Spill,0,Physical,49464,1,Unregistered Technician,1,1,1,1,1,1,0,1,1,1,0,0,0,0,0,0,1021,-656,Expired,6,1,0.4528,complex,-8.4143,Invalid Claim
CLM-000606,USR-0005,PRD-0497,Laptop,Acer,ACE-239D,SN38SRYO4RCB,HKB Store,2022-11-27,113107,12,1,24,2022-11-27,2025-11-27,2024-08-14,2024-08-19,Fan Failure,1,Functional,83972,0,None,0,0,1,1,1,1,0,1,1,1,0,0,0,0,1,1,631,465,Active,5,1,0.7424,contradictory,7.0446,Valid Claim
CLM-000607,USR-0300,PRD-0078,Smartphone,Vivo,VIV-607G,SNFFAVNRYJAJ,Local Electronics Dealer,2025-06-08,116755,12,0,0,2025-06-08,2026-06-08,2026-05-19,2026-06-14,Network Module Fault,1,Functional,61006,1,Local Repair Shop,1,0,1,0,1,1,1,1,1,1,0,0,1,0,0,1,371,-6,Expired,26,0,0.5225,normal,-3.2562,Invalid Claim
CLM-000609,USR-0027,PRD-0542,Washing Machine,LG,LG-972L,SNBLDQLQ1WMF,Naheed Online,2023-02-01,141532,24,1,12,2023-02-01,2026-02-01,2025-11-11,2025-11-15,Drum Bearing Noise,1,Functional,76704,1,Unregistered Technician,1,0,1,1,1,1,1,0,1,1,0,0,0,0,0,0,1018,78,Active,4,1,0.542,normal,8.4027,Valid Claim
CLM-000610,USR-0201,PRD-0301,Refrigerator,Haier,HAI-574A,SNKSC4TW87T8,Metro Cash And Carry,2023-10-02,69751,12,0,0,2023-10-02,2024-10-02,2025-01-15,2025-01-23,Voltage Surge Without Stabilizer,0,User Induced,26649,1,Unregistered Technician,1,0,0,0,1,0,1,1,3,1,0,0,0,0,0,0,479,-113,Expired,8,1,0.3821,incomplete,-9.4183,Invalid Claim
CLM-000612,USR-0127,PRD-0313,Smartphone,Samsung,SAM-379A,SNY80U0ZI50T,Imtiaz Super Market,2023-07-17,52190,12,0,0,2023-07-17,2024-07-17,2026-05-21,2026-05-21,Battery Wear After Six Months,0,Physical,28303,0,None,0,0,0,1,1,1,1,1,1,1,0,0,0,0,0,0,1039,-673,Expired,0,1,0.5423,normal,-6.5177,Invalid Claim
CLM-000613,USR-0280,PRD-0763,Refrigerator,Orient,ORI-948D,SNHOL1L57WVK,Naheed Online,2024-09-06,296935,12,0,0,2024-09-06,2025-09-06,2026-09-20,2026-09-23,Voltage Surge Without Stabilizer,0,User Induced,178346,0,None,0,0,1,0,1,1,1,1,1,1,0,0,0,0,0,0,747,-382,Expired,3,1,0.6006,normal,-5.6943,Invalid Claim
CLM-000615,USR-0055,PRD-0813,Smartphone,Xiaomi,XIA-655C,SNACGTA4NMFP,Daraz,2024-11-21,139443,12,0,0,2024-11-21,2025-11-21,2025-12-30,2026-01-10,Battery Wear After Six Months,0,Environmental,101788,0,None,0,0,1,1,1,0,1,1,1,1,0,0,0,0,0,0,415,-50,Expired,11,1,0.73,borderline,-6.214,Invalid Claim
CLM-000616,USR-0333,PRD-0414,Washing Machine,Dawlance,DAW-415C,SN10HLSEFGBC,Naheed Online,2025-07-29,129074,24,1,12,2025-07-29,2028-07-29,2025-09-21,2025-09-23,Drum Bearing Noise,1,Functional,22563,1,Unregistered Technician,1,0,1,1,1,1,1,0,1,1,0,0,0,0,0,0,56,1040,Active,2,1,0.1748,normal,8.2579,Valid Claim
CLM-000617,USR-0197,PRD-0642,Laptop,Lenovo,LEN-513F,SNHNE0R3I9HU,Daraz,2024-09-03,392057,12,0,0,2024-09-03,2025-09-03,2025-12-06,2025-12-09,Physical Damage,0,Installation,202648,3,Authorised Service Centre Islamabad,0,0,1,1,1,0,1,1,1,1,0,0,1,0,0,1,462,-97,Expired,3,1,0.5169,normal,-7.956,Invalid Claim
CLM-000619,USR-0203,PRD-0755,Washing Machine,Samsung,SAM-378J,SNJFAF8EDJM7,Local Electronics Dealer,2024-05-15,102390,24,0,0,2024-05-15,2026-05-15,2025-09-04,2025-09-07,External Water Ingress,0,Physical,41791,1,Local Repair Shop,1,0,1,1,1,1,1,1,0,1,1,0,0,0,0,0,480,250,Active,3,1,0.4082,normal,-1.4505,Manual Review
CLM-000621,USR-0189,PRD-0629,Smartphone,Infinix,INF-290G,SNWDS9YXZ7SX,Metro Cash And Carry,2024-06-09,165760,12,1,12,2024-06-09,2026-06-09,2024-11-23,2024-11-29,Water Damage,0,Physical,82953,0,None,0,0,1,0,0,1,1,1,2,0,0,0,0,0,0,0,173,557,Active,6,1,0.5004,normal,-0.8353,Manual Review
CLM-000622,USR-0004,PRD-0562,Air Conditioner,Mitsubishi,MIT-482D,SNOUOF0ONJPI,HKB Store,2023-02-02,243575,12,0,0,2023-02-02,2024-02-02,2025-10-16,2025-10-17,PCB Fault,1,Functional,128510,0,None,0,1,0,0,1,1,0,1,3,1,0,0,0,0,0,0,988,-623,Expired,1,1,0.5276,incomplete,-2.566,Invalid Claim
CLM-000623,USR-0121,PRD-0157,Smartphone,Infinix,INF-254M,SNJONDTWLTWA,Authorised Brand Outlet,2022-09-22,239931,12,0,0,2022-09-22,2023-09-22,2023-10-03,2023-10-06,Screen Crack,0,Installation,68004,1,Unregistered Technician,1,0,1,1,1,1,1,1,0,1,0,0,0,0,0,0,379,-14,Expired,3,1,0.2834,borderline,-6.446,Invalid Claim
CLM-000624,USR-0275,PRD-0369,Laptop,Dell,DEL-329C,SNK08NJF0PKB,Naheed Online,2026-02-03,418812,12,0,0,2026-02-03,2027-02-03,2026-02-05,2026-03-06,Liquid Spill,0,Physical,173382,0,None,0,0,1,1,1,1,1,1,0,1,0,0,0,0,0,0,31,334,Active,29,0,0.414,normal,1.2517,Manual Review
CLM-000625,USR-0345,PRD-0348,Smartphone,Vivo,VIV-332E,SNR1DKF84QYU,Naheed Online,2026-07-23,67117,12,0,0,2026-07-23,2027-07-23,2026-09-23,2026-09-23,Physical Damage,0,Environmental,51130,1,Local Repair Shop,1,0,1,1,1,0,1,0,2,0,1,0,1,0,0,1,62,303,Active,0,1,0.7618,contradictory,-6.5039,Manual Review
CLM-000626,USR-0325,PRD-0675,Laptop,Lenovo,LEN-145B,SN45D5KGF39W,Imtiaz Super Market,2025-05-30,196731,12,0,0,2025-05-30,2026-05-30,2025-09-20,2025-09-20,Physical Damage,0,Environmental,81154,0,None,0,0,1,0,0,0,1,1,3,1,0,0,0,0,0,0,113,252,Active,0,1,0.4125,incomplete,1.4871,Manual Review
CLM-000627,USR-0355,PRD-0476,Smartphone,Infinix,INF-233L,SNDN2Z2V17TZ,HKB Store,2026-06-03,246911,12,0,0,2026-06-03,2027-06-03,2026-09-23,2026-09-23,Speaker Failure,1,Functional,161483,0,None,0,0,1,1,1,1,1,1,0,1,0,0,0,0,0,0,112,253,Active,0,1,0.654,normal,9.6535,Valid Claim
CLM-000628,USR-0109,PRD-0658,Smartphone,Vivo,VIV-754K,SN8BM92H3TV3,Imtiaz Super Market,2022-10-08,89046,12,0,0,2022-10-08,2023-10-08,2022-12-27,2023-03-30,Camera Module Fault,1,Functional,72056,0,None,0,0,0,0,0,1,0,1,4,1,0,0,0,0,0,0,173,192,Active,93,0,0.8092,incomplete,3.4988,Valid Claim
CLM-000630,USR-0056,PRD-0547,Refrigerator,Orient,ORI-948K,SNBGNPYHRFOZ,Imtiaz Super Market,2026-05-05,105191,12,0,0,2026-05-05,2027-05-05,2026-08-10,2026-08-03,Improper Installation,0,Physical,40537,1,Unregistered Technician,1,0,1,0,1,1,1,1,1,0,0,0,0,1,1,2,90,275,Active,-7,0,0.3854,contradictory,-7.533,Manual Review
CLM-000633,USR-0222,PRD-0868,Smartphone,Infinix,INF-990H,SNCUJEXU4QVY,Metro Cash And Carry,2024-01-30,341617,12,1,12,2024-01-30,2026-01-30,2024-02-12,2024-02-16,Network Module Fault,1,Functional,31997,1,Authorised Service Centre Karachi,0,0,1,1,1,0,1,1,1,1,0,0,0,0,0,0,17,714,Active,4,1,0.0937,normal,9.4634,Valid Claim
CLM-000634,USR-0292,PRD-0431,Laptop,Asus,ASU-474J,SNY181ACJBC2,Authorised Brand Outlet,2025-11-21,91326,12,0,0,2025-11-21,2026-11-21,2026-03-29,2026-04-28,Liquid Spill,0,User Induced,76668,0,None,0,0,1,1,1,0,1,1,1,1,0,0,0,0,0,0,158,207,Active,30,0,0.8395,normal,0.4247,Manual Review
CLM-000635,USR-0366,PRD-0759,Laptop,Dell,DEL-771G,SNII6L3UEYBI,Authorised Brand Outlet,2026-07-05,178827,12,0,0,2026-07-05,2027-07-05,2026-09-23,2026-09-23,Keyboard Failure,1,Functional,142154,1,Unregistered Technician,1,1,1,1,1,1,1,0,1,0,0,0,1,0,0,1,80,285,Active,0,1,0.7949,complex,2.1473,Manual Review
CLM-000636,USR-0138,PRD-0209,Laptop,Lenovo,LEN-981H,SNPFVSPZGOAJ,Authorised Brand Outlet,2023-03-23,424928,12,0,0,2023-03-23,2024-03-23,2024-05-02,2024-05-08,Unauthorised Software Modification,0,Installation,279748,0,None,0,0,1,1,1,1,0,1,1,1,0,0,0,0,0,0,412,-46,Expired,6,1,0.6583,borderline,-5.8892,Invalid Claim
CLM-000638,USR-0159,PRD-0764,Laptop,Dell,DEL-447D,SNLGSES6M033,Imtiaz Super Market,2026-06-09,126233,12,0,0,2026-06-09,2027-06-09,2026-07-19,2026-09-23,Storage Failure,1,Functional,46278,0,None,0,0,0,1,0,0,0,1,4,1,0,0,0,0,0,0,106,259,Active,66,0,0.3666,incomplete,4.5569,Valid Claim
CLM-000640,USR-0209,PRD-0603,Washing Machine,PEL,PEL-724K,SN9JYDFZDTC5,Naheed Online,2024-03-24,85219,24,0,0,2024-03-24,2026-03-24,2024-10-08,2024-10-12,Drain Pump Failure,1,Functional,60531,0,None,0,0,0,1,1,1,0,1,2,1,0,0,0,0,0,0,202,528,Active,4,1,0.7103,normal,6.1026,Valid Claim
CLM-000641,USR-0182,PRD-0823,Refrigerator,Dawlance,DAW-180M,SN20LSJWS1ZL,Metro Cash And Carry,2026-06-14,251793,12,0,0,2026-06-14,2027-06-14,2026-07-09,2026-06-09,Control Board Fault,1,Functional,147291,0,None,0,0,1,1,0,1,0,1,2,0,0,1,0,0,0,1,-5,370,Active,-30,0,0.585,contradictory,2.5071,Manual Review
CLM-000648,USR-0323,PRD-0461,Washing Machine,Haier,HAI-858P,SNP1Z00V3SFA,Authorised Brand Outlet,2024-04-03,162675,24,1,12,2024-04-03,2027-04-03,2026-09-23,2026-09-23,Improper Installation,0,User Induced,126648,0,None,0,0,1,1,1,0,1,1,1,1,0,0,0,0,0,0,903,192,Active,0,1,0.7785,borderline,3.0679,Manual Review
CLM-000651,USR-0392,PRD-0611,Refrigerator,Samsung,SAM-901E,SNJ4EALYC920,Imtiaz Super Market,2024-09-25,142731,12,0,0,2024-09-25,2025-09-25,2025-02-19,2025-02-15,Control Board Fault,1,Functional,68241,0,None,0,0,1,1,0,1,1,1,1,1,0,0,0,1,0,1,143,222,Active,-4,0,0.4781,normal,5.922,Valid Claim
CLM-000652,USR-0183,PRD-0462,Air Conditioner,Haier,HAI-572C,SNA1CCYY4JUF,Daraz,2025-06-21,211972,12,0,0,2025-06-21,2026-06-21,2026-02-07,2026-02-11,Improper Installation,0,Physical,162275,4,Authorised Service Centre Islamabad,0,1,1,0,0,1,1,1,2,1,0,0,0,0,0,0,235,130,Active,4,1,0.7655,complex,-1.1315,Manual Review
CLM-000654,USR-0145,PRD-0867,Air Conditioner,Haier,HAI-698A,SNN4UNFFQI1H,Imtiaz Super Market,2024-06-11,404757,12,0,0,2024-06-11,2025-06-11,2025-04-08,2025-03-26,Gas Leakage,1,Functional,55212,0,None,0,0,1,1,1,0,1,1,1,1,1,0,0,1,1,2,288,77,Active,-13,0,0.1364,contradictory,1.89,Manual Review
CLM-000656,USR-0265,PRD-0378,Washing Machine,Samsung,SAM-785L,SNBCB3UUIE7L,Imtiaz Super Market,2023-04-20,172414,24,0,0,2023-04-20,2025-04-20,2025-04-13,2025-07-20,Drain Pump Failure,1,Functional,123695,3,Authorised Service Centre Karachi,0,0,1,1,1,1,1,1,0,0,0,0,0,0,0,0,822,-91,Expired,98,0,0.7174,borderline,-3.6945,Invalid Claim
CLM-000657,USR-0061,PRD-0446,Refrigerator,Orient,ORI-401M,SN7YSWNXFSHW,Local Electronics Dealer,2023-08-13,164701,12,0,0,2023-08-13,2024-08-13,2024-12-08,2024-12-15,Physical Damage,0,Physical,9454,2,Authorised Service Centre Karachi,0,0,1,1,1,1,0,1,1,1,0,0,0,0,0,0,490,-124,Expired,7,1,0.0574,complex,-5.9338,Invalid Claim
CLM-000658,USR-0073,PRD-0886,Laptop,Acer,ACE-963K,SNI1NISKYWCO,Naheed Online,2025-08-15,352409,12,0,0,2025-08-15,2026-08-15,2026-06-08,2026-06-08,Keyboard Failure,1,Functional,146037,2,Authorised Service Centre Karachi,0,0,1,1,1,0,0,1,2,0,1,0,0,0,0,0,297,68,Active,0,1,0.4144,contradictory,2.7374,Manual Review
CLM-000659,USR-0254,PRD-0743,Air Conditioner,Haier,HAI-594N,SN4CKCEKKLMS,Local Electronics Dealer,2024-08-10,342893,12,1,36,2024-08-10,2028-08-10,2025-07-15,2025-08-13,Fan Motor Failure,1,Functional,207168,0,None,0,0,0,0,1,1,1,1,2,1,0,0,0,0,0,0,368,1093,Active,29,1,0.6042,normal,8.5266,Valid Claim
CLM-000662,USR-0100,PRD-0420,Smartphone,Xiaomi,XIA-278N,SN6VDT593JAX,Naheed Online,2022-09-07,124522,12,0,0,2022-09-07,2023-09-07,2025-07-05,2025-08-02,Water Damage,0,Physical,70285,2,Local Repair Shop,1,0,0,1,1,0,1,1,2,1,0,0,0,0,0,0,1060,-695,Expired,28,0,0.5644,complex,-10.1231,Invalid Claim
CLM-000663,USR-0003,PRD-0289,Laptop,Dell,DEL-463C,SNSNMTBZMTKE,Metro Cash And Carry,2026-06-11,414768,12,0,0,2026-06-11,2027-06-11,2026-08-10,2026-09-08,Unauthorised Software Modification,0,Installation,306130,1,Authorised Service Centre Islamabad,0,0,0,0,0,0,1,1,4,1,0,0,0,0,0,0,89,276,Active,29,0,0.7381,incomplete,-3.6615,Invalid Claim
CLM-000664,USR-0029,PRD-0348,Washing Machine,Haier,HAI-891C,SNAM0IHDZSNO,Daraz,2024-08-19,139887,24,0,0,2024-08-19,2026-08-19,2025-01-02,2025-01-04,Drum Bearing Noise,1,Functional,113956,0,None,0,0,1,0,1,1,1,1,1,1,0,0,0,0,0,0,138,592,Active,2,1,0.8146,normal,8.0361,Valid Claim
CLM-000665,USR-0226,PRD-0236,Washing Machine,LG,LG-795M,SNWDRDPMPCEJ,Metro Cash And Carry,2026-05-19,63613,24,0,0,2026-05-19,2028-05-19,2026-06-01,2026-06-07,External Water Ingress,0,Installation,22237,0,None,0,1,1,1,1,0,1,1,1,0,0,0,0,0,0,0,19,712,Active,6,1,0.3496,contradictory,-1.2582,Manual Review
CLM-000666,USR-0064,PRD-0358,Laptop,Asus,ASU-195D,SN5GGSJ6VV8S,Authorised Brand Outlet,2024-11-26,324997,12,0,0,2024-11-26,2025-11-26,2025-12-13,2026-01-10,Unauthorised Software Modification,0,Physical,144425,0,None,0,1,1,1,1,1,1,1,0,1,0,0,0,0,0,0,410,-45,Expired,28,0,0.4444,borderline,-6.995,Invalid Claim
CLM-000667,USR-0173,PRD-0484,Smartphone,Xiaomi,XIA-919K,SNE1BAKU4NC0,Imtiaz Super Market,2022-12-03,126038,12,0,0,2022-12-03,2023-12-03,2024-01-09,2024-02-07,Speaker Failure,1,Functional,35246,0,None,0,1,0,1,1,1,1,1,1,1,1,0,0,0,0,0,431,-66,Expired,29,0,0.2796,borderline,-4.9733,Invalid Claim
CLM-000668,USR-0013,PRD-0110,Air Conditioner,Mitsubishi,MIT-736B,SNLAR0WH0RFI,Authorised Brand Outlet,2026-03-04,204694,12,1,36,2026-03-04,2030-03-04,2026-05-11,2026-08-13,Lack Of Servicing,0,User Induced,149775,0,None,0,0,0,0,1,1,1,1,2,1,0,0,0,0,0,0,162,1299,Active,94,0,0.7317,normal,-1.4702,Manual Review
CLM-000669,USR-0396,PRD-0383,Washing Machine,LG,LG-106H,SNC27X1CENAG,Naheed Online,2025-11-29,187146,24,0,0,2025-11-29,2027-11-29,2026-02-28,2026-03-08,External Water Ingress,0,Physical,147724,0,None,0,0,1,0,1,1,1,1,1,1,0,0,0,0,0,0,99,631,Active,8,1,0.7894,normal,1.0756,Manual Review
CLM-000670,USR-0146,PRD-0275,Smartphone,Infinix,INF-774E,SNL66YA6BA24,Authorised Brand Outlet,2026-02-12,232517,12,0,0,2026-02-12,2027-02-12,2026-03-11,2026-03-11,Display Line Defect,1,Functional,13040,4,Authorised Service Centre Karachi,0,0,1,1,1,1,1,1,0,1,0,0,0,0,0,0,27,338,Active,0,1,0.0561,complex,8.449,Valid Claim
CLM-000671,USR-0213,PRD-0489,Refrigerator,Orient,ORI-364M,SNNYLIMGPK3Y,HKB Store,2024-03-08,76815,12,0,0,2024-03-08,2025-03-08,2025-03-19,2025-03-24,Voltage Surge Without Stabilizer,0,Environmental,15476,1,Authorised Service Centre Karachi,0,0,1,1,1,1,0,1,1,1,0,0,0,0,0,0,381,-16,Expired,5,1,0.2015,borderline,-6.1533,Invalid Claim
CLM-000672,USR-0065,PRD-0644,Laptop,Asus,ASU-994J,SN9L62LXCPGZ,Naheed Online,2025-02-12,197059,12,0,0,2025-02-12,2026-02-12,2025-10-16,2026-01-18,Physical Damage,0,Physical,94031,1,Local Repair Shop,1,0,1,1,1,1,0,1,1,1,0,0,0,0,0,0,340,25,Nearing Expiry,94,0,0.4772,incomplete,-2.0049,Invalid Claim
CLM-000674,USR-0250,PRD-0777,Laptop,Dell,DEL-398D,SNSD085I4RZP,Metro Cash And Carry,2023-10-03,447512,12,0,0,2023-10-03,2024-10-03,2024-08-20,2024-09-14,Unauthorised Software Modification,0,Environmental,332235,0,None,0,0,0,1,1,0,1,1,2,1,1,0,0,0,0,0,347,19,Nearing Expiry,25,0,0.7424,contradictory,-4.1888,Manual Review
CLM-000676,USR-0024,PRD-0216,Refrigerator,Samsung,SAM-319B,SNFG5LU7PKHE,Daraz,2024-12-25,194996,12,0,0,2024-12-25,2025-12-25,2025-12-25,2025-12-30,Physical Damage,0,Installation,29649,0,None,0,1,1,0,1,1,1,1,1,1,0,0,0,0,0,0,370,-5,Expired,5,1,0.152,normal,-5.7359,Invalid Claim
CLM-000677,USR-0081,PRD-0671,Laptop,Acer,ACE-860K,SNHAXKH7YDH9,Local Electronics Dealer,2024-03-26,114634,12,0,0,2024-03-26,2025-03-26,2024-04-21,2024-05-01,Keyboard Failure,1,Functional,85145,2,Authorised Service Centre Karachi,0,0,1,1,1,1,1,1,0,1,0,0,0,0,0,0,36,329,Active,10,1,0.7428,complex,8.3944,Valid Claim
CLM-000679,USR-0354,PRD-0459,Air Conditioner,Dawlance,DAW-929A,SN9BU4UZ2Z0K,Metro Cash And Carry,2022-09-25,102799,12,0,0,2022-09-25,2023-09-25,2023-09-15,2023-09-16,Compressor Failure,1,Functional,60342,0,None,0,0,1,0,1,1,1,1,1,1,0,0,0,0,0,0,356,9,Nearing Expiry,1,1,0.587,normal,8.3813,Valid Claim
CLM-000680,USR-0237,PRD-0408,Smartphone,Vivo,VIV-238P,SNG5B0L8O9IC,Authorised Brand Outlet,2023-12-25,312182,12,0,0,2023-12-25,2024-12-25,2024-02-20,2023-12-15,Network Module Fault,1,Functional,172717,0,None,0,0,1,0,0,1,0,1,3,1,0,1,0,0,0,1,-10,376,Active,-67,0,0.5533,incomplete,3.7045,Manual Review
CLM-000681,USR-0157,PRD-0264,Smartphone,Vivo,VIV-493P,SNV9UZI3LPLF,Authorised Brand Outlet,2025-02-11,258761,12,1,12,2025-02-11,2027-02-11,2025-12-23,2025-12-23,Water Damage,0,Environmental,150340,1,Unregistered Technician,1,0,1,1,1,1,1,0,1,1,0,0,0,0,0,0,315,415,Active,0,1,0.581,normal,1.7868,Manual Review
CLM-000683,USR-0102,PRD-0492,Washing Machine,PEL,PEL-691P,SNF27P6SWCAH,Daraz,2023-07-23,152065,24,0,0,2023-07-23,2025-07-23,2025-07-31,2025-08-07,Motor Failure,1,Functional,126100,1,Local Repair Shop,1,0,1,1,1,1,1,1,0,1,0,0,0,0,0,0,746,-15,Expired,7,1,0.8293,borderline,-0.0257,Manual Review
CLM-000686,USR-0062,PRD-0469,Laptop,Asus,ASU-917G,SNGG3I0I2KUS,Naheed Online,2024-05-29,370284,12,0,0,2024-05-29,2025-05-29,2025-07-12,2025-07-16,Motherboard Fault,1,Functional,246188,0,None,0,0,1,0,1,1,1,1,1,0,0,0,0,0,0,0,413,-48,Expired,4,1,0.6649,borderline,-2.0778,Invalid Claim
CLM-000687,USR-0335,PRD-0647,Refrigerator,Orient,ORI-979C,SNKNYSGOHKSV,Imtiaz Super Market,2025-09-09,140096,12,1,48,2025-09-09,2030-09-09,2026-01-11,2026-01-17,Improper Installation,0,Environmental,21217,1,Unregistered Technician,1,0,1,1,1,1,1,0,1,1,1,0,0,0,0,0,130,1696,Active,6,1,0.1514,contradictory,-0.0992,Manual Review
CLM-000688,USR-0375,PRD-0230,Smartphone,Xiaomi,XIA-457C,SNQV4TL70ZO6,Naheed Online,2023-12-18,308411,12,0,0,2023-12-18,2024-12-18,2025-05-19,2025-05-20,Network Module Fault,1,Functional,224929,0,None,0,0,1,1,1,1,1,1,0,1,0,0,0,0,0,0,519,-153,Expired,1,1,0.7293,normal,1.033,Manual Review
CLM-000689,USR-0181,PRD-0350,Air Conditioner,TCL,TCL-494B,SNUF8Z3HJEYM,HKB Store,2024-04-09,154998,12,1,36,2024-04-09,2028-04-09,2026-07-19,2026-07-22,PCB Fault,1,Functional,31351,1,Authorised Service Centre Islamabad,0,0,0,0,1,0,1,0,4,1,0,0,0,0,0,0,834,627,Active,3,1,0.2023,incomplete,7.2037,Valid Claim
CLM-000691,USR-0238,PRD-0562,Air Conditioner,Haier,HAI-983N,SN2NLOQTQ685,Naheed Online,2025-12-21,414469,12,0,0,2025-12-21,2026-12-21,2026-09-23,2026-09-23,Fan Motor Failure,1,Functional,141222,0,None,0,0,1,1,1,1,1,1,0,1,0,0,0,0,0,0,276,89,Active,0,1,0.3407,borderline,9.3382,Valid Claim
CLM-000692,USR-0166,PRD-0440,Air Conditioner,Dawlance,DAW-909C,SNMCXN2ELALQ,HKB Store,2025-07-09,368133,12,0,0,2025-07-09,2026-07-09,2026-02-23,2026-02-27,Fan Motor Failure,1,Functional,122147,0,None,0,0,1,1,1,1,1,1,0,1,0,0,0,0,0,0,233,132,Active,4,1,0.3318,normal,9.6975,Valid Claim
CLM-000693,USR-0185,PRD-0828,Refrigerator,Samsung,SAM-631P,SN55NMWHH4VL,HKB Store,2025-07-30,104776,12,0,0,2025-07-30,2026-07-30,2026-03-02,2026-03-15,Control Board Fault,1,Functional,86639,2,Unregistered Technician,1,0,1,1,0,1,0,0,3,0,0,0,0,0,0,0,228,137,Active,13,1,0.8269,incomplete,2.4242,Manual Review
CLM-000696,USR-0331,PRD-0457,Smartphone,Infinix,INF-756H,SNGDOZF76HCA,HKB Store,2022-09-08,88712,12,0,0,2022-09-08,2023-09-08,2026-08-07,2026-09-02,Screen Crack,0,Physical,23818,1,Authorised Service Centre Karachi,0,0,0,0,1,1,0,1,3,1,0,0,0,0,0,0,1455,-1090,Expired,26,0,0.2685,incomplete,-10.434,Invalid Claim
CLM-000697,USR-0338,PRD-0866,Air Conditioner,Mitsubishi,MIT-600B,SNFNH671PJ0A,Daraz,2025-01-21,268739,12,0,0,2025-01-21,2026-01-21,2025-10-03,2025-10-10,Compressor Failure,1,Functional,182869,1,Authorised Service Centre Islamabad,0,0,1,1,1,1,1,1,0,1,0,0,0,0,0,0,262,103,Active,7,1,0.6805,normal,8.6761,Valid Claim
CLM-000698,USR-0396,PRD-0598,Refrigerator,Dawlance,DAW-618G,SN2QPKGRMM0Y,Authorised Brand Outlet,2026-03-09,272177,12,1,48,2026-03-09,2031-03-09,2026-09-23,2026-09-23,Gas Leakage,1,Functional,182545,1,Unregistered Technician,1,0,1,1,1,1,0,1,1,1,0,0,0,0,0,0,198,1628,Active,0,1,0.6707,normal,6.8674,Valid Claim
CLM-000699,USR-0156,PRD-0035,Air Conditioner,Gree,GRE-760L,SN6WB68Q0J9M,HKB Store,2023-02-09,294173,12,1,36,2023-02-09,2027-02-09,2026-09-23,2026-09-23,PCB Fault,1,Functional,17301,0,None,0,0,0,1,1,0,0,1,3,1,0,0,0,0,0,0,1322,139,Active,0,1,0.0588,incomplete,7.4771,Valid Claim
CLM-000701,USR-0016,PRD-0542,Washing Machine,Dawlance,DAW-298L,SNJU7DAMIXW7,Local Electronics Dealer,2022-09-26,144997,24,0,0,2022-09-26,2024-09-26,2024-11-01,2024-11-11,Physical Damage,0,Installation,117981,0,None,0,0,1,1,1,1,1,1,0,1,0,0,0,0,0,0,777,-46,Expired,10,1,0.8137,borderline,-5.761,Invalid Claim
CLM-000704,USR-0139,PRD-0305,Washing Machine,Samsung,SAM-216K,SNBS2OPQIE0P,Metro Cash And Carry,2024-08-26,82173,24,0,0,2024-08-26,2026-08-26,2026-09-10,2026-09-20,Improper Installation,0,Environmental,62396,0,None,0,0,1,1,1,0,1,1,1,1,0,0,0,0,0,0,755,-25,Expired,10,1,0.7593,incomplete,-5.444,Invalid Claim
CLM-000706,USR-0004,PRD-0852,Air Conditioner,Haier,HAI-276G,SN309A04G594,Local Electronics Dealer,2024-06-09,167869,12,0,0,2024-06-09,2025-06-09,2025-06-05,2025-07-18,Fan Motor Failure,1,Functional,80422,3,Unregistered Technician,1,0,1,0,1,1,0,0,3,1,0,0,0,0,0,0,404,-39,Expired,43,0,0.4791,borderline,-4.4352,Invalid Claim
CLM-000708,USR-0370,PRD-0650,Refrigerator,Orient,ORI-659B,SN0LFJ4B121Y,HKB Store,2025-12-19,83431,12,0,0,2025-12-19,2026-12-19,2026-09-23,2026-09-23,Control Board Fault,1,Functional,38742,0,None,0,0,1,1,1,0,1,1,1,1,0,0,0,0,0,0,278,87,Active,0,1,0.4644,borderline,9.121,Valid Claim
CLM-000709,USR-0189,PRD-0389,Smartphone,Samsung,SAM-939B,SN14CQE4LOHH,Metro Cash And Carry,2026-08-21,213842,12,0,0,2026-08-21,2027-08-21,2026-09-04,2026-08-06,Speaker Failure,1,Functional,170043,2,Unregistered Technician,1,0,1,0,1,1,1,0,2,1,0,1,0,0,0,1,-15,380,Active,-29,0,0.7952,contradictory,3.2412,Valid Claim
CLM-000710,USR-0359,PRD-0119,Washing Machine,PEL,PEL-203C,SNF08UPNZASY,Local Electronics Dealer,2024-02-21,104960,24,0,0,2024-02-21,2026-02-21,2024-12-15,2024-12-29,Motor Failure,1,Functional,65186,0,None,0,0,1,0,0,0,0,1,4,0,0,0,0,0,0,0,312,419,Active,14,1,0.6211,incomplete,4.4506,Manual Review
CLM-000711,USR-0112,PRD-0372,Air Conditioner,Dawlance,DAW-370F,SNWUWKKF4ELS,HKB Store,2024-02-12,264274,12,0,0,2024-02-12,2025-02-12,2025-08-31,2025-09-03,Voltage Surge Without Stabilizer,0,Environmental,57545,2,Authorised Service Centre Lahore,0,1,1,0,1,1,1,1,1,0,0,0,0,0,0,0,569,-203,Expired,3,1,0.2177,complex,-9.4934,Invalid Claim
CLM-000712,USR-0180,PRD-0118,Washing Machine,Dawlance,DAW-571F,SNQWHH3TT255,Daraz,2024-01-11,180291,24,1,12,2024-01-11,2027-01-11,2026-09-16,2026-09-18,Control Board Fault,1,Functional,113090,0,None,0,0,0,1,1,0,1,1,2,0,0,0,0,0,0,0,981,115,Active,2,1,0.6273,contradictory,5.6771,Valid Claim
CLM-000715,USR-0240,PRD-0268,Laptop,Asus,ASU-132B,SNSWRQLUX6LD,Daraz,2023-12-05,195479,12,0,0,2023-12-05,2024-12-05,2024-10-29,2024-11-08,Unauthorised Software Modification,0,Environmental,50154,0,None,0,0,1,1,1,0,1,1,1,1,0,0,0,0,0,0,339,27,Nearing Expiry,10,1,0.2566,normal,2.4452,Manual Review
CLM-000718,USR-0171,PRD-0671,Air Conditioner,TCL,TCL-663E,SNHINUQEM14W,Metro Cash And Carry,2026-06-04,416605,12,1,36,2026-06-04,2030-06-04,2026-09-23,2026-09-23,Physical Damage,0,User Induced,243019,0,None,0,0,1,1,1,1,0,1,1,1,0,0,0,0,0,0,111,1350,Active,0,1,0.5833,normal,2.4859,Manual Review
CLM-000719,USR-0032,PRD-0468,Smartphone,Oppo,OPP-908B,SNE4OF4W2VSF,Local Electronics Dealer,2025-09-14,155822,12,0,0,2025-09-14,2026-09-14,2025-09-30,2025-11-27,Speaker Failure,1,Functional,14586,1,Authorised Service Centre Karachi,0,0,1,1,1,0,1,0,2,1,0,0,0,0,0,0,74,291,Active,58,0,0.0936,normal,6.8491,Valid Claim
CLM-000720,USR-0288,PRD-0423,Laptop,HP,HP-526J,SNTNJLCQNT3B,Naheed Online,2025-11-14,327758,12,0,0,2025-11-14,2026-11-14,2026-06-14,2026-06-14,Screen Crack,0,Installation,256238,1,Authorised Service Centre Karachi,0,0,0,1,1,1,1,1,1,1,0,0,0,0,0,0,212,153,Active,0,1,0.7818,normal,-0.091,Manual Review
CLM-000721,USR-0005,PRD-0051,Refrigerator,LG,LG-772C,SNUHZD9OUQJA,Metro Cash And Carry,2022-11-30,244497,12,0,0,2022-11-30,2023-11-30,2024-12-17,2025-04-03,Control Board Fault,1,Functional,119626,2,Local Repair Shop,1,0,1,1,1,0,1,0,2,1,0,0,0,0,0,0,855,-490,Expired,107,0,0.4893,complex,-1.0517,Manual Review
CLM-000722,USR-0140,PRD-0234,Washing Machine,Dawlance,DAW-892K,SNXJ2CZAFR0R,Authorised Brand Outlet,2023-11-25,185799,24,0,0,2023-11-25,2025-11-25,2024-11-02,2024-10-16,Drain Pump Failure,1,Functional,56174,1,Authorised Service Centre Lahore,0,0,1,1,0,1,1,1,1,1,0,0,0,1,0,1,326,405,Active,-17,0,0.3023,complex,6.4487,Valid Claim
CLM-000723,USR-0144,PRD-0098,Air Conditioner,TCL,TCL-123M,SN9TOCP8FP1K,Naheed Online,2024-02-13,282445,12,0,0,2024-02-13,2025-02-13,2024-02-15,2024-01-31,Physical Damage,0,Physical,165211,1,Authorised Service Centre Karachi,0,0,1,1,1,0,1,0,2,1,0,1,1,1,1,4,-13,379,Active,-15,0,0.5849,contradictory,-5.659,Manual Review
CLM-000724,USR-0181,PRD-0279,Laptop,Dell,DEL-111F,SN11KRAHTZRR,Daraz,2023-04-16,369267,12,1,24,2023-04-16,2026-04-16,2023-07-27,2023-04-14,Liquid Spill,0,Environmental,121464,3,Local Repair Shop,1,0,1,0,1,1,1,1,1,1,0,1,0,0,0,1,-2,1098,Active,-104,0,0.3289,normal,-2.1337,Invalid Claim
CLM-000725,USR-0367,PRD-0517,Refrigerator,Samsung,SAM-132C,SNRD399Q68RT,Imtiaz Super Market,2022-10-29,97528,12,0,0,2022-10-29,2023-10-29,2023-05-29,2023-06-19,Physical Damage,0,User Induced,72744,1,Authorised Service Centre Lahore,0,0,1,0,1,0,0,0,4,1,0,0,0,0,0,0,233,132,Active,21,1,0.7459,incomplete,0.1196,Manual Review
CLM-000726,USR-0219,PRD-0244,Refrigerator,Orient,ORI-472E,SNFX76NK2GCR,Imtiaz Super Market,2025-03-31,265622,12,0,0,2025-03-31,2026-03-31,2026-03-30,2026-04-07,Physical Damage,0,User Induced,39308,0,None,0,0,1,0,1,1,1,1,1,1,0,0,0,0,0,0,372,-7,Expired,8,1,0.148,borderline,-5.7304,Invalid Claim
CLM-000727,USR-0136,PRD-0298,Refrigerator,Dawlance,DAW-867A,SNEKT292MI56,Local Electronics Dealer,2025-07-14,296563,12,0,0,2025-07-14,2026-07-14,2026-05-22,2026-05-22,Physical Damage,0,User Induced,48659,2,Authorised Service Centre Lahore,0,0,1,1,0,0,0,0,4,1,0,0,0,0,0,0,312,53,Nearing Expiry,0,1,0.1641,incomplete,0.6887,Manual Review
CLM-000729,USR-0154,PRD-0668,Air Conditioner,TCL,TCL-972A,SN3YUOAIH3IA,Metro Cash And Carry,2023-03-30,206863,12,1,36,2023-03-30,2027-03-30,2023-06-19,2023-03-19,Fan Motor Failure,1,Functional,84693,0,None,0,0,1,1,1,1,0,1,1,1,0,1,0,0,0,1,-11,1472,Active,-92,0,0.4094,contradictory,6.2519,Valid Claim
CLM-000730,USR-0399,PRD-0812,Air Conditioner,Dawlance,DAW-445D,SNROP2BYEE2A,Metro Cash And Carry,2024-06-12,282327,12,0,0,2024-06-12,2025-06-12,2024-06-26,2024-07-13,Physical Damage,0,Environmental,156517,1,Unregistered Technician,1,0,1,1,1,1,1,1,0,1,0,0,0,0,0,0,31,334,Active,17,1,0.5544,normal,0.6407,Manual Review
CLM-000731,USR-0228,PRD-0425,Refrigerator,Orient,ORI-195D,SNPUK6CMWSH0,Authorised Brand Outlet,2026-09-02,164614,12,0,0,2026-09-02,2027-09-02,2026-09-23,2026-09-23,Cooling Fault,1,Functional,50154,0,None,0,0,1,1,1,1,1,1,0,1,0,0,0,0,0,0,21,344,Active,0,1,0.3047,borderline,9.0871,Valid Claim
CLM-000732,USR-0127,PRD-0027,Air Conditioner,Mitsubishi,MIT-587L,SN2ZKH09CN2H,HKB Store,2022-12-27,100443,12,0,0,2022-12-27,2023-12-27,2025-08-12,2025-08-17,Physical Damage,0,Environmental,79845,1,Local Repair Shop,1,0,1,1,1,1,1,1,0,1,0,0,0,0,0,0,964,-599,Expired,5,1,0.7949,normal,-6.826,Invalid Claim
CLM-000733,USR-0050,PRD-0707,Air Conditioner,Dawlance,DAW-307E,SNMB6RAIXBPS,Local Electronics Dealer,2025-07-20,368626,12,0,0,2025-07-20,2026-07-20,2026-07-30,2026-09-23,Physical Damage,0,User Induced,289030,0,None,0,0,1,1,1,1,1,1,0,1,0,0,0,0,0,0,430,-65,Expired,55,0,0.7841,borderline,-7.3353,Invalid Claim
CLM-000734,USR-0337,PRD-0898,Washing Machine,LG,LG-482D,SNOAD78QIG6U,Naheed Online,2025-09-10,82382,24,0,0,2025-09-10,2027-09-10,2026-09-23,2026-09-23,Drain Pump Failure,1,Functional,23775,0,None,0,0,1,1,1,0,1,1,1,0,0,0,0,0,0,0,378,352,Active,0,1,0.2886,normal,6.4429,Valid Claim
CLM-000737,USR-0137,PRD-0821,Refrigerator,Dawlance,DAW-321F,SNLN6GOQSY9I,Authorised Brand Outlet,2025-10-10,108918,12,0,0,2025-10-10,2026-10-10,2026-05-05,2026-05-14,Control Board Fault,1,Functional,9028,0,None,0,0,1,1,1,1,1,1,0,0,0,0,0,0,0,0,216,149,Active,9,1,0.0829,normal,5.9459,Valid Claim
CLM-000739,USR-0208,PRD-0268,Refrigerator,Samsung,SAM-800F,SN7HRS7R8RLR,HKB Store,2024-02-04,251458,12,0,0,2024-02-04,2025-02-04,2024-09-23,2024-12-14,Gas Leakage,1,Functional,27487,1,Authorised Service Centre Lahore,0,0,1,1,1,1,1,0,1,1,0,0,0,0,0,0,314,52,Nearing Expiry,82,0,0.1093,normal,7.675,Valid Claim
CLM-000740,USR-0399,PRD-0202,Smartphone,Infinix,INF-964B,SN38I5X66UWS,HKB Store,2023-10-09,137644,12,0,0,2023-10-09,2024-10-09,2024-11-18,2024-12-09,Screen Crack,0,Environmental,14216,1,Authorised Service Centre Islamabad,0,0,1,0,1,1,1,1,1,1,0,0,0,0,0,0,427,-61,Expired,21,0,0.1033,borderline,-7.124,Invalid Claim
CLM-000741,USR-0144,PRD-0391,Refrigerator,Dawlance,DAW-871K,SN8F2DXR6CJ9,Daraz,2025-07-31,230688,12,0,0,2025-07-31,2026-07-31,2026-07-23,2026-07-29,Thermostat Fault,1,Functional,69444,0,None,0,0,1,1,1,0,1,1,1,1,0,0,0,0,1,1,363,2,Nearing Expiry,6,1,0.301,borderline,7.1223,Manual Review
CLM-000742,USR-0021,PRD-0355,Air Conditioner,Dawlance,DAW-634J,SN7SC98WZGW1,Imtiaz Super Market,2025-06-29,155211,12,0,0,2025-06-29,2026-06-29,2026-07-21,2026-07-25,Voltage Surge Without Stabilizer,0,Installation,20874,0,None,0,0,1,1,1,1,1,1,0,1,0,0,0,0,0,0,391,-26,Expired,4,1,0.1345,borderline,-4.3047,Invalid Claim
CLM-000743,USR-0035,PRD-0742,Washing Machine,Samsung,SAM-638G,SNE4LEEHJST3,HKB Store,2023-02-22,102487,24,0,0,2023-02-22,2025-02-22,2025-02-20,2025-03-16,Rodent Damage,0,Installation,32347,0,None,0,0,1,1,1,0,1,1,1,1,0,0,0,0,0,0,753,-22,Expired,24,1,0.3156,normal,-4.7553,Invalid Claim
CLM-000744,USR-0164,PRD-0339,Laptop,HP,HP-105N,SNK7EUCZ5RMW,Daraz,2023-01-28,191783,12,0,0,2023-01-28,2024-01-28,2025-12-01,2025-12-10,Screen Crack,0,Installation,63828,3,Authorised Service Centre Karachi,0,0,1,1,1,1,1,0,1,1,0,0,0,0,0,0,1047,-682,Expired,9,1,0.3328,complex,-5.9157,Invalid Claim
CLM-000745,USR-0371,PRD-0846,Laptop,Acer,ACE-580K,SNJ7XZ7UHWO0,Daraz,2026-05-22,466491,12,0,0,2026-05-22,2027-05-22,2026-08-24,2026-09-23,Unauthorised Software Modification,0,Installation,194721,1,Authorised Service Centre Lahore,0,0,0,0,0,0,0,0,6,1,0,0,0,0,0,0,124,241,Active,30,0,0.4174,incomplete,-3.7399,Invalid Claim
CLM-000746,USR-0387,PRD-0740,Washing Machine,Samsung,SAM-575M,SNA4LEO0EU2C,Imtiaz Super Market,2024-10-14,186154,24,0,0,2024-10-14,2026-10-14,2026-09-01,2026-09-23,Physical Damage,0,Installation,121127,0,None,0,1,1,1,1,1,1,1,0,1,0,0,0,0,0,0,709,21,Nearing Expiry,22,1,0.6507,borderline,1.5075,Manual Review
CLM-000747,USR-0102,PRD-0726,Washing Machine,Haier,HAI-607K,SNZQ0V4PSC9J,Authorised Brand Outlet,2025-05-06,146423,24,0,0,2025-05-06,2027-05-06,2025-05-11,2025-05-04,Water Inlet Valve Fault,1,Functional,44852,1,Authorised Service Centre Islamabad,0,0,1,1,1,1,1,1,0,0,0,1,1,0,0,2,-2,732,Active,-7,0,0.3063,contradictory,1.4029,Manual Review
CLM-000748,USR-0324,PRD-0772,Refrigerator,Dawlance,DAW-883N,SNSAGMLF2L9O,Daraz,2024-09-29,308271,12,0,0,2024-09-29,2025-09-29,2025-05-12,2025-05-18,Compressor Failure,1,Functional,99421,0,None,0,0,0,0,1,0,0,1,4,1,0,0,0,0,0,0,231,134,Active,6,1,0.3225,incomplete,6.4213,Valid Claim
CLM-000749,USR-0251,PRD-0195,Washing Machine,Haier,HAI-680C,SNTLQ5V4FTQ3,Authorised Brand Outlet,2026-02-28,172219,24,0,0,2026-02-28,2028-02-28,2026-09-23,2026-09-23,Motor Failure,1,Functional,105966,0,None,0,0,0,0,1,0,1,1,3,1,0,0,0,0,0,0,207,523,Active,0,1,0.6153,normal,6.1736,Valid Claim
CLM-000751,USR-0206,PRD-0589,Air Conditioner,Dawlance,DAW-400A,SNWOALF4V1TX,Imtiaz Super Market,2023-12-01,316700,12,0,0,2023-12-01,2024-12-01,2024-01-05,2024-01-18,Physical Damage,0,Physical,241172,2,Local Repair Shop,1,0,1,1,1,1,1,0,1,1,0,0,0,0,0,0,48,318,Active,13,1,0.7615,complex,-0.5308,Manual Review
CLM-000752,USR-0040,PRD-0230,Laptop,Lenovo,LEN-678J,SN9W0TE52VXS,Daraz,2023-01-07,425374,12,0,0,2023-01-07,2024-01-07,2023-12-30,2024-01-21,Battery Swelling,1,Functional,47963,2,Authorised Service Centre Karachi,0,0,1,1,1,1,1,0,1,1,0,0,0,0,0,0,379,-14,Expired,22,0,0.1128,borderline,-0.1392,Manual Review
CLM-000754,USR-0237,PRD-0614,Washing Machine,LG,LG-909L,SNLHALCKZ3VW,Daraz,2025-08-07,79017,24,0,0,2025-08-07,2027-08-07,2025-08-14,2025-07-31,External Water Ingress,0,Installation,21319,0,None,0,0,1,1,1,1,1,1,0,1,0,1,0,1,0,2,-7,737,Active,-14,0,0.2698,borderline,-1.8602,Manual Review
CLM-000757,USR-0137,PRD-0030,Laptop,Asus,ASU-284E,SNZLMA5UOFWB,Local Electronics Dealer,2022-08-19,429893,12,1,24,2022-08-19,2025-08-19,2025-08-10,2025-08-24,Battery Swelling,1,Functional,306758,1,Authorised Service Centre Lahore,0,0,1,1,1,1,1,1,0,1,0,0,0,0,0,0,1101,-5,Expired,14,1,0.7136,borderline,1.7835,Manual Review
CLM-000758,USR-0396,PRD-0651,Refrigerator,Samsung,SAM-542D,SNV9YMU6GHVK,Daraz,2022-10-03,223657,12,0,0,2022-10-03,2023-10-03,2025-07-07,2025-07-10,Voltage Surge Without Stabilizer,0,Physical,157503,1,Local Repair Shop,1,0,1,1,0,1,0,0,3,1,0,0,0,0,0,0,1011,-646,Expired,3,1,0.7042,normal,-8.1486,Invalid Claim
CLM-000759,USR-0294,PRD-0490,Air Conditioner,Gree,GRE-982P,SNAX8KXXJ0LE,Metro Cash And Carry,2026-07-27,190432,12,0,0,2026-07-27,2027-07-27,2026-09-23,2026-09-23,Cooling Fault,1,Functional,37510,0,None,0,0,1,0,1,1,1,1,1,1,0,0,0,0,0,0,58,307,Active,0,1,0.197,incomplete,9.1565,Valid Claim
CLM-000760,USR-0215,PRD-0887,Refrigerator,Dawlance,DAW-818H,SN42Q8BZ53GW,Authorised Brand Outlet,2023-03-29,301586,12,1,48,2023-03-29,2028-03-29,2026-07-03,2026-07-13,Physical Damage,0,Physical,233574,2,Local Repair Shop,1,0,1,0,0,1,1,0,3,0,0,0,0,0,0,0,1202,625,Active,10,1,0.7745,complex,-2.6628,Manual Review
CLM-000761,USR-0220,PRD-0645,Smartphone,Xiaomi,XIA-611M,SN4LYHA06NE2,Authorised Brand Outlet,2025-09-12,330048,12,0,0,2025-09-12,2026-09-12,2026-09-14,2026-09-23,Battery Wear After Six Months,0,Environmental,228517,2,Local Repair Shop,1,0,1,1,1,1,1,1,0,1,0,0,0,0,0,0,376,-11,Expired,9,1,0.6924,borderline,-6.9437,Invalid Claim
CLM-000765,USR-0159,PRD-0618,Washing Machine,LG,LG-451E,SNNAVYCS44PH,Imtiaz Super Market,2023-05-19,83174,24,1,12,2023-05-19,2026-05-19,2023-10-05,2023-11-03,External Water Ingress,0,User Induced,13967,0,None,0,0,0,1,0,1,1,1,2,1,0,0,0,0,0,0,168,928,Active,29,1,0.1679,incomplete,1.8866,Manual Review
CLM-000766,USR-0381,PRD-0098,Washing Machine,Dawlance,DAW-834G,SNKWIJ0KZQVS,Daraz,2024-01-26,104127,24,0,0,2024-01-26,2026-01-26,2026-02-18,2026-02-27,Control Board Fault,1,Functional,60119,0,None,0,0,1,1,1,1,1,1,0,1,0,0,0,0,0,0,763,-32,Expired,9,1,0.5774,borderline,2.4809,Manual Review
CLM-000767,USR-0210,PRD-0046,Air Conditioner,Haier,HAI-190A,SNN65SWSFL04,Daraz,2025-08-31,364224,12,0,0,2025-08-31,2026-08-31,2025-11-21,2025-11-30,PCB Fault,1,Functional,289595,0,None,0,0,1,0,1,1,0,1,2,1,1,0,0,0,0,0,91,274,Active,9,1,0.7951,contradictory,4.0614,Valid Claim
CLM-000769,USR-0253,PRD-0530,Smartphone,Xiaomi,XIA-175N,SNEK1ZOS3DGY,Authorised Brand Outlet,2023-11-02,251302,12,1,12,2023-11-02,2025-11-02,2024-09-25,2024-10-05,Network Module Fault,1,Functional,59662,0,None,0,0,1,1,1,1,1,1,0,1,0,0,0,0,0,0,338,393,Active,10,1,0.2374,normal,10.8014,Valid Claim
CLM-000770,USR-0337,PRD-0759,Laptop,Acer,ACE-279B,SNAEARMS3JN0,HKB Store,2024-04-19,247157,12,0,0,2024-04-19,2025-04-19,2025-01-19,2025-01-21,Fan Failure,1,Functional,144058,4,Authorised Service Centre Lahore,0,0,1,0,1,1,1,0,2,1,0,0,0,0,0,0,277,88,Active,2,1,0.5829,complex,7.5742,Valid Claim
CLM-000771,USR-0352,PRD-0005,Laptop,Lenovo,LEN-347J,SN7CEUMMYYWK,Daraz,2024-08-25,266067,12,0,0,2024-08-25,2025-08-25,2024-11-23,2024-11-29,Liquid Spill,0,Physical,155266,2,Authorised Service Centre Islamabad,0,1,0,1,1,1,1,1,1,1,0,0,0,0,0,0,96,269,Active,6,1,0.5836,complex,-1.0438,Manual Review
CLM-000776,USR-0207,PRD-0105,Air Conditioner,TCL,TCL-706P,SN2MH68NDJU3,Authorised Brand Outlet,2025-08-10,294670,12,0,0,2025-08-10,2026-08-10,2026-01-26,2025-07-19,Cooling Fault,1,Functional,193839,1,Authorised Service Centre Islamabad,0,0,1,1,1,0,1,1,1,1,0,1,0,0,1,2,-22,387,Active,-191,0,0.6578,contradictory,4.3644,Manual Review
CLM-000777,USR-0197,PRD-0005,Refrigerator,Haier,HAI-138J,SNHNAL3GYWIY,Daraz,2023-06-25,172466,12,0,0,2023-06-25,2024-06-25,2024-04-14,2024-04-16,Cooling Fault,1,Functional,141812,0,None,0,1,0,1,0,0,1,1,3,1,0,0,0,0,0,0,296,70,Active,2,1,0.8223,incomplete,5.4613,Valid Claim
CLM-000779,USR-0109,PRD-0581,Refrigerator,Samsung,SAM-997M,SNLXO6QJIUJV,Authorised Brand Outlet,2025-05-15,165162,12,0,0,2025-05-15,2026-05-15,2026-06-08,2026-05-28,Cooling Fault,1,Functional,43634,1,Authorised Service Centre Karachi,0,0,1,1,1,1,0,1,1,1,0,0,0,1,0,1,378,-13,Expired,-11,0,0.2642,borderline,-1.7355,Manual Review
CLM-000780,USR-0076,PRD-0351,Smartphone,Xiaomi,XIA-970P,SNJ10YEHH7MC,Local Electronics Dealer,2023-02-21,69014,12,0,0,2023-02-21,2024-02-21,2026-03-01,2026-03-01,Physical Damage,0,Installation,18334,0,None,0,0,1,1,1,1,1,1,0,1,0,0,0,0,0,0,1104,-739,Expired,0,1,0.2657,normal,-4.6258,Invalid Claim
CLM-000781,USR-0158,PRD-0752,Laptop,Dell,DEL-805E,SNE088O98BV7,Authorised Brand Outlet,2023-05-21,272079,12,0,0,2023-05-21,2024-05-21,2023-07-17,2023-10-03,Unauthorised Software Modification,0,Physical,62194,0,None,0,0,0,1,1,1,1,1,1,1,0,0,0,0,0,0,135,231,Active,78,0,0.2286,normal,-0.9806,Manual Review
CLM-000782,USR-0094,PRD-0333,Smartphone,Oppo,OPP-465K,SN5SRZEPFEKX,Authorised Brand Outlet,2024-08-06,141209,12,0,0,2024-08-06,2025-08-06,2025-08-15,2025-08-25,Display Line Defect,1,Functional,29164,0,None,0,0,1,1,1,1,0,1,1,1,0,0,0,0,0,0,384,-19,Expired,10,1,0.2065,borderline,1.6989,Manual Review
CLM-000783,USR-0112,PRD-0326,Air Conditioner,Mitsubishi,MIT-765G,SN09Z9CPCYWC,Naheed Online,2023-10-18,259148,12,1,36,2023-10-18,2027-10-18,2023-12-15,2023-10-07,PCB Fault,1,Functional,31113,0,None,0,0,1,1,1,1,1,1,0,1,0,1,0,0,0,1,-11,1472,Active,-69,0,0.1201,normal,7.5022,Valid Claim
CLM-000787,USR-0302,PRD-0328,Washing Machine,Samsung,SAM-994J,SNAA2KOYRBZP,Imtiaz Super Market,2025-06-07,139870,24,0,0,2025-06-07,2027-06-07,2026-07-18,2026-07-18,Motor Failure,1,Functional,60761,0,None,0,0,1,1,1,1,1,1,0,1,1,0,0,0,0,0,406,324,Active,0,1,0.4344,normal,7.2165,Valid Claim
CLM-000790,USR-0036,PRD-0392,Washing Machine,PEL,PEL-947J,SNLFQGH53VQA,Daraz,2023-01-27,185272,24,1,12,2023-01-27,2026-01-27,2025-01-03,2025-01-12,Control Board Fault,1,Functional,47391,0,None,0,0,0,0,1,1,0,1,3,1,0,0,0,0,0,0,716,380,Active,9,1,0.2558,incomplete,7.1218,Valid Claim
CLM-000791,USR-0091,PRD-0831,Smartphone,Xiaomi,XIA-902A,SN12KLYYVUNS,Authorised Brand Outlet,2025-04-05,290026,12,0,0,2025-04-05,2026-04-05,2025-05-25,2025-05-26,Water Damage,0,Physical,217097,0,None,0,0,0,0,1,0,1,1,3,1,0,0,0,0,0,0,51,314,Active,1,1,0.7485,incomplete,-1.412,Manual Review
CLM-000792,USR-0020,PRD-0151,Washing Machine,PEL,PEL-723M,SNW5N9C70PA8,Daraz,2025-01-11,182247,24,0,0,2025-01-11,2027-01-11,2025-12-10,2025-12-10,Motor Failure,1,Functional,92081,0,None,0,0,1,1,1,1,1,1,0,1,0,0,0,0,0,0,333,397,Active,0,1,0.5053,normal,9.7942,Valid Claim
CLM-000793,USR-0111,PRD-0822,Air Conditioner,Mitsubishi,MIT-890C,SNRZF1U6VQS4,Imtiaz Super Market,2024-09-26,263654,12,1,36,2024-09-26,2028-09-26,2025-11-27,2026-03-05,Improper Installation,0,Physical,103419,0,None,0,0,1,1,0,0,1,1,2,0,0,0,0,0,0,0,525,936,Active,98,0,0.3923,contradictory,-1.8967,Manual Review
CLM-000794,USR-0225,PRD-0175,Washing Machine,Dawlance,DAW-674F,SN36LZMS804B,Imtiaz Super Market,2023-09-09,165015,24,0,0,2023-09-09,2025-09-09,2024-04-30,2024-05-18,Rodent Damage,0,Physical,85192,1,Unregistered Technician,1,0,1,1,1,1,1,0,1,1,0,0,0,0,0,0,252,479,Active,18,1,0.5163,normal,0.7521,Manual Review
CLM-000795,USR-0106,PRD-0592,Air Conditioner,Gree,GRE-572H,SNIV929SEVL7,Imtiaz Super Market,2024-05-19,194745,12,0,0,2024-05-19,2025-05-19,2024-09-24,2024-10-04,PCB Fault,1,Functional,60016,0,None,0,0,1,1,1,1,0,1,1,1,0,0,0,0,1,1,138,227,Active,10,1,0.3082,contradictory,6.7037,Valid Claim
CLM-000796,USR-0062,PRD-0138,Smartphone,Oppo,OPP-594E,SNO71DO91D35,Imtiaz Super Market,2024-12-20,94807,12,0,0,2024-12-20,2025-12-20,2026-05-24,2026-06-10,Speaker Failure,1,Functional,22568,0,None,0,0,0,1,1,0,0,1,3,1,0,0,0,0,0,0,537,-172,Expired,17,0,0.238,incomplete,-3.3238,Invalid Claim
CLM-000797,USR-0289,PRD-0137,Air Conditioner,Mitsubishi,MIT-111L,SNY7V2IKQJK2,Metro Cash And Carry,2023-01-04,379335,12,0,0,2023-01-04,2024-01-04,2024-01-26,2024-02-20,Physical Damage,0,User Induced,320295,0,None,0,0,0,1,1,1,1,1,1,1,0,0,0,0,0,0,412,-47,Expired,25,1,0.8444,borderline,-7.1913,Invalid Claim
CLM-000798,USR-0313,PRD-0267,Laptop,Asus,ASU-510M,SN6QBQ1OWRS1,Imtiaz Super Market,2025-01-01,279645,12,0,0,2025-01-01,2026-01-01,2026-02-10,2026-03-04,Screen Crack,0,User Induced,168211,0,None,0,0,1,1,1,1,1,1,0,1,0,0,0,0,0,0,427,-62,Expired,22,0,0.6015,borderline,-6.9646,Invalid Claim
CLM-000799,USR-0086,PRD-0561,Washing Machine,PEL,PEL-248A,SNOFYSY089G9,Authorised Brand Outlet,2024-07-22,129974,24,0,0,2024-07-22,2026-07-22,2024-11-15,2024-11-20,Drum Bearing Noise,1,Functional,57552,0,None,0,0,0,0,1,1,1,1,2,1,0,0,0,0,0,0,121,609,Active,5,1,0.4428,normal,6.0494,Valid Claim
CLM-000800,USR-0077,PRD-0038,Air Conditioner,Mitsubishi,MIT-462P,SN348NI747X2,Local Electronics Dealer,2023-12-03,385137,12,0,0,2023-12-03,2024-12-03,2024-05-25,2024-06-03,Physical Damage,0,Physical,230572,0,None,0,0,0,0,0,0,0,1,5,1,0,0,0,0,0,0,183,183,Active,9,1,0.5987,incomplete,-0.6636,Manual Review
CLM-000802,USR-0107,PRD-0107,Smartphone,Vivo,VIV-635D,SN9ZURUTK92J,Local Electronics Dealer,2024-08-13,279647,12,0,0,2024-08-13,2025-08-13,2025-03-17,2025-03-26,Screen Crack,0,Physical,158434,1,Local Repair Shop,1,1,1,0,1,0,0,0,4,1,0,0,0,0,0,0,225,140,Active,9,1,0.5665,complex,-1.9611,Manual Review
CLM-000803,USR-0140,PRD-0045,Smartphone,Vivo,VIV-892P,SNU5XI18T150,Local Electronics Dealer,2026-01-17,330585,12,1,12,2026-01-17,2028-01-17,2026-04-19,2026-04-29,Network Module Fault,1,Functional,207089,3,Authorised Service Centre Lahore,0,1,1,0,1,0,1,1,2,1,0,0,0,0,0,0,102,628,Active,10,1,0.6264,complex,8.3195,Valid Claim
CLM-000804,USR-0400,PRD-0030,Laptop,HP,HP-586D,SNQB2JMZNG9J,Metro Cash And Carry,2025-03-23,473147,12,0,0,2025-03-23,2026-03-23,2025-11-04,2025-11-23,Liquid Spill,0,Installation,222326,0,None,0,0,1,1,1,0,1,1,1,0,0,0,0,0,1,1,245,120,Active,19,0,0.4699,contradictory,-3.576,Manual Review
CLM-000806,USR-0169,PRD-0451,Refrigerator,Orient,ORI-442G,SN349EL8HL88,Daraz,2022-10-31,159585,12,0,0,2022-10-31,2023-10-31,2023-04-04,2023-04-06,Gas Leakage,1,Functional,110634,0,None,0,0,1,0,0,0,0,1,4,1,0,0,0,0,1,1,157,208,Active,2,1,0.6933,incomplete,5.9415,Manual Review
CLM-000807,USR-0308,PRD-0153,Washing Machine,LG,LG-597P,SNSSDVB26XNI,Authorised Brand Outlet,2026-04-07,154470,24,0,0,2026-04-07,2028-04-07,2026-06-03,2026-06-11,Improper Installation,0,Installation,98271,0,None,0,0,1,1,0,1,0,1,2,0,0,0,0,0,0,0,65,666,Active,8,1,0.6362,incomplete,-1.0095,Manual Review
CLM-000808,USR-0135,PRD-0046,Laptop,Acer,ACE-896M,SN69SYE6HG4L,Local Electronics Dealer,2025-09-12,460982,12,0,0,2025-09-12,2026-09-12,2026-04-12,2026-03-30,Keyboard Failure,1,Functional,185031,0,None,0,1,1,1,0,1,1,1,1,1,0,0,0,1,0,1,199,166,Active,-13,0,0.4014,contradictory,5.1091,Valid Claim
CLM-000809,USR-0017,PRD-0576,Washing Machine,Dawlance,DAW-867K,SNVGDR1GX1DO,Metro Cash And Carry,2024-06-16,186132,24,0,0,2024-06-16,2026-06-16,2025-06-18,2025-06-21,Motor Failure,1,Functional,78519,2,Authorised Service Centre Lahore,0,0,1,1,1,1,1,1,0,1,1,0,0,0,0,0,370,360,Active,3,1,0.4218,complex,6.041,Valid Claim
CLM-000810,USR-0190,PRD-0433,Smartphone,Xiaomi,XIA-698B,SNW0Q8CW8HYV,HKB Store,2024-02-15,246303,12,0,0,2024-02-15,2025-02-15,2026-06-19,2026-08-11,Water Damage,0,Installation,102691,4,Local Repair Shop,1,1,1,0,1,1,1,0,2,1,0,0,0,0,0,0,908,-542,Expired,53,0,0.4169,complex,-10.9692,Invalid Claim
CLM-000812,USR-0366,PRD-0314,Washing Machine,PEL,PEL-608G,SNGM5HN1D613,Daraz,2024-05-21,136708,24,0,0,2024-05-21,2026-05-21,2026-07-05,2026-07-08,External Water Ingress,0,User Induced,107587,0,None,0,0,1,1,0,0,1,1,2,1,0,0,0,0,0,0,778,-48,Expired,3,1,0.787,borderline,-6.0514,Invalid Claim
CLM-000817,USR-0315,PRD-0746,Refrigerator,Orient,ORI-993H,SNPQB5QBVNPY,HKB Store,2022-10-29,127590,12,0,0,2022-10-29,2023-10-29,2023-10-08,2022-09-29,Compressor Failure,1,Functional,26550,1,Local Repair Shop,1,0,0,0,0,0,1,1,4,1,0,1,0,0,0,1,-30,395,Active,-374,0,0.2081,incomplete,2.2045,Manual Review
CLM-000818,USR-0214,PRD-0508,Washing Machine,LG,LG-747C,SN4DAUDPUSQC,HKB Store,2025-06-08,187536,24,0,0,2025-06-08,2027-06-08,2026-04-08,2026-06-11,Drain Pump Failure,1,Functional,129254,1,Local Repair Shop,1,0,1,1,1,1,1,1,0,1,0,0,1,0,0,1,368,362,Active,64,0,0.6892,normal,4.2216,Valid Claim
CLM-000819,USR-0027,PRD-0688,Air Conditioner,TCL,TCL-494D,SNLMA4AC1PUV,Metro Cash And Carry,2024-10-25,303492,12,0,0,2024-10-25,2025-10-25,2024-11-12,2025-03-10,Voltage Surge Without Stabilizer,0,Installation,223843,0,None,0,0,1,0,1,0,1,1,2,1,0,0,0,0,0,0,136,229,Active,118,0,0.7376,normal,-0.5023,Manual Review
CLM-000820,USR-0280,PRD-0051,Refrigerator,Orient,ORI-652H,SNL03710MEAT,Metro Cash And Carry,2023-09-20,204343,12,0,0,2023-09-20,2024-09-20,2024-08-19,2024-08-22,Rodent Damage,0,Installation,165385,2,Local Repair Shop,1,0,1,1,1,1,1,1,0,1,0,0,0,0,0,0,337,29,Nearing Expiry,3,1,0.8093,borderline,-0.3191,Manual Review
CLM-000821,USR-0366,PRD-0728,Air Conditioner,TCL,TCL-606H,SN4HU81CVYS2,Imtiaz Super Market,2026-07-02,149207,12,0,0,2026-07-02,2027-07-02,2026-09-23,2026-09-23,Gas Leakage,1,Functional,107776,2,Authorised Service Centre Lahore,0,0,1,1,1,1,1,0,1,1,0,0,0,0,0,0,83,282,Active,0,1,0.7223,borderline,8.5947,Valid Claim
CLM-000823,USR-0189,PRD-0695,Smartphone,Xiaomi,XIA-172P,SN4QWO76KASQ,Metro Cash And Carry,2023-02-27,152322,12,0,0,2023-02-27,2024-02-27,2025-10-28,2025-11-06,Screen Crack,0,User Induced,112209,0,None,0,0,1,0,1,1,1,1,1,0,0,0,0,0,0,0,983,-618,Expired,9,1,0.7367,normal,-9.1449,Invalid Claim
CLM-000824,USR-0132,PRD-0199,Refrigerator,LG,LG-743L,SNJ9S8U287M5,Metro Cash And Carry,2024-04-26,258335,12,0,0,2024-04-26,2025-04-26,2024-11-17,2024-11-02,Cooling Fault,1,Functional,47044,3,Local Repair Shop,1,1,1,1,1,1,1,0,1,1,0,0,0,1,0,1,190,175,Active,-15,0,0.1821,complex,3.2007,Valid Claim
CLM-000826,USR-0152,PRD-0093,Air Conditioner,Gree,GRE-189E,SN0DILXN48LB,Metro Cash And Carry,2022-08-28,337559,12,0,0,2022-08-28,2023-08-28,2023-10-04,2022-08-11,Gas Leakage,1,Functional,261163,1,Authorised Service Centre Lahore,0,0,1,1,1,1,1,1,0,1,1,1,0,0,0,1,-17,382,Active,-419,0,0.7737,contradictory,3.0209,Manual Review
CLM-000827,USR-0227,PRD-0699,Washing Machine,Dawlance,DAW-799F,SNCWEU97Z77D,Metro Cash And Carry,2025-01-24,164509,24,0,0,2025-01-24,2027-01-24,2026-08-10,2026-08-15,Drum Bearing Noise,1,Functional,42388,1,Authorised Service Centre Islamabad,0,0,1,1,1,1,0,1,1,1,0,0,0,0,0,0,568,162,Active,5,1,0.2577,normal,8.1898,Valid Claim
CLM-000829,USR-0195,PRD-0302,Laptop,Dell,DEL-980G,SNGCT8BWK8XN,HKB Store,2024-12-21,352426,12,0,0,2024-12-21,2025-12-21,2026-01-30,2026-05-12,Liquid Spill,0,User Induced,121517,0,None,0,0,1,0,1,1,1,1,1,1,0,0,0,0,0,0,507,-142,Expired,102,0,0.3448,borderline,-7.3376,Invalid Claim
CLM-000830,USR-0270,PRD-0171,Laptop,Acer,ACE-126J,SND0IFU835FD,Metro Cash And Carry,2023-05-22,106002,12,0,0,2023-05-22,2024-05-22,2026-01-07,2026-01-29,Physical Damage,0,Environmental,24258,3,Local Repair Shop,1,0,1,0,1,1,1,1,1,1,0,0,0,0,0,0,983,-617,Expired,22,0,0.2288,complex,-9.2099,Invalid Claim
CLM-000831,USR-0241,PRD-0895,Washing Machine,Haier,HAI-326P,SN36PCGYFHSH,Daraz,2026-08-22,187697,24,0,0,2026-08-22,2028-08-22,2026-09-23,2026-09-23,Control Board Fault,1,Functional,52613,0,None,0,0,1,0,1,0,1,1,2,1,0,0,0,0,1,1,32,699,Active,0,1,0.2803,borderline,6.6496,Valid Claim
CLM-000832,USR-0232,PRD-0382,Refrigerator,Dawlance,DAW-325K,SNH6BKDHYNHY,Naheed Online,2026-04-04,318314,12,0,0,2026-04-04,2027-04-04,2026-05-22,2026-05-26,Voltage Surge Without Stabilizer,0,Physical,156791,3,Local Repair Shop,1,0,1,1,1,0,1,1,1,0,0,0,0,0,0,0,52,313,Active,4,1,0.4926,normal,-2.6378,Invalid Claim
CLM-000833,USR-0023,PRD-0114,Laptop,Lenovo,LEN-149E,SNCLW3JGEQE5,HKB Store,2024-06-06,87590,12,1,24,2024-06-06,2027-06-06,2025-10-25,2025-11-14,Unauthorised Software Modification,0,Physical,69834,3,Unregistered Technician,1,1,1,0,1,0,0,0,4,1,0,0,0,0,0,0,526,569,Active,20,0,0.7973,complex,-3.5705,Invalid Claim
CLM-000834,USR-0252,PRD-0317,Laptop,Dell,DEL-523A,SNDAOVXPKAYB,Authorised Brand Outlet,2026-02-28,265898,12,0,0,2026-02-28,2027-02-28,2026-03-09,2026-03-20,Fan Failure,1,Functional,142971,0,None,0,0,1,1,1,1,1,1,0,1,0,0,0,0,0,0,20,345,Active,11,1,0.5377,normal,9.0332,Valid Claim
CLM-000836,USR-0236,PRD-0508,Refrigerator,Orient,ORI-227K,SN0MCWWVD0OL,Naheed Online,2022-10-04,298399,12,0,0,2022-10-04,2023-10-04,2025-05-26,2025-05-30,Physical Damage,0,Environmental,82863,1,Unregistered Technician,1,0,0,1,1,1,1,0,2,1,0,0,0,0,0,0,969,-604,Expired,4,1,0.2777,normal,-8.1631,Invalid Claim
CLM-000837,USR-0360,PRD-0402,Refrigerator,LG,LG-266E,SN3XIZ8FIRMC,Daraz,2022-11-11,215145,12,0,0,2022-11-11,2023-11-11,2023-09-27,2023-10-19,Thermostat Fault,1,Functional,179387,0,None,0,0,1,1,0,1,1,1,1,1,0,0,0,0,0,0,342,23,Nearing Expiry,22,1,0.8338,borderline,8.3225,Valid Claim
CLM-000838,USR-0098,PRD-0442,Washing Machine,PEL,PEL-404D,SN8MYDL0L89K,Naheed Online,2022-11-22,147071,24,0,0,2022-11-22,2024-11-22,2024-11-03,2024-11-15,Water Inlet Valve Fault,1,Functional,75430,1,Local Repair Shop,1,0,1,0,1,1,1,1,1,0,0,0,0,0,0,0,724,7,Nearing Expiry,12,1,0.5129,borderline,3.2673,Manual Review
CLM-000839,USR-0099,PRD-0099,Smartphone,Vivo,VIV-741D,SNSM2HK0IPPH,Local Electronics Dealer,2023-07-19,330001,12,0,0,2023-07-19,2024-07-19,2025-01-08,2025-01-28,Display Line Defect,1,Functional,62043,3,Unregistered Technician,1,0,1,1,1,1,1,1,0,0,0,0,0,0,0,0,559,-193,Expired,20,0,0.188,normal,-4.9916,Invalid Claim
CLM-000841,USR-0282,PRD-0230,Smartphone,Infinix,INF-323F,SNHDDOG2UE1I,Authorised Brand Outlet,2024-05-26,239957,12,1,12,2024-05-26,2026-05-26,2026-01-29,2026-01-31,Physical Damage,0,Physical,98669,0,None,0,0,1,0,1,0,1,1,2,1,0,0,0,0,0,0,615,115,Active,2,1,0.4112,incomplete,2.3666,Manual Review
CLM-000842,USR-0005,PRD-0159,Smartphone,Infinix,INF-973B,SNKFOCNQDQX6,Naheed Online,2025-03-28,54915,12,0,0,2025-03-28,2026-03-28,2026-04-08,2026-04-22,Camera Module Fault,1,Functional,35301,2,Local Repair Shop,1,0,1,1,1,1,1,1,0,0,0,0,0,0,0,0,390,-25,Expired,14,1,0.6428,borderline,-2.2758,Invalid Claim
CLM-000843,USR-0068,PRD-0607,Refrigerator,Orient,ORI-846A,SNBIY5G0RMCV,Imtiaz Super Market,2023-09-20,117897,12,0,0,2023-09-20,2024-09-20,2026-02-08,2026-02-11,Voltage Surge Without Stabilizer,0,User Induced,41660,2,Local Repair Shop,1,0,0,0,1,0,1,0,4,1,0,0,0,0,0,0,875,-509,Expired,3,1,0.3534,incomplete,-9.5937,Invalid Claim
CLM-000844,USR-0384,PRD-0554,Air Conditioner,TCL,TCL-631L,SNM3S08UWOXT,HKB Store,2023-05-21,363086,12,0,0,2023-05-21,2024-05-21,2024-05-05,2024-05-12,Improper Installation,0,Environmental,214731,1,Unregistered Technician,1,0,1,1,1,1,1,1,0,1,0,0,0,0,0,0,357,9,Nearing Expiry,7,1,0.5914,borderline,0.7343,Manual Review
CLM-000845,USR-0034,PRD-0699,Laptop,Asus,ASU-492P,SN9L5PMRAU5D,Authorised Brand Outlet,2022-11-30,235061,12,0,0,2022-11-30,2023-11-30,2025-06-18,2025-06-29,Physical Damage,0,Environmental,44973,0,None,0,0,1,1,1,0,0,1,2,0,0,0,0,0,0,0,942,-577,Expired,11,1,0.1913,contradictory,-8.4745,Invalid Claim
CLM-000849,USR-0223,PRD-0420,Smartphone,Vivo,VIV-225L,SNYY0KZ6XNOM,Metro Cash And Carry,2023-10-27,150438,12,0,0,2023-10-27,2024-10-27,2026-01-26,2026-01-29,Speaker Failure,1,Functional,94010,0,None,0,0,1,1,0,1,0,1,2,1,0,0,0,0,0,0,825,-459,Expired,3,1,0.6249,incomplete,0.2857,Manual Review
CLM-000850,USR-0145,PRD-0274,Smartphone,Samsung,SAM-185H,SN7DXLSE33DC,Daraz,2026-07-01,314607,12,1,12,2026-07-01,2028-07-01,2026-09-19,2026-09-23,Network Module Fault,1,Functional,64281,0,None,0,1,1,1,1,0,0,1,2,1,0,0,0,0,0,0,84,647,Active,4,1,0.2043,normal,8.8921,Valid Claim
CLM-000851,USR-0006,PRD-0157,Air Conditioner,Haier,HAI-674F,SNDF9M13OTES,Authorised Brand Outlet,2025-01-30,169528,12,0,0,2025-01-30,2026-01-30,2026-08-20,2025-01-15,Fan Motor Failure,1,Functional,17259,1,Local Repair Shop,1,0,1,0,0,1,1,1,2,1,0,1,0,0,0,1,-15,380,Active,-582,0,0.1018,normal,3.3654,Valid Claim
CLM-000852,USR-0320,PRD-0761,Air Conditioner,Gree,GRE-194M,SN4DMC2RH2XK,HKB Store,2024-07-22,114920,12,0,0,2024-07-22,2025-07-22,2025-07-18,2025-08-01,Voltage Surge Without Stabilizer,0,Installation,33080,0,None,0,0,1,1,1,1,1,1,0,1,0,0,0,0,0,0,375,-10,Expired,14,1,0.2879,borderline,-5.1471,Invalid Claim
CLM-000856,USR-0314,PRD-0565,Refrigerator,Orient,ORI-169J,SN9JA5T7P9QW,Imtiaz Super Market,2025-05-11,170372,12,1,48,2025-05-11,2030-05-11,2026-02-18,2026-02-23,Compressor Failure,1,Functional,52944,0,None,0,0,1,1,1,1,1,1,0,0,0,0,0,0,0,0,288,1538,Active,5,1,0.3108,contradictory,7.6336,Valid Claim
CLM-000858,USR-0082,PRD-0374,Smartphone,Xiaomi,XIA-119A,SNE7WJ37KKE7,Daraz,2024-05-20,231891,12,0,0,2024-05-20,2025-05-20,2026-05-18,2026-05-19,Physical Damage,0,Installation,123638,0,None,0,0,1,1,1,1,1,1,0,1,0,0,0,0,0,0,729,-364,Expired,1,1,0.5332,normal,-6.0058,Invalid Claim
CLM-000859,USR-0039,PRD-0688,Laptop,HP,HP-752G,SNN2Y8FV2BC2,Daraz,2023-11-20,313034,12,0,0,2023-11-20,2024-11-20,2025-05-20,2025-06-02,Battery Swelling,1,Functional,84407,0,None,0,0,1,0,1,0,0,1,3,1,0,0,0,0,0,0,560,-194,Expired,13,1,0.2696,incomplete,0.8047,Manual Review
CLM-000860,USR-0258,PRD-0525,Washing Machine,LG,LG-776E,SN502UPVSF5Y,Metro Cash And Carry,2023-11-04,108156,24,0,0,2023-11-04,2025-11-04,2026-04-06,2026-03-26,Control Board Fault,1,Functional,61099,0,None,0,0,0,1,1,0,1,1,2,1,0,0,0,1,0,1,873,-142,Expired,-11,0,0.5649,incomplete,-2.9355,Invalid Claim
CLM-000862,USR-0167,PRD-0202,Laptop,Dell,DEL-568B,SNJ5SXVWVM4W,HKB Store,2025-10-02,387696,12,0,0,2025-10-02,2026-10-02,2026-06-29,2026-06-26,Storage Failure,1,Functional,50943,0,None,0,0,1,1,1,1,1,1,0,0,0,0,0,1,0,1,267,98,Active,-3,0,0.1314,contradictory,3.7285,Manual Review
CLM-000864,USR-0350,PRD-0329,Refrigerator,Haier,HAI-490N,SN8NTK63N2QB,Local Electronics Dealer,2023-11-04,123917,12,1,48,2023-11-04,2028-11-04,2026-02-08,2026-02-11,Thermostat Fault,1,Functional,101254,0,None,0,0,0,0,0,0,0,1,5,1,0,0,0,0,0,0,830,997,Active,3,1,0.8171,incomplete,6.0582,Valid Claim
CLM-000865,USR-0136,PRD-0212,Smartphone,Vivo,VIV-334D,SN44M2EC8RA4,Metro Cash And Carry,2026-07-09,124702,12,0,0,2026-07-09,2027-07-09,2026-09-23,2026-09-23,Physical Damage,0,Installation,56016,3,Unregistered Technician,1,0,1,1,1,1,1,1,0,1,0,0,0,0,0,0,76,289,Active,0,1,0.4492,borderline,0.8529,Manual Review
CLM-000866,USR-0070,PRD-0159,Laptop,Asus,ASU-911N,SNY3ZNP8KAIW,Daraz,2023-12-20,332078,12,1,24,2023-12-20,2026-12-20,2025-07-22,2025-07-29,Liquid Spill,0,Environmental,76759,0,None,0,1,1,1,1,1,1,1,0,1,0,0,0,0,0,0,587,509,Active,7,1,0.2311,normal,2.7017,Manual Review
CLM-000868,USR-0304,PRD-0825,Washing Machine,LG,LG-660L,SN7BGFMZDY8I,Daraz,2026-06-27,150764,24,1,12,2026-06-27,2029-06-27,2026-07-03,2026-09-21,Control Board Fault,1,Functional,84526,0,None,0,0,1,1,1,0,1,1,1,1,0,0,0,0,0,0,86,1010,Active,80,0,0.5607,normal,8.6167,Valid Claim
CLM-000869,USR-0150,PRD-0573,Smartphone,Oppo,OPP-790P,SN8RAQUEFIMD,Metro Cash And Carry,2024-05-03,151445,12,1,12,2024-05-03,2026-05-03,2025-06-18,2025-06-24,Water Damage,0,Physical,67791,1,Local Repair Shop,1,0,1,1,1,0,1,0,2,1,0,0,0,0,0,0,417,313,Active,6,1,0.4476,normal,1.4285,Manual Review
CLM-000870,USR-0321,PRD-0079,Laptop,HP,HP-315L,SNP6WQFK6XW4,Metro Cash And Carry,2025-06-06,342444,12,0,0,2025-06-06,2026-06-06,2025-10-10,2025-10-29,Motherboard Fault,1,Functional,235037,2,Authorised Service Centre Karachi,0,0,1,1,1,1,1,1,0,1,0,0,0,0,0,0,145,220,Active,19,0,0.6864,normal,7.0543,Valid Claim
CLM-000871,USR-0076,PRD-0445,Laptop,Acer,ACE-776E,SNDTUMW7HU3D,HKB Store,2025-05-24,273073,12,0,0,2025-05-24,2026-05-24,2026-05-07,2026-05-17,Screen Crack,0,Physical,132604,2,Authorised Service Centre Islamabad,0,0,0,0,1,1,1,0,3,1,0,0,0,0,0,0,358,7,Nearing Expiry,10,1,0.4856,borderline,-1.5283,Manual Review
CLM-000876,USR-0234,PRD-0456,Laptop,Acer,ACE-478G,SN6C4W713QNV,Local Electronics Dealer,2022-11-05,351122,12,0,0,2022-11-05,2023-11-05,2024-11-16,2024-11-19,Keyboard Failure,1,Functional,94568,4,Authorised Service Centre Islamabad,0,0,0,1,1,0,1,1,2,1,0,0,0,0,0,0,745,-380,Expired,3,1,0.2693,complex,-1.124,Manual Review
CLM-000878,USR-0162,PRD-0475,Refrigerator,LG,LG-591P,SNET0GFA158G,Authorised Brand Outlet,2024-09-12,121043,12,0,0,2024-09-12,2025-09-12,2026-08-06,2026-08-15,Physical Damage,0,Installation,12465,2,Authorised Service Centre Karachi,0,0,1,0,0,1,1,1,2,1,0,0,0,0,0,0,702,-337,Expired,9,1,0.103,normal,-6.4488,Invalid Claim
CLM-000879,USR-0074,PRD-0797,Smartphone,Xiaomi,XIA-429L,SNEXM3KN4PLK,Daraz,2025-04-19,33451,12,0,0,2025-04-19,2026-04-19,2026-08-10,2026-08-14,Water Damage,0,Installation,12924,0,None,0,0,1,0,1,0,1,1,2,1,0,0,0,0,0,0,482,-117,Expired,4,1,0.3864,normal,-4.9383,Invalid Claim
CLM-000880,USR-0056,PRD-0169,Air Conditioner,Haier,HAI-382B,SNZR5SWK8TEM,Naheed Online,2025-05-30,294830,12,0,0,2025-05-30,2026-05-30,2026-02-12,2026-02-24,Fan Motor Failure,1,Functional,226534,2,Unregistered Technician,1,0,1,0,1,1,1,0,2,1,0,0,0,0,0,0,270,95,Active,12,1,0.7684,complex,5.8207,Valid Claim
CLM-000881,USR-0333,PRD-0877,Air Conditioner,Mitsubishi,MIT-840N,SN0HERSOSP89,Authorised Brand Outlet,2023-01-27,389404,12,0,0,2023-01-27,2024-01-27,2025-12-11,2026-04-01,Lack Of Servicing,0,User Induced,269633,2,Unregistered Technician,1,0,0,1,0,1,1,1,2,1,0,0,0,0,0,0,1160,-795,Expired,111,0,0.6924,complex,-9.9809,Invalid Claim
CLM-000882,USR-0340,PRD-0415,Air Conditioner,TCL,TCL-972E,SNFMMEN4052W,Metro Cash And Carry,2025-05-25,129811,12,0,0,2025-05-25,2026-05-25,2025-07-11,2025-08-10,Lack Of Servicing,0,Environmental,27116,1,Local Repair Shop,1,0,0,1,0,1,1,1,2,1,0,0,0,0,0,0,77,288,Active,30,1,0.2089,complex,-0.5351,Manual Review
CLM-000883,USR-0289,PRD-0574,Smartphone,Samsung,SAM-156G,SNWAUFXQP6XG,Imtiaz Super Market,2025-01-06,179366,12,1,12,2025-01-06,2027-01-06,2026-09-23,2026-09-23,Display Line Defect,1,Functional,120968,0,None,0,1,1,1,1,0,1,1,1,1,0,0,0,0,0,0,625,105,Active,0,1,0.6744,borderline,9.2997,Valid Claim
CLM-000886,USR-0111,PRD-0834,Laptop,Lenovo,LEN-360H,SN4D0JMU3MOM,Local Electronics Dealer,2025-02-08,382708,12,0,0,2025-02-08,2026-02-08,2026-03-08,2026-03-17,Screen Crack,0,Installation,33742,2,Authorised Service Centre Lahore,0,0,0,1,1,1,1,0,2,1,0,0,0,0,0,0,402,-37,Expired,9,1,0.0882,borderline,-7.1958,Invalid Claim
CLM-000887,USR-0367,PRD-0558,Smartphone,Samsung,SAM-287F,SNZ2QIKQUGBG,Local Electronics Dealer,2023-12-02,180933,12,0,0,2023-12-02,2024-12-02,2026-01-10,2026-05-09,Network Module Fault,1,Functional,68477,0,None,0,0,1,0,1,1,1,1,1,0,0,0,0,0,0,0,889,-523,Expired,119,0,0.3785,normal,-3.0012,Invalid Claim
CLM-000888,USR-0079,PRD-0421,Refrigerator,Orient,ORI-226H,SNA1JQNN6TJ9,Local Electronics Dealer,2026-01-05,86565,12,0,0,2026-01-05,2027-01-05,2026-09-23,2026-09-23,Cooling Fault,1,Functional,34162,2,Unregistered Technician,1,0,1,1,1,1,1,1,0,1,0,0,1,0,0,1,261,104,Active,0,1,0.3946,borderline,6.3089,Valid Claim
CLM-000889,USR-0289,PRD-0256,Smartphone,Vivo,VIV-778K,SNDWR024LPO6,Imtiaz Super Market,2024-04-18,108947,12,0,0,2024-04-18,2025-04-18,2024-05-06,2024-05-27,Network Module Fault,1,Functional,14840,3,Authorised Service Centre Karachi,0,0,1,1,1,1,1,0,1,1,0,0,0,0,0,0,39,326,Active,21,0,0.1362,normal,6.6651,Valid Claim
CLM-000890,USR-0002,PRD-0356,Refrigerator,Dawlance,DAW-515L,SN4RK5GORLOQ,Authorised Brand Outlet,2026-07-06,211861,12,0,0,2026-07-06,2027-07-06,2026-08-21,2026-08-17,Control Board Fault,1,Functional,117189,1,Local Repair Shop,1,0,1,1,1,1,1,1,0,1,0,0,0,1,0,1,42,323,Active,-4,0,0.5531,contradictory,4.7969,Valid Claim
CLM-000891,USR-0044,PRD-0745,Laptop,Acer,ACE-825J,SNTY2XYL1SBL,Naheed Online,2023-08-09,467406,12,0,0,2023-08-09,2024-08-09,2025-07-15,2025-07-22,Unauthorised Software Modification,0,Environmental,147530,2,Authorised Service Centre Karachi,0,0,1,0,1,0,0,0,4,1,0,0,0,0,0,0,713,-347,Expired,7,1,0.3156,incomplete,-7.7315,Invalid Claim
CLM-000892,USR-0160,PRD-0792,Refrigerator,Haier,HAI-237K,SN7H97X1RZ6Z,Naheed Online,2023-08-18,269673,12,0,0,2023-08-18,2024-08-18,2023-09-13,2023-10-02,Gas Leakage,1,Functional,21973,0,None,0,0,1,0,1,1,1,1,1,1,0,0,0,0,0,0,45,321,Active,19,1,0.0815,normal,8.3064,Valid Claim
CLM-000893,USR-0025,PRD-0791,Laptop,HP,HP-486N,SNHI6HABA3YC,Metro Cash And Carry,2026-07-29,289796,12,0,0,2026-07-29,2027-07-29,2026-09-23,2026-09-23,Liquid Spill,0,User Induced,174537,0,None,0,0,1,1,1,1,1,1,0,1,0,0,0,0,0,0,56,309,Active,0,1,0.6023,normal,2.1429,Manual Review
CLM-000894,USR-0136,PRD-0827,Washing Machine,Dawlance,DAW-144M,SNQE7CKW5NGC,Local Electronics Dealer,2025-04-20,69312,24,0,0,2025-04-20,2027-04-20,2025-07-19,2025-07-30,Drain Pump Failure,1,Functional,24532,2,Unregistered Technician,1,1,1,1,1,1,1,1,0,1,0,0,0,0,0,0,101,629,Active,11,1,0.3539,complex,6.5177,Valid Claim
CLM-000898,USR-0268,PRD-0782,Laptop,HP,HP-450C,SNZB3I4FIEEC,Local Electronics Dealer,2023-10-08,275090,12,0,0,2023-10-08,2024-10-08,2026-01-29,2026-01-31,Battery Swelling,1,Functional,44347,2,Unregistered Technician,1,0,1,1,1,1,1,1,0,1,0,0,0,0,0,0,846,-480,Expired,2,1,0.1612,normal,-1.0571,Manual Review
CLM-000899,USR-0100,PRD-0407,Washing Machine,LG,LG-138A,SNJZEYQQCXZP,Naheed Online,2026-06-06,135087,24,0,0,2026-06-06,2028-06-06,2026-07-12,2026-09-23,Rodent Damage,0,Installation,87369,2,Unregistered Technician,1,1,1,1,1,0,1,1,1,1,1,0,1,0,0,1,109,622,Active,73,0,0.6468,complex,-6.0703,Manual Review
CLM-000900,USR-0396,PRD-0698,Smartphone,Oppo,OPP-805F,SNONYPEE9N61,HKB Store,2022-12-09,119836,12,0,0,2022-12-09,2023-12-09,2025-02-22,2025-05-02,Screen Crack,0,User Induced,79790,0,None,0,0,1,1,1,0,1,1,1,1,0,0,0,0,0,0,875,-510,Expired,69,0,0.6658,contradictory,-7.1439,Invalid Claim
CLM-000901,USR-0331,PRD-0437,Smartphone,Xiaomi,XIA-936G,SNAOPVBW2P5J,Imtiaz Super Market,2024-10-11,167974,12,0,0,2024-10-11,2025-10-11,2024-10-15,2024-10-26,Water Damage,0,Physical,121478,1,Authorised Service Centre Lahore,0,0,1,1,1,1,1,1,0,1,0,0,0,0,0,0,15,350,Active,11,1,0.7232,normal,2.2762,Manual Review
CLM-000903,USR-0001,PRD-0433,Laptop,Acer,ACE-845F,SNB6NWY1MTJY,Imtiaz Super Market,2024-02-09,411175,12,1,24,2024-02-09,2027-02-09,2024-06-15,2024-08-20,Storage Failure,1,Functional,84744,0,None,0,0,0,0,1,1,1,1,2,1,0,0,0,0,0,0,193,903,Active,66,0,0.2061,incomplete,6.3264,Valid Claim
CLM-000904,USR-0067,PRD-0788,Washing Machine,LG,LG-230P,SNIQFJ097NDG,Metro Cash And Carry,2023-12-03,129662,24,0,0,2023-12-03,2025-12-03,2024-06-18,2024-06-22,Motor Failure,1,Functional,26194,0,None,0,0,0,0,1,1,1,1,2,0,0,0,0,0,0,0,202,529,Active,4,1,0.202,incomplete,3.7325,Valid Claim
CLM-000905,USR-0316,PRD-0816,Air Conditioner,Dawlance,DAW-259B,SNPREZIB2TV9,Naheed Online,2024-10-04,275986,12,0,0,2024-10-04,2025-10-04,2025-10-31,2025-11-03,Lack Of Servicing,0,User Induced,232441,0,None,0,0,1,0,1,1,1,1,1,1,0,0,0,0,0,0,395,-30,Expired,3,1,0.8422,borderline,-6.0407,Invalid Claim
CLM-000906,USR-0393,PRD-0333,Air Conditioner,Haier,HAI-209A,SNRZ0XV6DDD2,Naheed Online,2025-09-06,95102,12,0,0,2025-09-06,2026-09-06,2026-07-26,2025-08-31,PCB Fault,1,Functional,49952,0,None,0,0,1,1,1,1,1,1,0,1,0,1,0,0,0,1,-6,371,Active,-329,0,0.5252,contradictory,6.0016,Valid Claim
CLM-000908,USR-0004,PRD-0100,Laptop,HP,HP-433A,SN9HD6GN33U4,Daraz,2023-04-11,453648,12,0,0,2023-04-11,2024-04-11,2026-01-25,2026-01-29,Liquid Spill,0,Environmental,214992,0,None,0,0,0,0,1,1,0,1,3,1,0,0,0,0,0,0,1024,-658,Expired,4,1,0.4739,incomplete,-8.6585,Invalid Claim
CLM-000909,USR-0169,PRD-0524,Laptop,Asus,ASU-822N,SNS567JHL16C,Naheed Online,2023-04-11,105968,12,0,0,2023-04-11,2024-04-11,2026-04-15,2026-04-22,Screen Crack,0,Environmental,88112,4,Local Repair Shop,1,0,1,1,1,0,1,1,1,1,0,0,0,0,0,0,1107,-741,Expired,7,1,0.8315,complex,-7.5408,Invalid Claim
CLM-000912,USR-0010,PRD-0660,Laptop,Lenovo,LEN-588N,SNIOW2PJU7QB,Imtiaz Super Market,2022-09-06,348789,12,0,0,2022-09-06,2023-09-06,2025-12-04,2025-12-09,Physical Damage,0,User Induced,155373,4,Unregistered Technician,1,1,1,1,1,0,0,1,2,1,0,0,0,0,0,0,1190,-825,Expired,5,1,0.4455,complex,-9.4413,Invalid Claim
CLM-000913,USR-0081,PRD-0295,Laptop,Asus,ASU-176J,SNU47SOCZDQ7,Daraz,2026-04-09,216796,12,0,0,2026-04-09,2027-04-09,2026-10-03,2026-09-23,Physical Damage,0,User Induced,78554,1,Unregistered Technician,1,0,1,1,1,0,1,1,1,1,1,0,0,1,1,2,167,198,Active,-10,0,0.3623,contradictory,-6.6792,Manual Review
CLM-000914,USR-0025,PRD-0388,Refrigerator,Samsung,SAM-990J,SNOST10Z87WG,Daraz,2025-10-13,161275,12,0,0,2025-10-13,2026-10-13,2026-03-18,2026-04-15,Improper Installation,0,Physical,19279,1,Authorised Service Centre Islamabad,0,0,1,0,1,0,0,0,4,1,0,0,0,0,0,0,184,181,Active,28,1,0.1195,incomplete,-0.648,Manual Review
CLM-000916,USR-0216,PRD-0437,Washing Machine,Haier,HAI-892E,SN8OBS7587H9,HKB Store,2024-10-18,106421,24,0,0,2024-10-18,2026-10-18,2025-04-28,2025-07-27,Motor Failure,1,Functional,70295,0,None,0,0,0,0,0,0,1,1,4,1,0,0,0,0,0,0,282,448,Active,90,0,0.6605,incomplete,5.2064,Valid Claim
CLM-000918,USR-0324,PRD-0628,Washing Machine,LG,LG-485N,SNF5CA7ZVKY2,Naheed Online,2023-03-23,55668,24,0,0,2023-03-23,2025-03-23,2025-08-30,2025-08-22,Drain Pump Failure,1,Functional,8722,0,None,0,0,0,1,1,1,1,1,1,0,0,0,0,1,1,2,883,-152,Expired,-8,0,0.1567,contradictory,-6.9174,Manual Review
CLM-000920,USR-0246,PRD-0303,Refrigerator,Haier,HAI-486L,SNMWZKPSOGOM,HKB Store,2024-07-09,275468,12,1,48,2024-07-09,2029-07-09,2026-09-30,2026-09-23,Rodent Damage,0,Environmental,57175,1,Authorised Service Centre Lahore,0,0,0,0,1,1,1,1,2,1,0,0,0,1,0,1,806,1020,Active,-7,0,0.2076,borderline,-2.5798,Invalid Claim
CLM-000921,USR-0356,PRD-0257,Washing Machine,Samsung,SAM-580H,SNTTAAZVORQ5,Naheed Online,2022-09-23,163763,24,0,0,2022-09-23,2024-09-23,2024-07-18,2024-07-22,Drain Pump Failure,1,Functional,80258,0,None,0,0,1,1,1,1,1,1,0,1,0,0,0,0,0,0,668,63,Active,4,1,0.4901,normal,9.2338,Valid Claim
CLM-000922,USR-0062,PRD-0709,Refrigerator,Samsung,SAM-120E,SN1HB1VBU6IJ,Local Electronics Dealer,2024-02-14,76173,12,0,0,2024-02-14,2025-02-14,2026-03-13,2026-03-16,Gas Leakage,1,Functional,16733,0,None,0,0,0,0,1,1,0,1,3,1,0,0,0,0,0,0,761,-395,Expired,3,1,0.2197,incomplete,-2.5317,Invalid Claim
CLM-000926,USR-0019,PRD-0455,Smartphone,Oppo,OPP-640B,SND5PU139KA7,Daraz,2023-07-12,187499,12,0,0,2023-07-12,2024-07-12,2026-06-09,2026-06-28,Charging Port Fault,1,Functional,98702,2,Authorised Service Centre Lahore,0,0,1,0,0,1,1,0,3,1,0,0,0,0,0,0,1082,-716,Expired,19,0,0.5264,normal,-1.0937,Manual Review
CLM-000929,USR-0045,PRD-0221,Air Conditioner,Haier,HAI-845H,SN0OPF060O4V,Imtiaz Super Market,2025-06-06,323610,12,0,0,2025-06-06,2026-06-06,2025-09-15,2025-09-23,Improper Installation,0,Installation,242526,0,None,0,0,1,0,0,1,1,1,2,1,0,0,0,0,0,0,109,256,Active,8,1,0.7494,contradictory,1.0379,Manual Review
CLM-000930,USR-0219,PRD-0039,Air Conditioner,Dawlance,DAW-625H,SNS63UMGTHKT,Imtiaz Super Market,2024-02-02,405031,12,1,36,2024-02-02,2028-02-02,2026-01-22,2026-02-16,Cooling Fault,1,Functional,337926,0,None,0,0,1,1,1,1,1,1,0,0,0,0,0,0,0,0,745,716,Active,25,1,0.8343,normal,6.9926,Valid Claim
CLM-000931,USR-0066,PRD-0622,Air Conditioner,Mitsubishi,MIT-369J,SNO2CUQFMZJQ,Imtiaz Super Market,2022-12-27,387858,12,0,0,2022-12-27,2023-12-27,2023-12-27,2024-01-14,Physical Damage,0,Installation,181167,2,Unregistered Technician,1,0,1,0,1,0,0,1,3,1,0,0,0,0,0,0,383,-18,Expired,18,1,0.4671,complex,-8.6706,Invalid Claim
CLM-000932,USR-0338,PRD-0494,Air Conditioner,Dawlance,DAW-846K,SNBCRU7EHHDH,Daraz,2022-11-08,367114,12,0,0,2022-11-08,2023-11-08,2024-06-12,2024-06-20,Physical Damage,0,Physical,300931,0,None,0,0,1,0,1,1,1,1,1,1,0,0,0,0,0,0,590,-225,Expired,8,1,0.8197,normal,-6.4941,Invalid Claim
CLM-000933,USR-0079,PRD-0146,Smartphone,Samsung,SAM-265M,SNSW1K9M94UZ,Local Electronics Dealer,2023-12-02,138608,12,1,12,2023-12-02,2025-12-02,2024-11-29,2024-12-17,Water Damage,0,Physical,115837,3,Local Repair Shop,1,0,1,1,1,1,0,0,2,1,0,0,0,0,0,0,381,350,Active,18,0,0.8357,normal,-1.6788,Manual Review
CLM-000935,USR-0102,PRD-0810,Washing Machine,Dawlance,DAW-538H,SN9NYMSORQET,Daraz,2026-06-23,156206,24,0,0,2026-06-23,2028-06-23,2026-09-23,2026-09-23,Drain Pump Failure,1,Functional,63440,0,None,0,0,1,1,0,1,0,1,2,1,0,0,0,0,0,0,92,639,Active,0,1,0.4061,incomplete,8.0444,Valid Claim
CLM-000936,USR-0265,PRD-0510,Smartphone,Vivo,VIV-922P,SNGS2A5KZ7G1,Authorised Brand Outlet,2024-06-04,241489,12,0,0,2024-06-04,2025-06-04,2025-09-04,2025-09-13,Battery Wear After Six Months,0,Physical,105289,3,Authorised Service Centre Karachi,0,0,1,1,1,1,1,1,0,1,0,0,0,0,0,0,466,-101,Expired,9,1,0.436,normal,-5.7242,Invalid Claim
CLM-000938,USR-0056,PRD-0812,Smartphone,Xiaomi,XIA-121C,SNFS1IYM90PK,Naheed Online,2024-03-29,228868,12,1,12,2024-03-29,2026-03-29,2026-03-26,2026-03-29,Network Module Fault,1,Functional,35505,1,Authorised Service Centre Karachi,0,0,1,1,1,1,1,1,0,1,0,0,0,0,0,0,730,0,Expired,3,1,0.1551,normal,2.5645,Manual Review
CLM-000939,USR-0386,PRD-0234,Laptop,Lenovo,LEN-533H,SNFXMBESB2LC,Naheed Online,2024-11-14,321677,12,1,24,2024-11-14,2027-11-14,2024-11-21,2024-11-22,Battery Swelling,1,Functional,257698,3,Unregistered Technician,1,0,0,1,1,1,1,0,2,1,0,0,0,0,0,0,8,1087,Active,1,1,0.8011,incomplete,5.7052,Valid Claim
CLM-000941,USR-0169,PRD-0232,Smartphone,Xiaomi,XIA-990L,SN3A1NY0TR2Z,Imtiaz Super Market,2024-11-26,96272,12,0,0,2024-11-26,2025-11-26,2025-08-04,2025-11-29,Water Damage,0,Physical,55883,1,Authorised Service Centre Lahore,0,1,1,0,1,1,1,1,1,1,0,0,0,0,0,0,368,-3,Expired,117,0,0.5805,normal,-7.9611,Invalid Claim
CLM-000944,USR-0214,PRD-0898,Laptop,Asus,ASU-821E,SNL01Q3M73HC,Authorised Brand Outlet,2023-12-30,291022,12,0,0,2023-12-30,2024-12-30,2025-11-30,2026-02-23,Motherboard Fault,1,Functional,25088,1,Authorised Service Centre Karachi,0,0,0,0,1,0,0,0,5,1,0,0,1,0,0,1,786,-420,Expired,85,0,0.0862,incomplete,-5.1875,Manual Review
CLM-000945,USR-0214,PRD-0192,Refrigerator,LG,LG-780L,SND9CSS9TOQW,Daraz,2026-08-24,136355,12,0,0,2026-08-24,2027-08-24,2026-09-23,2026-09-23,Thermostat Fault,1,Functional,53640,0,None,0,0,1,0,0,1,0,1,3,1,0,0,0,0,0,0,30,335,Active,0,1,0.3934,incomplete,7.2172,Valid Claim
CLM-000946,USR-0369,PRD-0559,Refrigerator,Haier,HAI-615P,SNFWI45A4520,Authorised Brand Outlet,2023-01-21,316602,12,0,0,2023-01-21,2024-01-21,2025-10-20,2025-10-23,Cooling Fault,1,Functional,73969,1,Local Repair Shop,1,0,1,1,1,1,1,0,1,1,0,0,0,0,1,1,1006,-641,Expired,3,1,0.2336,contradictory,-1.3682,Manual Review
CLM-000947,USR-0117,PRD-0872,Refrigerator,Orient,ORI-293G,SNV3WAGB2RH7,HKB Store,2023-07-12,228592,12,0,0,2023-07-12,2024-07-12,2024-07-29,2024-08-05,Compressor Failure,1,Functional,121286,1,Unregistered Technician,1,0,1,1,1,1,1,1,0,1,1,0,0,0,0,0,390,-24,Expired,7,1,0.5306,borderline,-1.5504,Manual Review
CLM-000949,USR-0329,PRD-0023,Smartphone,Vivo,VIV-993P,SN5PB4W6C8HS,HKB Store,2025-03-23,80832,12,0,0,2025-03-23,2026-03-23,2026-09-10,2026-09-10,Speaker Failure,1,Functional,33631,1,Local Repair Shop,1,0,1,1,1,1,1,1,0,1,0,0,0,0,0,0,536,-171,Expired,0,1,0.4161,normal,-0.0342,Manual Review
CLM-000950,USR-0319,PRD-0432,Air Conditioner,Mitsubishi,MIT-658D,SNFBTCDEDE6J,Daraz,2022-11-15,347931,12,0,0,2022-11-15,2023-11-15,2023-11-22,2023-12-01,Physical Damage,0,Environmental,253802,1,Unregistered Technician,1,0,1,0,1,1,1,1,1,1,0,0,0,0,0,0,381,-16,Expired,9,1,0.7295,borderline,-7.3684,Invalid Claim
CLM-000952,USR-0175,PRD-0591,Laptop,Lenovo,LEN-888L,SN2D49H84PUY,HKB Store,2023-05-21,179354,12,0,0,2023-05-21,2024-05-21,2026-07-11,2026-09-23,Unauthorised Software Modification,0,Physical,43240,2,Local Repair Shop,1,0,1,1,1,1,0,0,2,1,0,0,0,0,0,0,1221,-855,Expired,74,0,0.2411,normal,-8.4224,Invalid Claim
CLM-000953,USR-0350,PRD-0620,Refrigerator,Haier,HAI-713L,SN2EMY9TWCW7,HKB Store,2025-01-22,288369,12,0,0,2025-01-22,2026-01-22,2025-11-26,2025-11-27,Voltage Surge Without Stabilizer,0,Physical,208088,0,None,0,0,1,0,0,1,1,1,2,1,0,0,0,0,0,0,309,56,Nearing Expiry,1,1,0.7216,contradictory,0.6264,Manual Review
CLM-000954,USR-0170,PRD-0398,Refrigerator,Haier,HAI-226J,SNI5ZRWUO8NQ,HKB Store,2024-12-13,212236,12,0,0,2024-12-13,2025-12-13,2025-12-12,2025-12-16,Thermostat Fault,1,Functional,47083,1,Local Repair Shop,1,0,1,1,1,1,1,0,1,1,0,0,0,0,0,0,368,-3,Expired,4,1,0.2218,contradictory,0.5155,Manual Review
CLM-000955,USR-0095,PRD-0062,Laptop,Asus,ASU-588N,SNAEJPFAWXD0,Metro Cash And Carry,2024-11-20,371849,12,0,0,2024-11-20,2025-11-20,2025-02-18,2025-05-07,Keyboard Failure,1,Functional,166335,0,None,0,0,0,1,1,1,0,1,2,0,0,0,0,0,0,0,168,197,Active,78,0,0.4473,normal,2.2691,Manual Review
CLM-000957,USR-0167,PRD-0593,Refrigerator,Samsung,SAM-467B,SNV3T0KG6UMH,HKB Store,2022-08-21,304937,12,1,48,2022-08-21,2027-08-21,2025-04-09,2025-07-12,Compressor Failure,1,Functional,18048,3,Unregistered Technician,1,0,1,1,1,0,1,0,2,1,0,0,0,0,0,0,1056,770,Active,94,0,0.0592,complex,6.074,Valid Claim
CLM-000958,USR-0043,PRD-0321,Washing Machine,Dawlance,DAW-618J,SNV63041WHS0,Naheed Online,2023-01-15,52189,24,0,0,2023-01-15,2025-01-15,2026-07-15,2026-08-02,External Water Ingress,0,Environmental,42649,0,None,0,0,1,0,0,0,1,1,3,1,0,0,0,0,0,0,1295,-564,Expired,18,1,0.8172,normal,-7.2057,Invalid Claim
CLM-000961,USR-0298,PRD-0733,Smartphone,Samsung,SAM-531J,SNUY0ZIA9AU8,Metro Cash And Carry,2024-04-11,145646,12,0,0,2024-04-11,2025-04-11,2024-05-28,2024-05-30,Network Module Fault,1,Functional,52097,0,None,0,0,1,0,1,0,1,1,2,1,0,0,0,0,0,0,49,316,Active,2,1,0.3577,normal,8.6127,Valid Claim
CLM-000962,USR-0121,PRD-0627,Refrigerator,Dawlance,DAW-290L,SNUS8X9UVGEU,Authorised Brand Outlet,2022-09-28,297207,12,0,0,2022-09-28,2023-09-28,2023-09-11,2023-10-03,Physical Damage,0,Environmental,79859,2,Local Repair Shop,1,0,1,1,1,1,1,0,1,0,0,0,0,0,0,0,370,-5,Expired,22,1,0.2687,normal,-8.9735,Invalid Claim
CLM-000963,USR-0208,PRD-0835,Refrigerator,Orient,ORI-362H,SNIR7097RF8J,Imtiaz Super Market,2023-12-14,122260,12,0,0,2023-12-14,2024-12-14,2024-11-21,2025-03-08,Cooling Fault,1,Functional,36005,0,None,0,0,0,1,1,1,0,1,2,1,0,0,0,0,0,0,450,-84,Expired,107,0,0.2945,incomplete,-2.7673,Invalid Claim
CLM-000964,USR-0368,PRD-0353,Air Conditioner,Haier,HAI-485D,SNF3ZF5ZSN8E,Metro Cash And Carry,2023-02-17,230496,12,0,0,2023-02-17,2024-02-17,2024-01-26,2024-02-18,Cooling Fault,1,Functional,98096,2,Authorised Service Centre Karachi,0,1,0,0,0,0,0,0,6,1,0,0,0,0,0,0,366,-1,Expired,23,1,0.4256,incomplete,-2.9843,Invalid Claim
CLM-000965,USR-0382,PRD-0715,Air Conditioner,Mitsubishi,MIT-298G,SN4VO4C23X5U,Imtiaz Super Market,2023-08-19,158510,12,0,0,2023-08-19,2024-08-19,2025-03-12,2025-06-15,Voltage Surge Without Stabilizer,0,Installation,38392,3,Authorised Service Centre Karachi,0,1,1,1,1,1,1,1,0,1,0,0,0,0,0,0,666,-300,Expired,95,0,0.2422,complex,-8.2412,Invalid Claim
CLM-000967,USR-0065,PRD-0224,Refrigerator,LG,LG-641G,SNZ4VOYBJ7SO,Local Electronics Dealer,2023-07-09,165090,12,1,48,2023-07-09,2028-07-09,2026-09-23,2026-09-23,Voltage Surge Without Stabilizer,0,User Induced,71105,3,Local Repair Shop,1,0,1,1,1,1,1,1,0,0,0,0,0,0,0,0,1172,655,Active,0,1,0.4307,normal,-1.3851,Manual Review
CLM-000970,USR-0321,PRD-0484,Air Conditioner,Haier,HAI-420D,SNC4H6TVD1ZO,Metro Cash And Carry,2024-10-25,352434,12,1,36,2024-10-25,2028-10-25,2026-09-14,2026-09-22,Fan Motor Failure,1,Functional,143580,0,None,0,0,1,1,1,1,1,1,0,0,0,0,0,0,0,0,697,764,Active,8,1,0.4074,contradictory,7.5144,Valid Claim
CLM-000971,USR-0388,PRD-0423,Laptop,Dell,DEL-891H,SNPI5520TKZG,Imtiaz Super Market,2022-09-14,233544,12,1,24,2022-09-14,2025-09-14,2024-01-14,2024-02-07,Motherboard Fault,1,Functional,189654,0,None,0,1,1,1,1,1,1,1,0,1,0,0,0,0,0,0,511,585,Active,24,0,0.8121,normal,7.0761,Valid Claim
CLM-000972,USR-0347,PRD-0732,Air Conditioner,TCL,TCL-650K,SNAKV3UDLWRF,Daraz,2025-06-17,260322,12,0,0,2025-06-17,2026-06-17,2026-03-23,2026-04-02,Fan Motor Failure,1,Functional,48213,3,Authorised Service Centre Lahore,0,0,1,1,1,1,1,1,0,1,0,0,0,0,0,0,289,76,Active,10,1,0.1852,complex,8.3059,Valid Claim
CLM-000973,USR-0290,PRD-0178,Smartphone,Xiaomi,XIA-337E,SNHMXIY309LW,Daraz,2024-05-15,295619,12,0,0,2024-05-15,2025-05-15,2025-05-13,2025-08-06,Battery Wear After Six Months,0,Physical,80382,0,None,0,0,0,1,0,0,0,1,4,1,0,0,0,0,0,0,448,-83,Expired,85,0,0.2719,incomplete,-9.0015,Invalid Claim
CLM-000974,USR-0386,PRD-0677,Laptop,HP,HP-242A,SNE1YEND6BWB,Imtiaz Super Market,2023-01-04,326353,12,0,0,2023-01-04,2024-01-04,2023-05-01,2023-05-12,Storage Failure,1,Functional,123390,0,None,0,0,0,0,1,0,0,1,4,1,0,0,0,0,0,0,128,237,Active,11,1,0.3781,incomplete,5.7113,Valid Claim
CLM-000975,USR-0060,PRD-0594,Laptop,Lenovo,LEN-898E,SNDWBNULIBTT,Naheed Online,2024-05-18,394934,12,0,0,2024-05-18,2025-05-18,2024-09-17,2024-11-30,Liquid Spill,0,Physical,258797,1,Unregistered Technician,1,0,0,0,0,0,0,1,5,1,0,0,0,0,0,0,196,169,Active,74,0,0.6553,incomplete,-4.6522,Invalid Claim
CLM-000976,USR-0179,PRD-0070,Refrigerator,Orient,ORI-991A,SNPUU62RZV1S,Naheed Online,2026-01-03,60546,12,0,0,2026-01-03,2027-01-03,2026-03-06,2026-03-10,Thermostat Fault,1,Functional,8952,0,None,0,0,1,1,1,0,0,1,2,1,0,0,0,0,0,0,66,299,Active,4,1,0.1479,incomplete,7.1925,Valid Claim
CLM-000977,USR-0380,PRD-0046,Laptop,Dell,DEL-511H,SNIH5CSK30LV,Local Electronics Dealer,2023-08-30,319063,12,0,0,2023-08-30,2024-08-30,2023-12-23,2024-03-22,Unauthorised Software Modification,0,Installation,168537,2,Authorised Service Centre Lahore,0,0,1,1,1,0,1,0,2,1,0,0,0,0,0,0,205,161,Active,90,0,0.5282,normal,0.1734,Manual Review
CLM-000980,USR-0043,PRD-0187,Washing Machine,LG,LG-843D,SNWHS14ECI9R,Authorised Brand Outlet,2024-01-30,86910,24,0,0,2024-01-30,2026-01-30,2026-08-06,2026-08-19,Drain Pump Failure,1,Functional,40713,1,Unregistered Technician,1,0,1,1,1,1,1,0,1,1,0,0,0,0,0,0,932,-201,Expired,13,1,0.4685,complex,-0.3476,Manual Review
CLM-000983,USR-0030,PRD-0214,Refrigerator,Dawlance,DAW-356J,SNDL4JM0D6FW,Authorised Brand Outlet,2025-07-23,146723,12,1,48,2025-07-23,2030-07-23,2026-09-23,2026-09-23,Gas Leakage,1,Functional,79814,0,None,0,0,0,1,1,1,1,1,1,1,0,0,0,0,0,0,427,1399,Active,0,1,0.544,contradictory,8.4117,Valid Claim
CLM-000984,USR-0067,PRD-0720,Refrigerator,Samsung,SAM-790B,SNL6SS1A2R5B,Imtiaz Super Market,2026-01-28,111087,12,1,48,2026-01-28,2031-01-28,2026-08-10,2026-09-23,Physical Damage,0,Environmental,33501,0,None,0,0,1,1,1,1,1,1,0,1,1,0,0,0,0,0,238,1588,Active,44,0,0.3016,normal,-0.74,Manual Review
CLM-000985,USR-0343,PRD-0623,Refrigerator,Samsung,SAM-608A,SN9NAPDHY2XL,Metro Cash And Carry,2024-12-25,122889,12,0,0,2024-12-25,2025-12-25,2025-11-18,2025-11-20,Thermostat Fault,1,Functional,104310,0,None,0,0,1,1,1,1,1,1,0,1,0,0,0,0,0,0,330,35,Nearing Expiry,2,1,0.8488,normal,8.8948,Valid Claim
CLM-000986,USR-0033,PRD-0716,Air Conditioner,TCL,TCL-695D,SNJ6SAFK9KKV,Naheed Online,2024-01-14,327858,12,0,0,2024-01-14,2025-01-14,2024-10-03,2024-10-10,Compressor Failure,1,Functional,103700,0,None,0,0,0,0,0,0,1,1,4,1,0,0,0,0,0,0,270,96,Active,7,1,0.3163,incomplete,6.5405,Valid Claim
CLM-000987,USR-0101,PRD-0471,Laptop,Dell,DEL-282H,SNQ6SRP7B4HJ,Daraz,2024-11-06,229714,12,0,0,2024-11-06,2025-11-06,2025-03-25,2025-04-01,Battery Swelling,1,Functional,176866,1,Authorised Service Centre Lahore,0,0,0,0,1,1,1,1,2,1,0,0,0,0,0,0,146,219,Active,7,1,0.7699,normal,5.8514,Valid Claim
CLM-000988,USR-0015,PRD-0506,Washing Machine,Dawlance,DAW-536L,SNF2L9ICO4F0,Daraz,2022-11-10,132543,24,0,0,2022-11-10,2024-11-10,2023-01-04,2023-01-07,Improper Installation,0,Environmental,49249,1,Unregistered Technician,1,0,0,0,0,1,0,0,5,1,0,0,0,0,0,0,58,673,Active,3,1,0.3716,incomplete,-3.2193,Invalid Claim
CLM-000989,USR-0060,PRD-0124,Laptop,Dell,DEL-999N,SNSFE0X7H2CP,Metro Cash And Carry,2025-12-20,476588,12,0,0,2025-12-20,2026-12-20,2026-05-23,2026-05-26,Battery Swelling,1,Functional,386084,2,Authorised Service Centre Karachi,0,0,1,1,1,0,1,0,2,1,0,0,0,0,0,0,157,208,Active,3,1,0.8101,normal,8.7192,Valid Claim
CLM-000991,USR-0163,PRD-0383,Refrigerator,Samsung,SAM-850L,SNF43IQQC9ID,Daraz,2024-06-11,109184,12,0,0,2024-06-11,2025-06-11,2026-06-02,2026-06-08,Physical Damage,0,Environmental,90026,2,Unregistered Technician,1,0,1,1,1,1,1,1,0,1,0,0,0,0,0,0,727,-362,Expired,6,1,0.8245,normal,-7.6268,Invalid Claim
CLM-000993,USR-0211,PRD-0237,Air Conditioner,Dawlance,DAW-682E,SNV73L5KKYNL,Metro Cash And Carry,2025-12-06,324759,12,0,0,2025-12-06,2026-12-06,2026-09-02,2026-09-11,Cooling Fault,1,Functional,233601,0,None,0,0,1,1,1,1,1,1,0,1,0,0,0,0,0,0,279,86,Active,9,1,0.7193,normal,8.4018,Valid Claim
CLM-000994,USR-0243,PRD-0319,Laptop,HP,HP-510C,SN1WODGZDN9S,Daraz,2023-11-01,321939,12,0,0,2023-11-01,2024-11-01,2024-01-07,2024-01-12,Screen Crack,0,Environmental,126375,1,Authorised Service Centre Islamabad,0,0,1,1,1,1,1,1,0,1,0,0,0,0,0,0,72,294,Active,5,1,0.3925,normal,2.9023,Manual Review
CLM-000997,USR-0343,PRD-0400,Refrigerator,Haier,HAI-532E,SNDAX6KDD49I,Daraz,2024-05-20,72078,12,0,0,2024-05-20,2025-05-20,2026-09-20,2026-09-23,Compressor Failure,1,Functional,28739,0,None,0,0,0,1,1,1,1,1,1,1,0,0,0,0,0,0,856,-491,Expired,3,1,0.3987,normal,0.1087,Manual Review
CLM-000998,USR-0105,PRD-0309,Air Conditioner,Haier,HAI-316N,SNEJLA0GNZS4,HKB Store,2024-02-17,113811,12,0,0,2024-02-17,2025-02-17,2024-08-02,2024-09-01,Physical Damage,0,Environmental,25768,1,Authorised Service Centre Karachi,0,0,1,0,1,0,1,0,3,1,0,0,0,0,0,0,197,169,Active,30,1,0.2264,incomplete,1.3736,Manual Review
CLM-001000,USR-0371,PRD-0063,Air Conditioner,Mitsubishi,MIT-321B,SNRLIAGP34SL,Naheed Online,2024-07-10,210523,12,1,36,2024-07-10,2028-07-10,2026-03-02,2026-03-07,Lack Of Servicing,0,Environmental,91561,0,None,0,0,1,1,1,1,1,1,0,1,0,0,0,0,0,0,605,856,Active,5,1,0.4349,normal,3.5046,Valid Claim
CLM-001004,USR-0121,PRD-0732,Refrigerator,Samsung,SAM-679J,SNESZYAQD5ZB,Daraz,2023-08-15,311481,12,0,0,2023-08-15,2024-08-15,2026-03-31,2026-06-13,Cooling Fault,1,Functional,210039,2,Unregistered Technician,1,0,1,1,0,1,0,0,3,1,0,0,0,0,0,0,1033,-667,Expired,74,0,0.6743,incomplete,-3.4885,Invalid Claim
CLM-001006,USR-0021,PRD-0139,Laptop,Acer,ACE-490H,SNNGAY37VG68,Local Electronics Dealer,2024-03-03,318257,12,0,0,2024-03-03,2025-03-03,2025-04-17,2025-04-21,Battery Swelling,1,Functional,40627,0,None,0,0,0,1,1,1,1,1,1,1,0,0,0,0,0,0,414,-49,Expired,4,1,0.1277,borderline,-0.3923,Manual Review
CLM-001007,USR-0376,PRD-0761,Smartphone,Oppo,OPP-945M,SN0A67RL2YJ0,Naheed Online,2025-03-21,328295,12,1,12,2025-03-21,2027-03-21,2026-06-03,2026-06-07,Network Module Fault,1,Functional,178333,0,None,0,0,1,0,1,0,1,1,2,1,0,0,0,0,0,0,443,287,Active,4,1,0.5432,normal,8.8361,Valid Claim
CLM-001008,USR-0061,PRD-0472,Air Conditioner,Mitsubishi,MIT-598H,SNKD0RNGCT2X,Imtiaz Super Market,2026-07-18,265958,12,0,0,2026-07-18,2027-07-18,2026-09-23,2026-09-23,Voltage Surge Without Stabilizer,0,Installation,121914,2,Unregistered Technician,1,0,1,1,1,0,1,1,1,1,0,0,0,0,0,0,67,298,Active,0,1,0.4584,borderline,0.5031,Manual Review
CLM-001010,USR-0342,PRD-0544,Refrigerator,Haier,HAI-672K,SNL1P36P6QF5,Naheed Online,2026-06-01,300509,12,0,0,2026-06-01,2027-06-01,2026-07-09,2026-07-19,Improper Installation,0,Installation,218971,0,None,0,0,1,0,1,0,1,1,2,1,0,0,0,0,0,0,48,317,Active,10,1,0.7287,normal,0.3675,Manual Review
CLM-001011,USR-0395,PRD-0467,Refrigerator,Dawlance,DAW-516E,SNBVYSIKJAZF,HKB Store,2025-11-18,246063,12,0,0,2025-11-18,2026-11-18,2026-02-26,2026-03-02,Physical Damage,0,User Induced,132364,1,Local Repair Shop,1,0,1,1,1,1,1,0,1,1,0,0,0,0,0,0,104,261,Active,4,1,0.5379,normal,0.5931,Manual Review
CLM-001013,USR-0121,PRD-0163,Smartphone,Samsung,SAM-746H,SNRVLWT8EHA9,Naheed Online,2025-06-28,39455,12,0,0,2025-06-28,2026-06-28,2025-10-11,2025-10-17,Screen Crack,0,Environmental,30649,2,Unregistered Technician,1,0,1,0,1,1,1,1,1,0,0,0,0,0,0,0,111,254,Active,6,1,0.7768,contradictory,-3.4862,Invalid Claim
CLM-001018,USR-0012,PRD-0594,Washing Machine,Haier,HAI-976P,SNDU0FIYHQ3Y,HKB Store,2025-09-28,68588,24,1,12,2025-09-28,2028-09-28,2026-09-15,2026-09-23,Physical Damage,0,Environmental,10086,1,Authorised Service Centre Karachi,0,0,1,1,1,1,1,1,0,1,0,0,1,0,0,1,360,736,Active,8,1,0.1471,normal,2.3745,Manual Review
CLM-001019,USR-0035,PRD-0076,Smartphone,Vivo,VIV-884K,SNARR5TGI7XL,Naheed Online,2025-06-12,182165,12,0,0,2025-06-12,2026-06-12,2026-07-08,2026-07-13,Battery Wear After Six Months,0,Installation,128327,3,Authorised Service Centre Lahore,0,0,1,0,1,1,1,1,1,1,0,0,0,0,0,0,396,-31,Expired,5,1,0.7045,borderline,-6.5778,Invalid Claim
CLM-001020,USR-0350,PRD-0872,Washing Machine,LG,LG-471D,SNIIJUQW4QD1,Local Electronics Dealer,2022-09-07,70345,24,0,0,2022-09-07,2024-09-07,2024-08-03,2024-08-07,Physical Damage,0,Physical,49144,1,Authorised Service Centre Karachi,0,0,1,1,1,1,0,1,1,1,0,0,0,0,0,0,700,31,Nearing Expiry,4,1,0.6986,borderline,1.2225,Manual Review
CLM-001021,USR-0242,PRD-0781,Smartphone,Samsung,SAM-224E,SNM5QXAEXF32,Local Electronics Dealer,2022-12-02,181060,12,0,0,2022-12-02,2023-12-02,2023-06-22,2023-06-14,Network Module Fault,1,Functional,145050,1,Authorised Service Centre Lahore,0,0,1,0,1,1,1,1,1,1,0,0,0,1,0,1,194,171,Active,-8,0,0.8011,normal,4.1914,Valid Claim
CLM-001022,USR-0333,PRD-0667,Washing Machine,Haier,HAI-179J,SNB3YYM33MG1,Local Electronics Dealer,2025-02-08,186067,24,0,0,2025-02-08,2027-02-08,2026-07-10,2026-09-23,Water Inlet Valve Fault,1,Functional,21382,1,Authorised Service Centre Islamabad,0,0,1,1,1,1,1,1,0,1,0,0,0,0,0,0,592,138,Active,75,0,0.1149,complex,7.9834,Valid Claim
CLM-001023,USR-0012,PRD-0572,Refrigerator,LG,LG-762K,SNW69HZGOPJD,Daraz,2025-11-29,118847,12,1,48,2025-11-29,2030-11-29,2026-09-23,2026-09-23,Cooling Fault,1,Functional,7913,3,Local Repair Shop,1,0,1,1,1,1,1,0,1,1,0,0,0,0,0,0,298,1528,Active,0,1,0.0666,complex,8.529,Valid Claim
CLM-001025,USR-0264,PRD-0336,Smartphone,Vivo,VIV-188G,SNYGFLIJI18K,Local Electronics Dealer,2025-01-19,237593,12,0,0,2025-01-19,2026-01-19,2025-11-06,2025-11-26,Battery Wear After Six Months,0,Environmental,169069,2,Local Repair Shop,1,0,1,1,1,1,1,1,0,1,0,0,0,0,0,0,311,54,Nearing Expiry,20,0,0.7116,normal,-0.3705,Manual Review
CLM-001026,USR-0260,PRD-0500,Laptop,Lenovo,LEN-591E,SNRT7DKPZ4FN,Authorised Brand Outlet,2024-04-17,174897,12,0,0,2024-04-17,2025-04-17,2025-01-27,2025-05-24,Screen Crack,0,Installation,128378,0,None,0,0,1,1,1,0,1,1,1,1,0,0,0,0,0,0,402,-37,Expired,117,0,0.734,normal,-6.9466,Invalid Claim
CLM-001027,USR-0249,PRD-0698,Smartphone,Vivo,VIV-128N,SNUZ73BZDKCL,Imtiaz Super Market,2025-08-26,39652,12,0,0,2025-08-26,2026-08-26,2026-05-11,2026-05-15,Speaker Failure,1,Functional,14188,0,None,0,0,1,1,1,0,1,1,1,1,0,0,0,0,0,0,262,103,Active,4,1,0.3578,normal,8.875,Valid Claim
CLM-001029,USR-0182,PRD-0332,Refrigerator,Orient,ORI-806F,SNNBDT37QYN5,Daraz,2025-04-13,164502,12,0,0,2025-04-13,2026-04-13,2026-03-26,2026-07-01,Thermostat Fault,1,Functional,16192,1,Authorised Service Centre Islamabad,0,0,1,1,1,1,1,1,0,0,0,0,0,0,0,0,444,-79,Expired,97,0,0.0984,borderline,-2.5282,Invalid Claim
CLM-001031,USR-0204,PRD-0747,Smartphone,Oppo,OPP-909M,SN5TG5JTV75S,Authorised Brand Outlet,2026-01-08,95630,12,1,12,2026-01-08,2028-01-08,2026-09-27,2026-09-23,Speaker Failure,1,Functional,65467,1,Authorised Service Centre Lahore,0,0,1,0,1,1,1,0,2,1,0,0,0,1,0,1,258,472,Active,-4,0,0.6846,complex,5.9418,Valid Claim
CLM-001032,USR-0395,PRD-0721,Laptop,HP,HP-676C,SNYNDS5TFMJ7,Local Electronics Dealer,2025-12-31,442731,12,0,0,2025-12-31,2026-12-31,2026-04-05,2026-05-20,Physical Damage,0,User Induced,198779,4,Unregistered Technician,1,1,1,1,1,0,1,0,2,1,0,0,0,0,0,0,140,225,Active,45,0,0.449,complex,-2.3388,Invalid Claim
CLM-001033,USR-0348,PRD-0088,Air Conditioner,Dawlance,DAW-448G,SN2Y21IBZRBY,Daraz,2023-06-30,358267,12,0,0,2023-06-30,2024-06-30,2024-05-23,2024-06-08,Improper Installation,0,User Induced,136664,0,None,0,0,1,1,1,1,1,1,0,1,0,0,0,0,0,0,344,22,Nearing Expiry,16,1,0.3815,borderline,2.4165,Manual Review
CLM-001036,USR-0328,PRD-0215,Smartphone,Oppo,OPP-973G,SNWBZ2S15GCO,Imtiaz Super Market,2022-11-30,108131,12,0,0,2022-11-30,2023-11-30,2025-02-15,2025-02-21,Physical Damage,0,Environmental,39702,0,None,0,0,1,1,1,0,0,1,2,1,0,0,0,0,0,0,814,-449,Expired,6,1,0.3672,incomplete,-6.288,Invalid Claim
CLM-001038,USR-0289,PRD-0757,Refrigerator,LG,LG-291A,SNJCML8804FI,HKB Store,2024-09-04,189379,12,1,48,2024-09-04,2029-09-04,2025-10-04,2025-10-11,Gas Leakage,1,Functional,149312,0,None,0,0,1,0,1,0,0,1,3,1,0,0,0,0,0,0,402,1424,Active,7,1,0.7884,contradictory,7.731,Valid Claim
CLM-001039,USR-0042,PRD-0419,Laptop,HP,HP-531J,SN9UW165AEJT,Naheed Online,2025-01-11,402480,12,0,0,2025-01-11,2026-01-11,2025-07-16,2025-07-21,Storage Failure,1,Functional,103929,2,Authorised Service Centre Islamabad,0,0,1,1,1,0,1,0,2,1,0,0,0,0,0,0,191,174,Active,5,1,0.2582,complex,8.5303,Valid Claim
CLM-001041,USR-0317,PRD-0737,Laptop,Acer,ACE-497K,SNKSO5XB7401,HKB Store,2024-05-22,278515,12,0,0,2024-05-22,2025-05-22,2025-06-22,2025-07-17,Liquid Spill,0,Environmental,56346,1,Authorised Service Centre Islamabad,0,0,0,1,1,1,1,1,1,1,0,0,0,0,0,0,421,-56,Expired,25,0,0.2023,borderline,-9.0268,Invalid Claim
CLM-001043,USR-0155,PRD-0434,Laptop,Asus,ASU-967D,SNVB2QKH2SQX,Imtiaz Super Market,2024-06-02,118162,12,0,0,2024-06-02,2025-06-02,2026-07-22,2026-07-22,Liquid Spill,0,User Induced,93465,0,None,0,0,0,1,1,1,1,1,1,1,0,0,0,0,0,0,780,-415,Expired,0,1,0.791,normal,-8.2138,Invalid Claim
CLM-001044,USR-0267,PRD-0470,Air Conditioner,TCL,TCL-664B,SN2JAVYEJL0T,Imtiaz Super Market,2024-11-04,122269,12,0,0,2024-11-04,2025-11-04,2025-11-28,2025-12-24,Improper Installation,0,Environmental,50806,0,None,0,0,1,1,1,1,1,1,0,1,0,0,0,0,0,0,415,-50,Expired,26,1,0.4155,borderline,-5.0484,Invalid Claim
CLM-001046,USR-0331,PRD-0729,Air Conditioner,Dawlance,DAW-602H,SN2DHYLURTP0,Daraz,2025-04-19,303085,12,0,0,2025-04-19,2026-04-19,2025-12-06,2025-12-13,Voltage Surge Without Stabilizer,0,Physical,133618,0,None,0,0,1,1,1,1,1,1,0,1,0,0,0,0,0,0,238,127,Active,7,1,0.4409,normal,2.6814,Manual Review
CLM-001047,USR-0171,PRD-0564,Refrigerator,Dawlance,DAW-663B,SN05UQ9GYNSZ,HKB Store,2026-01-12,262585,12,1,48,2026-01-12,2031-01-12,2026-09-23,2026-09-23,Gas Leakage,1,Functional,36670,1,Authorised Service Centre Lahore,0,0,1,1,1,1,0,0,2,1,0,0,0,0,0,0,254,1572,Active,0,1,0.1397,borderline,8.4535,Valid Claim
CLM-001048,USR-0030,PRD-0876,Laptop,Acer,ACE-377J,SNHGBUHVSNGO,Local Electronics Dealer,2023-04-03,335570,12,0,0,2023-04-03,2024-04-03,2025-10-07,2025-10-07,Liquid Spill,0,Installation,128683,2,Local Repair Shop,1,0,1,1,1,1,1,0,1,1,0,0,0,0,0,0,918,-552,Expired,0,1,0.3835,normal,-7.1192,Invalid Claim
CLM-001050,USR-0118,PRD-0848,Air Conditioner,TCL,TCL-894J,SN7TBS4DKFFV,Imtiaz Super Market,2024-04-18,142406,12,0,0,2024-04-18,2025-04-18,2025-03-14,2025-04-01,Physical Damage,0,User Induced,115080,2,Local Repair Shop,1,0,0,1,1,1,1,1,1,1,0,0,0,0,0,0,348,17,Nearing Expiry,18,1,0.8081,borderline,-1.8539,Manual Review
CLM-001051,USR-0322,PRD-0015,Laptop,Acer,ACE-297E,SNK6P0N17UXH,Authorised Brand Outlet,2024-01-11,120007,12,0,0,2024-01-11,2025-01-11,2026-08-18,2026-09-03,Unauthorised Software Modification,0,Physical,39645,0,None,0,0,1,0,1,1,1,1,1,0,0,0,0,0,1,1,966,-600,Expired,16,0,0.3304,contradictory,-11.8868,Manual Review
CLM-001052,USR-0353,PRD-0230,Washing Machine,LG,LG-768K,SNKQN8OY7GNJ,Local Electronics Dealer,2025-09-20,69541,24,0,0,2025-09-20,2027-09-20,2026-09-23,2026-09-23,Control Board Fault,1,Functional,44985,1,Local Repair Shop,1,0,1,1,1,0,1,1,1,1,0,0,0,0,0,0,368,362,Active,0,1,0.6469,normal,7.4983,Valid Claim
CLM-001053,USR-0217,PRD-0132,Laptop,Lenovo,LEN-355M,SNGMTEXZWE0Q,Metro Cash And Carry,2025-04-18,148264,12,0,0,2025-04-18,2026-04-18,2026-08-10,2026-07-24,Fan Failure,1,Functional,62476,1,Authorised Service Centre Karachi,0,0,0,1,1,1,0,1,2,1,0,0,0,1,0,1,462,-97,Expired,-17,0,0.4214,borderline,-4.713,Invalid Claim
CLM-001054,USR-0103,PRD-0622,Air Conditioner,TCL,TCL-246P,SNXWWC05SORH,Authorised Brand Outlet,2024-07-05,145501,12,0,0,2024-07-05,2025-07-05,2025-11-20,2025-11-23,Lack Of Servicing,0,User Induced,93067,1,Authorised Service Centre Lahore,0,0,1,0,0,1,0,1,3,1,1,0,1,0,0,1,506,-141,Expired,3,1,0.6396,contradictory,-11.0073,Manual Review
CLM-001055,USR-0295,PRD-0098,Washing Machine,Samsung,SAM-220N,SNIUZV3ZBXPQ,HKB Store,2025-02-16,73258,24,0,0,2025-02-16,2027-02-16,2026-09-23,2026-09-23,Motor Failure,1,Functional,38260,1,Local Repair Shop,1,0,1,1,1,1,1,0,1,1,0,0,0,0,0,0,584,146,Active,0,1,0.5223,borderline,7.8986,Valid Claim
CLM-001057,USR-0164,PRD-0027,Air Conditioner,Dawlance,DAW-991L,SNVRCAM8MAVB,Imtiaz Super Market,2024-10-04,112555,12,0,0,2024-10-04,2025-10-04,2025-11-10,2026-02-06,Improper Installation,0,Physical,72981,1,Authorised Service Centre Lahore,0,0,1,1,1,1,1,1,0,1,0,0,0,0,0,0,490,-125,Expired,88,0,0.6484,borderline,-7.0346,Invalid Claim
CLM-001058,USR-0365,PRD-0466,Air Conditioner,TCL,TCL-914F,SN4I11QJD5LN,Authorised Brand Outlet,2022-09-20,355700,12,0,0,2022-09-20,2023-09-20,2023-05-13,2023-07-25,Voltage Surge Without Stabilizer,0,User Induced,98521,2,Authorised Service Centre Islamabad,0,0,0,1,1,1,0,0,3,1,0,0,0,0,1,1,308,57,Nearing Expiry,73,0,0.277,contradictory,-4.1053,Manual Review
CLM-001060,USR-0089,PRD-0373,Laptop,HP,HP-184J,SN4PQLOY5D5Q,Daraz,2023-05-05,139380,12,0,0,2023-05-05,2024-05-05,2024-05-04,2024-05-05,Screen Crack,0,Physical,61924,2,Authorised Service Centre Islamabad,0,0,1,1,1,0,1,1,1,1,0,0,0,0,0,0,366,0,Expired,1,1,0.4443,borderline,-4.8986,Invalid Claim
CLM-001061,USR-0233,PRD-0085,Air Conditioner,TCL,TCL-387N,SNHAWV8AB40O,Naheed Online,2023-07-06,118267,12,0,0,2023-07-06,2024-07-06,2024-01-04,2024-01-10,PCB Fault,1,Functional,55628,0,None,0,0,1,1,1,0,1,1,1,1,0,0,0,0,0,0,188,178,Active,6,1,0.4704,normal,9.6442,Valid Claim
CLM-001062,USR-0117,PRD-0576,Laptop,HP,HP-639E,SNA0WQOFYC5E,Metro Cash And Carry,2025-08-19,92848,12,0,0,2025-08-19,2026-08-19,2026-08-26,2026-09-01,Motherboard Fault,1,Functional,59159,2,Unregistered Technician,1,0,1,1,1,0,1,0,2,1,0,0,0,0,1,1,378,-13,Expired,6,1,0.6372,normal,-2.1467,Invalid Claim
CLM-001063,USR-0039,PRD-0023,Refrigerator,Samsung,SAM-166D,SN6PE63LBQGU,HKB Store,2026-05-26,127848,12,0,0,2026-05-26,2027-05-26,2026-08-24,2026-08-30,Voltage Surge Without Stabilizer,0,Physical,100225,0,None,0,0,1,1,0,0,1,1,2,1,0,0,0,0,0,0,96,269,Active,6,1,0.7839,incomplete,1.8692,Manual Review
CLM-001064,USR-0209,PRD-0752,Air Conditioner,Dawlance,DAW-984F,SNX1D3PYDRO6,Local Electronics Dealer,2022-10-06,407930,12,0,0,2022-10-06,2023-10-06,2022-10-14,2022-11-25,PCB Fault,1,Functional,96363,3,Authorised Service Centre Lahore,0,0,1,1,1,1,1,1,0,1,0,0,0,0,0,0,50,315,Active,42,0,0.2362,complex,7.3356,Valid Claim
CLM-001068,USR-0066,PRD-0608,Air Conditioner,Gree,GRE-983L,SN27PSQZN7XB,Authorised Brand Outlet,2023-05-20,326558,12,0,0,2023-05-20,2024-05-20,2024-05-05,2024-05-05,Improper Installation,0,Installation,72902,0,None,0,0,1,0,0,1,1,1,2,1,0,0,0,0,0,0,351,15,Nearing Expiry,0,1,0.2232,incomplete,1.0613,Manual Review
CLM-001070,USR-0035,PRD-0645,Air Conditioner,Dawlance,DAW-856P,SN98JRPG739Z,Naheed Online,2024-08-04,186603,12,0,0,2024-08-04,2025-08-04,2024-11-28,2024-12-04,Cooling Fault,1,Functional,57499,2,Authorised Service Centre Karachi,0,1,1,0,1,1,1,1,1,1,0,0,0,0,0,0,122,243,Active,6,1,0.3081,complex,7.3531,Valid Claim
CLM-001071,USR-0277,PRD-0754,Washing Machine,Haier,HAI-584M,SNT5ESWX4YEI,HKB Store,2023-03-06,67288,24,0,0,2023-03-06,2025-03-06,2024-10-27,2024-11-25,Water Inlet Valve Fault,1,Functional,16431,0,None,0,0,1,1,1,1,1,1,0,1,0,0,0,0,0,0,630,101,Active,29,1,0.2442,normal,9.2858,Valid Claim
CLM-001073,USR-0111,PRD-0467,Air Conditioner,TCL,TCL-456K,SNOTOY9QJS7I,HKB Store,2024-05-12,372674,12,0,0,2024-05-12,2025-05-12,2025-06-08,2025-09-17,Cooling Fault,1,Functional,170219,0,None,0,0,1,1,0,1,1,1,1,1,0,0,0,0,0,0,493,-128,Expired,101,0,0.4568,borderline,-0.2775,Manual Review
CLM-001075,USR-0119,PRD-0387,Laptop,Acer,ACE-889L,SNXW4SPI0VP1,Metro Cash And Carry,2026-03-01,460443,12,0,0,2026-03-01,2027-03-01,2026-06-08,2026-06-14,Battery Swelling,1,Functional,335101,2,Unregistered Technician,1,0,1,1,1,1,1,1,0,1,0,0,0,0,0,0,105,260,Active,6,1,0.7278,normal,6.7191,Valid Claim
CLM-001076,USR-0062,PRD-0120,Smartphone,Xiaomi,XIA-184B,SNRYSAUUJ02G,Naheed Online,2026-02-19,225330,12,0,0,2026-02-19,2027-02-19,2026-09-23,2026-09-23,Battery Wear After Six Months,0,Environmental,60878,1,Local Repair Shop,1,0,1,1,1,1,1,0,1,1,0,0,0,0,0,0,216,149,Active,0,1,0.2702,borderline,0.6113,Manual Review
CLM-001077,USR-0138,PRD-0810,Washing Machine,LG,LG-155H,SN0AH9QJWW8Q,Authorised Brand Outlet,2022-12-04,84968,24,1,12,2022-12-04,2025-12-04,2025-11-28,2025-12-06,Control Board Fault,1,Functional,35361,1,Local Repair Shop,1,0,1,0,1,1,1,1,1,1,0,0,0,0,0,0,1098,-2,Expired,8,1,0.4162,borderline,-0.309,Manual Review
CLM-001078,USR-0315,PRD-0895,Smartphone,Xiaomi,XIA-226N,SNBL3B574OEA,Local Electronics Dealer,2023-09-09,195020,12,1,12,2023-09-09,2025-09-09,2025-10-24,2025-11-21,Water Damage,0,Installation,81872,1,Authorised Service Centre Lahore,0,0,1,1,1,1,1,1,0,1,0,0,0,0,0,0,804,-73,Expired,28,0,0.4198,normal,-6.0163,Invalid Claim
CLM-001079,USR-0166,PRD-0209,Air Conditioner,Dawlance,DAW-195B,SNAA1FWT9UA0,Naheed Online,2023-06-20,379881,12,0,0,2023-06-20,2024-06-20,2024-01-07,2024-01-17,Lack Of Servicing,0,Environmental,67331,2,Local Repair Shop,1,0,1,0,1,1,1,0,2,1,0,0,0,0,0,0,211,155,Active,10,1,0.1772,normal,0.0619,Manual Review
CLM-001082,USR-0061,PRD-0135,Refrigerator,Dawlance,DAW-307A,SNWJQ4TA5IVR,Naheed Online,2022-09-18,135702,12,0,0,2022-09-18,2023-09-18,2023-06-14,2023-07-14,Gas Leakage,1,Functional,74793,0,None,0,0,1,0,1,1,1,1,1,1,0,0,0,0,0,0,299,66,Active,30,1,0.5512,normal,8.679,Valid Claim
CLM-001083,USR-0349,PRD-0690,Smartphone,Xiaomi,XIA-960P,SNBVRBEAS5XS,Authorised Brand Outlet,2025-07-27,328936,12,0,0,2025-07-27,2026-07-27,2026-08-05,2026-08-05,Physical Damage,0,Environmental,166725,0,None,0,0,1,1,1,1,1,1,0,1,0,0,0,0,0,0,374,-9,Expired,0,1,0.5069,normal,-4.0081,Invalid Claim
CLM-001084,USR-0020,PRD-0488,Air Conditioner,TCL,TCL-897E,SNWRSTEI2VX4,Local Electronics Dealer,2023-12-31,202174,12,0,0,2023-12-31,2024-12-31,2026-05-21,2026-05-02,Improper Installation,0,Physical,40073,0,None,0,0,1,1,1,1,1,1,0,1,0,0,0,1,0,1,853,-487,Expired,-19,0,0.1982,contradictory,-7.9304,Invalid Claim
CLM-001085,USR-0060,PRD-0542,Smartphone,Samsung,SAM-873K,SNILHAO2POZ4,Local Electronics Dealer,2026-02-01,78712,12,0,0,2026-02-01,2027-02-01,2026-04-25,2026-05-16,Physical Damage,0,Installation,20515,2,Authorised Service Centre Karachi,0,0,0,1,1,1,1,0,2,0,0,0,0,0,0,0,104,261,Active,21,0,0.2606,normal,-4.2083,Invalid Claim
CLM-001086,USR-0365,PRD-0338,Washing Machine,Dawlance,DAW-348E,SNCL12S67JQO,Naheed Online,2024-09-23,71824,24,0,0,2024-09-23,2026-09-23,2026-10-03,2026-09-23,Rodent Damage,0,Physical,39334,1,Local Repair Shop,1,0,1,0,1,1,0,1,2,1,0,0,0,1,0,1,730,0,Expired,-10,0,0.5476,borderline,-11.0914,Invalid Claim
CLM-001087,USR-0081,PRD-0507,Refrigerator,LG,LG-782P,SN72J2JVHCP7,Imtiaz Super Market,2023-09-14,121335,12,0,0,2023-09-14,2024-09-14,2024-10-14,2024-12-07,Voltage Surge Without Stabilizer,0,Physical,81701,2,Unregistered Technician,1,0,1,0,1,1,1,1,1,1,0,0,0,0,0,0,450,-84,Expired,54,0,0.6734,normal,-9.3833,Invalid Claim
CLM-001089,USR-0227,PRD-0408,Washing Machine,Samsung,SAM-835J,SNIFS4S5QTYD,Authorised Brand Outlet,2026-03-15,46954,24,0,0,2026-03-15,2028-03-15,2026-09-23,2026-09-23,External Water Ingress,0,Physical,26070,1,Authorised Service Centre Islamabad,0,0,1,1,1,1,1,0,1,1,0,0,0,0,0,0,192,539,Active,0,1,0.5552,complex,2.0078,Manual Review
CLM-001090,USR-0247,PRD-0606,Air Conditioner,TCL,TCL-880J,SNF5BF7PTIHW,Authorised Brand Outlet,2022-12-14,193197,12,1,36,2022-12-14,2026-12-14,2026-09-23,2026-09-23,Voltage Surge Without Stabilizer,0,User Induced,114900,2,Authorised Service Centre Lahore,0,0,1,1,1,0,1,1,1,1,0,0,0,0,0,0,1379,82,Active,0,1,0.5947,normal,2.3902,Manual Review
CLM-001091,USR-0208,PRD-0297,Washing Machine,Haier,HAI-922E,SNBTHLOWOBNH,Imtiaz Super Market,2023-01-02,47779,24,0,0,2023-01-02,2025-01-02,2024-01-09,2024-01-10,Physical Damage,0,Installation,33666,3,Local Repair Shop,1,0,0,1,1,1,1,1,1,0,0,0,0,0,0,0,373,358,Active,1,1,0.7046,complex,-4.8119,Invalid Claim
CLM-001092,USR-0171,PRD-0868,Laptop,Dell,DEL-911F,SNJ2NG1GAG5T,HKB Store,2024-05-28,287934,12,1,24,2024-05-28,2027-05-28,2026-09-23,2026-09-23,Physical Damage,0,Environmental,214063,3,Local Repair Shop,1,0,1,1,1,1,1,1,0,1,0,0,0,0,0,0,848,247,Active,0,1,0.7434,normal,1.3024,Manual Review
CLM-001094,USR-0042,PRD-0531,Laptop,Lenovo,LEN-293G,SNFPYST5V017,HKB Store,2023-12-08,293491,12,0,0,2023-12-08,2024-12-08,2024-01-07,2024-01-25,Keyboard Failure,1,Functional,180454,1,Authorised Service Centre Karachi,0,0,0,1,1,0,1,0,3,1,0,0,1,0,0,1,48,318,Active,18,0,0.6149,incomplete,3.5056,Manual Review
CLM-001095,USR-0312,PRD-0151,Laptop,Asus,ASU-407A,SNXSNPC5DT45,HKB Store,2024-09-04,474470,12,0,0,2024-09-04,2025-09-04,2025-01-14,2025-01-15,Physical Damage,0,Installation,339281,0,None,0,0,0,1,1,1,1,1,1,1,1,0,0,0,0,0,133,232,Active,1,1,0.7151,normal,-2.0203,Invalid Claim
CLM-001097,USR-0253,PRD-0392,Air Conditioner,TCL,TCL-482M,SNQYKABWFFDL,Imtiaz Super Market,2023-10-13,158512,12,0,0,2023-10-13,2024-10-13,2026-06-09,2026-07-01,Physical Damage,0,Installation,65783,2,Authorised Service Centre Karachi,0,0,1,1,0,0,1,1,2,1,0,0,0,0,0,0,992,-626,Expired,22,1,0.415,complex,-5.2775,Invalid Claim
CLM-001100,USR-0064,PRD-0371,Refrigerator,Orient,ORI-728C,SNRUKFWPZDPV,Naheed Online,2025-12-15,303842,12,0,0,2025-12-15,2026-12-15,2026-02-03,2026-01-18,Cooling Fault,1,Functional,28273,0,None,0,0,1,1,1,0,1,1,1,0,0,0,0,1,0,1,34,331,Active,-16,0,0.0931,contradictory,3.5206,Manual Review
CLM-001104,USR-0362,PRD-0169,Washing Machine,Haier,HAI-603G,SNEZRDYXYUR4,Authorised Brand Outlet,2022-11-12,91365,24,0,0,2022-11-12,2024-11-12,2024-08-12,2024-08-13,Rodent Damage,0,User Induced,45256,1,Local Repair Shop,1,0,0,0,1,1,0,0,4,1,0,0,0,0,0,0,640,91,Active,1,1,0.4953,incomplete,-2.5627,Invalid Claim
CLM-001105,USR-0054,PRD-0551,Air Conditioner,Haier,HAI-173L,SN8HNYDZ0B54,Naheed Online,2025-01-09,403392,12,0,0,2025-01-09,2026-01-09,2026-01-22,2026-01-29,Fan Motor Failure,1,Functional,142000,0,None,0,0,1,1,0,1,1,1,1,1,0,0,0,0,0,0,385,-20,Expired,7,1,0.352,normal,2.0588,Manual Review
CLM-001106,USR-0086,PRD-0716,Laptop,Acer,ACE-217J,SNH5VFG8S46I,Local Electronics Dealer,2022-12-18,195561,12,0,0,2022-12-18,2023-12-18,2024-02-21,2024-02-29,Unauthorised Software Modification,0,Installation,86544,3,Authorised Service Centre Islamabad,0,0,1,1,1,1,1,1,0,1,0,0,0,0,0,0,438,-73,Expired,8,1,0.4425,complex,-5.5601,Invalid Claim
CLM-001107,USR-0089,PRD-0022,Air Conditioner,Gree,GRE-267L,SNARZBR1AR7C,Authorised Brand Outlet,2024-07-16,265490,12,0,0,2024-07-16,2025-07-16,2025-08-26,2025-08-22,Cooling Fault,1,Functional,67025,0,None,0,0,0,1,1,1,1,1,1,1,0,0,0,1,0,1,402,-37,Expired,-4,0,0.2525,borderline,-2.785,Invalid Claim
CLM-001108,USR-0133,PRD-0167,Smartphone,Infinix,INF-840E,SNEK3LNKOH67,Naheed Online,2025-12-14,80516,12,0,0,2025-12-14,2026-12-14,2026-08-24,2026-09-15,Charging Port Fault,1,Functional,24460,0,None,0,0,0,1,0,0,1,1,3,1,0,0,0,0,0,0,275,90,Active,22,0,0.3038,normal,5.7609,Valid Claim
CLM-001109,USR-0302,PRD-0764,Refrigerator,Dawlance,DAW-771F,SNM3HKYZ1QWJ,HKB Store,2025-02-05,228434,12,0,0,2025-02-05,2026-02-05,2026-02-19,2026-05-27,Control Board Fault,1,Functional,11799,1,Unregistered Technician,1,0,0,1,1,1,0,0,3,1,0,0,0,0,0,0,476,-111,Expired,97,0,0.0517,incomplete,-4.4188,Invalid Claim
CLM-001111,USR-0149,PRD-0821,Refrigerator,Orient,ORI-265F,SNLH07BA7DOR,Imtiaz Super Market,2023-09-02,101154,12,1,48,2023-09-02,2028-09-02,2026-09-23,2026-09-23,Control Board Fault,1,Functional,72883,0,None,0,0,1,1,1,0,1,1,1,1,0,0,0,0,0,0,1117,710,Active,0,1,0.7205,borderline,9.0259,Valid Claim
CLM-001112,USR-0189,PRD-0747,Smartphone,Infinix,INF-504E,SN4PE28WB4WA,Local Electronics Dealer,2022-11-16,255858,12,0,0,2022-11-16,2023-11-16,2023-12-01,2023-12-13,Screen Crack,0,Environmental,42669,0,None,0,0,1,1,1,1,1,1,0,1,0,0,0,0,0,0,392,-27,Expired,12,1,0.1668,borderline,-4.8792,Invalid Claim
CLM-001113,USR-0103,PRD-0030,Washing Machine,LG,LG-248E,SNGUCWU0FJSR,Metro Cash And Carry,2025-07-11,173521,24,0,0,2025-07-11,2027-07-11,2026-04-02,2026-07-20,Rodent Damage,0,Physical,123201,0,None,0,1,0,1,1,1,1,1,1,0,0,0,0,0,0,0,374,356,Active,109,0,0.71,normal,-5.3045,Invalid Claim
CLM-001114,USR-0063,PRD-0429,Refrigerator,Samsung,SAM-666H,SN8GDOR8Y05F,HKB Store,2023-12-18,268186,12,0,0,2023-12-18,2024-12-18,2025-01-20,2025-02-08,Voltage Surge Without Stabilizer,0,Physical,149983,1,Authorised Service Centre Karachi,0,0,1,1,1,0,1,1,1,1,0,0,0,0,0,0,418,-52,Expired,19,1,0.5592,borderline,-5.0278,Invalid Claim
CLM-001115,USR-0300,PRD-0482,Laptop,Asus,ASU-323A,SN71HW3GM7Q6,Daraz,2026-08-20,363260,12,0,0,2026-08-20,2027-08-20,2026-09-23,2026-09-23,Physical Damage,0,Installation,121751,0,None,0,0,1,0,1,0,1,1,2,1,0,0,0,0,0,0,34,331,Active,0,1,0.3352,borderline,2.3868,Manual Review
CLM-001116,USR-0020,PRD-0032,Air Conditioner,TCL,TCL-913C,SN5GMZ7AK6G0,Imtiaz Super Market,2023-06-26,304830,12,0,0,2023-06-26,2024-06-26,2025-01-16,2025-03-03,Physical Damage,0,Installation,257473,0,None,0,0,1,0,1,1,1,1,1,1,0,0,0,0,1,1,616,-250,Expired,46,0,0.8446,contradictory,-8.8566,Invalid Claim
CLM-001118,USR-0389,PRD-0171,Washing Machine,LG,LG-504K,SNIIGG66Z6U1,HKB Store,2022-09-07,173823,24,0,0,2022-09-07,2024-09-07,2025-01-10,2025-04-19,Water Inlet Valve Fault,1,Functional,127226,2,Unregistered Technician,1,0,1,0,1,1,1,1,1,1,0,0,0,0,0,0,955,-224,Expired,99,0,0.7319,complex,-3.0176,Invalid Claim
CLM-001120,USR-0282,PRD-0135,Smartphone,Infinix,INF-394H,SN5RBW2ZLAOI,HKB Store,2024-11-15,286353,12,0,0,2024-11-15,2025-11-15,2025-10-19,2025-10-26,Screen Crack,0,Installation,157587,0,None,0,0,1,0,0,0,1,1,3,1,0,0,0,0,0,0,345,20,Nearing Expiry,7,1,0.5503,incomplete,0.9069,Manual Review
CLM-001123,USR-0288,PRD-0877,Refrigerator,Haier,HAI-547N,SNIJKEMVG7UE,Daraz,2022-12-22,231421,12,0,0,2022-12-22,2023-12-22,2023-01-06,2023-01-11,Thermostat Fault,1,Functional,130447,3,Authorised Service Centre Karachi,0,0,1,1,1,1,1,1,0,1,0,0,0,0,0,0,20,345,Active,5,1,0.5637,complex,8.358,Valid Claim
CLM-001125,USR-0141,PRD-0096,Smartphone,Infinix,INF-770F,SNJN6FOKZIXZ,Metro Cash And Carry,2023-09-05,94160,12,0,0,2023-09-05,2024-09-05,2024-09-14,2024-10-03,Physical Damage,0,Environmental,71158,1,Local Repair Shop,1,0,0,1,1,1,1,1,1,1,0,0,0,0,0,0,394,-28,Expired,19,0,0.7557,borderline,-10.3809,Invalid Claim
CLM-001128,USR-0143,PRD-0554,Washing Machine,PEL,PEL-375J,SNPQ8SEUTLPF,HKB Store,2024-03-20,130468,24,0,0,2024-03-20,2026-03-20,2024-06-19,2024-07-24,Drain Pump Failure,1,Functional,108773,3,Authorised Service Centre Lahore,0,1,1,1,1,1,1,0,1,1,0,0,0,0,0,0,126,604,Active,35,0,0.8337,complex,4.7428,Valid Claim
CLM-001129,USR-0056,PRD-0206,Air Conditioner,Gree,GRE-113F,SNK7TJ2GWD8U,Metro Cash And Carry,2026-06-24,364556,12,0,0,2026-06-24,2027-06-24,2026-09-23,2026-09-23,Gas Leakage,1,Functional,82108,1,Local Repair Shop,1,0,1,1,1,1,0,1,1,1,0,0,0,0,0,0,91,274,Active,0,1,0.2252,borderline,5.994,Valid Claim
CLM-001131,USR-0020,PRD-0872,Air Conditioner,Mitsubishi,MIT-438N,SNBV0XT9VYSK,Imtiaz Super Market,2022-10-28,156518,12,0,0,2022-10-28,2023-10-28,2023-12-01,2023-11-25,Physical Damage,0,Physical,119539,3,Authorised Service Centre Lahore,0,0,1,1,1,1,1,0,1,1,0,0,0,1,0,1,393,-28,Expired,-6,0,0.7637,borderline,-9.3878,Invalid Claim
CLM-001132,USR-0391,PRD-0296,Washing Machine,Dawlance,DAW-613K,SN2LQSQBBX5N,Local Electronics Dealer,2023-02-07,65081,24,0,0,2023-02-07,2025-02-07,2023-08-21,2023-08-22,Physical Damage,0,Physical,11093,1,Authorised Service Centre Islamabad,0,0,1,0,1,1,1,1,1,1,0,0,0,0,0,0,196,535,Active,1,1,0.1704,normal,1.5712,Manual Review
CLM-001134,USR-0229,PRD-0504,Air Conditioner,Dawlance,DAW-283B,SNASGK783NC8,Daraz,2025-04-28,126012,12,0,0,2025-04-28,2026-04-28,2025-07-24,2025-08-01,Cooling Fault,1,Functional,50252,1,Authorised Service Centre Islamabad,0,0,1,0,1,0,1,0,3,1,0,0,0,0,0,0,95,270,Active,8,1,0.3988,normal,8.0668,Valid Claim
CLM-001136,USR-0383,PRD-0066,Washing Machine,Dawlance,DAW-230P,SNXC1T0OYPKB,HKB Store,2025-03-27,141850,24,0,0,2025-03-27,2027-03-27,2026-04-19,2025-03-06,External Water Ingress,0,Physical,86657,1,Authorised Service Centre Islamabad,0,0,1,1,1,1,0,1,1,0,1,1,0,0,0,1,-21,751,Active,-409,0,0.6109,contradictory,-6.6099,Manual Review
CLM-001137,USR-0347,PRD-0040,Washing Machine,Samsung,SAM-600P,SN8H9XDYQ8D7,Local Electronics Dealer,2023-06-04,102168,24,0,0,2023-06-04,2025-06-04,2026-04-26,2026-05-06,Drain Pump Failure,1,Functional,86105,1,Unregistered Technician,1,0,1,0,1,1,0,1,2,1,0,0,0,0,0,0,1067,-336,Expired,10,1,0.8428,normal,-2.2362,Invalid Claim
CLM-001138,USR-0226,PRD-0690,Refrigerator,Samsung,SAM-401C,SN0ZFKNWBHKV,Daraz,2023-01-28,247652,12,0,0,2023-01-28,2024-01-28,2024-01-27,2024-01-30,Gas Leakage,1,Functional,43745,0,None,0,0,1,1,1,1,1,1,0,0,0,0,0,0,0,0,367,-2,Expired,3,1,0.1766,normal,-0.8028,Manual Review
CLM-001139,USR-0015,PRD-0866,Air Conditioner,Dawlance,DAW-336B,SN2LWF46BTO2,Naheed Online,2024-02-11,337164,12,0,0,2024-02-11,2025-02-11,2025-03-17,2025-03-26,PCB Fault,1,Functional,47018,0,None,0,0,0,1,1,1,1,1,1,1,0,0,0,0,1,1,409,-43,Expired,9,1,0.1395,borderline,-2.2281,Invalid Claim
CLM-001140,USR-0360,PRD-0680,Air Conditioner,Dawlance,DAW-896F,SNGFQNBIA9RU,HKB Store,2026-06-22,341936,12,0,0,2026-06-22,2027-06-22,2026-08-02,2026-08-18,Fan Motor Failure,1,Functional,166219,0,None,0,0,0,1,1,1,0,1,2,1,0,0,0,0,0,0,57,308,Active,16,1,0.4861,incomplete,7.2412,Valid Claim
CLM-001141,USR-0075,PRD-0314,Refrigerator,Samsung,SAM-441M,SNM0QPOP1O8M,HKB Store,2024-11-17,128905,12,0,0,2024-11-17,2025-11-17,2025-11-03,2025-11-12,Rodent Damage,0,Environmental,55117,0,None,0,0,1,1,0,1,0,1,2,1,0,0,0,0,0,0,360,5,Nearing Expiry,9,1,0.4276,incomplete,1.0706,Manual Review
CLM-001142,USR-0189,PRD-0198,Smartphone,Samsung,SAM-576M,SNIZKQOELU8A,HKB Store,2024-07-07,318737,12,0,0,2024-07-07,2025-07-07,2025-07-23,2025-08-05,Screen Crack,0,Environmental,214417,2,Unregistered Technician,1,0,1,1,0,1,1,0,2,0,0,0,1,0,0,1,394,-29,Expired,13,1,0.6727,borderline,-10.6252,Manual Review
CLM-001144,USR-0054,PRD-0017,Washing Machine,Haier,HAI-647J,SNO9BP12UJ3A,HKB Store,2024-03-14,98960,24,1,12,2024-03-14,2027-03-14,2025-09-04,2025-10-03,Control Board Fault,1,Functional,23837,1,Authorised Service Centre Islamabad,0,0,0,1,0,0,1,0,4,1,0,0,0,0,0,0,568,527,Active,29,1,0.2409,incomplete,7.9104,Valid Claim
CLM-001145,USR-0307,PRD-0042,Smartphone,Infinix,INF-921K,SN2MOTZ60FII,Imtiaz Super Market,2023-08-11,119308,12,0,0,2023-08-11,2024-08-11,2024-03-07,2024-05-18,Battery Wear After Six Months,0,Physical,20812,1,Unregistered Technician,1,0,1,1,1,1,1,0,1,1,0,0,0,0,1,1,281,85,Active,72,0,0.1744,contradictory,-2.3807,Invalid Claim
CLM-001147,USR-0115,PRD-0722,Smartphone,Xiaomi,XIA-976C,SNCXGF8GC0S6,Metro Cash And Carry,2022-08-21,305196,12,0,0,2022-08-21,2023-08-21,2023-08-09,2023-08-25,Charging Port Fault,1,Functional,223200,0,None,0,0,0,0,0,1,1,1,3,1,0,0,0,0,0,0,369,-4,Expired,16,0,0.7313,incomplete,-2.2383,Invalid Claim
CLM-001148,USR-0293,PRD-0004,Washing Machine,LG,LG-934J,SNCQBHEYYSM4,Local Electronics Dealer,2023-01-15,62826,24,0,0,2023-01-15,2025-01-15,2023-07-21,2023-07-30,Drum Bearing Noise,1,Functional,32773,3,Local Repair Shop,1,0,0,1,0,0,0,0,5,0,0,0,0,0,0,0,196,535,Active,9,1,0.5216,incomplete,0.8322,Manual Review
CLM-001149,USR-0301,PRD-0022,Refrigerator,LG,LG-883L,SN3U1GSPK9P3,Metro Cash And Carry,2025-05-31,279141,12,0,0,2025-05-31,2026-05-31,2026-07-29,2026-07-29,Control Board Fault,1,Functional,206121,2,Local Repair Shop,1,0,1,1,0,1,1,1,1,0,0,0,0,0,0,0,424,-59,Expired,0,1,0.7384,normal,-3.4297,Invalid Claim
CLM-001150,USR-0087,PRD-0493,Laptop,Dell,DEL-153L,SNRQWG9S6RJT,Metro Cash And Carry,2022-10-01,329334,12,1,24,2022-10-01,2025-10-01,2025-10-05,2025-10-09,Screen Crack,0,User Induced,123792,0,None,0,0,1,1,1,1,1,1,0,1,0,0,0,0,0,0,1104,-8,Expired,4,1,0.3759,borderline,-5.137,Invalid Claim
CLM-001151,USR-0113,PRD-0377,Air Conditioner,Mitsubishi,MIT-819F,SN81XN5B0MOL,Naheed Online,2024-01-29,183370,12,0,0,2024-01-29,2025-01-29,2025-08-03,2025-08-03,Voltage Surge Without Stabilizer,0,Physical,98528,4,Authorised Service Centre Karachi,0,0,1,1,1,1,1,1,0,1,0,0,0,0,0,0,552,-186,Expired,0,1,0.5373,complex,-6.743,Invalid Claim
CLM-001152,USR-0129,PRD-0544,Washing Machine,Samsung,SAM-621B,SNAZIDRCTYPW,Authorised Brand Outlet,2025-07-05,48767,24,0,0,2025-07-05,2027-07-05,2026-09-23,2026-09-23,Water Inlet Valve Fault,1,Functional,20855,0,None,0,0,0,1,1,0,0,1,3,1,0,0,0,0,0,0,445,285,Active,0,1,0.4276,incomplete,5.8651,Valid Claim
CLM-001155,USR-0252,PRD-0589,Smartphone,Infinix,INF-398E,SNLSRE4527RE,HKB Store,2022-12-18,322701,12,0,0,2022-12-18,2023-12-18,2023-07-03,2023-08-01,Screen Crack,0,User Induced,268715,4,Authorised Service Centre Karachi,0,1,1,1,1,1,1,0,1,0,0,0,0,0,0,0,226,139,Active,29,0,0.8327,complex,-4.167,Invalid Claim
CLM-001156,USR-0231,PRD-0478,Laptop,Lenovo,LEN-796J,SNM52XG8P6BE,Imtiaz Super Market,2022-09-07,386413,12,0,0,2022-09-07,2023-09-07,2023-10-21,2023-11-17,Battery Swelling,1,Functional,42119,1,Authorised Service Centre Lahore,0,0,1,1,1,0,1,1,1,0,0,0,0,0,0,0,436,-71,Expired,27,0,0.109,borderline,-2.405,Invalid Claim
CLM-001157,USR-0249,PRD-0197,Laptop,Asus,ASU-201A,SNU4XSZJNVC7,Imtiaz Super Market,2023-02-05,101396,12,0,0,2023-02-05,2024-02-05,2023-03-16,2023-04-15,Motherboard Fault,1,Functional,21461,1,Unregistered Technician,1,0,1,1,1,1,1,1,0,1,0,0,0,0,0,0,69,296,Active,30,0,0.2117,normal,6.0686,Valid Claim
CLM-001160,USR-0077,PRD-0569,Air Conditioner,Mitsubishi,MIT-172A,SNYXY12O5MLH,Local Electronics Dealer,2026-08-28,288194,12,0,0,2026-08-28,2027-08-28,2026-09-23,2026-09-23,PCB Fault,1,Functional,63330,0,None,0,0,1,1,1,0,1,1,1,1,0,0,0,0,0,0,26,339,Active,0,1,0.2197,borderline,9.6682,Valid Claim
CLM-001161,USR-0400,PRD-0405,Refrigerator,LG,LG-128D,SNY7OV50EW25,Local Electronics Dealer,2025-08-13,71248,12,0,0,2025-08-13,2026-08-13,2025-12-01,2025-12-07,Physical Damage,0,Environmental,53189,3,Unregistered Technician,1,1,1,1,0,1,1,1,1,1,0,0,0,0,0,0,116,249,Active,6,1,0.7465,complex,-0.9942,Manual Review
CLM-001163,USR-0258,PRD-0302,Refrigerator,Dawlance,DAW-448B,SN2853UY8U11,HKB Store,2024-06-07,87909,12,0,0,2024-06-07,2025-06-07,2025-06-12,2024-06-01,Physical Damage,0,Physical,43682,0,None,0,0,1,1,1,0,1,1,1,1,0,1,0,0,0,1,-6,371,Active,-376,0,0.4969,borderline,-1.1872,Manual Review
CLM-001164,USR-0285,PRD-0727,Air Conditioner,Haier,HAI-328P,SNCXHRQV9W2Z,Local Electronics Dealer,2025-06-13,302036,12,0,0,2025-06-13,2026-06-13,2026-06-08,2026-06-28,Improper Installation,0,Environmental,206871,4,Unregistered Technician,1,0,0,1,1,0,1,0,3,1,0,0,0,0,0,0,380,-15,Expired,20,1,0.6849,complex,-8.7061,Invalid Claim
CLM-001165,USR-0239,PRD-0564,Smartphone,Xiaomi,XIA-348D,SNGSZOHQCBG9,Metro Cash And Carry,2022-12-28,150772,12,0,0,2022-12-28,2023-12-28,2024-01-23,2024-02-07,Water Damage,0,User Induced,68583,0,None,0,0,0,1,1,1,1,1,1,1,0,0,0,0,0,0,406,-41,Expired,15,1,0.4549,borderline,-7.1432,Invalid Claim
CLM-001166,USR-0338,PRD-0563,Laptop,Lenovo,LEN-611A,SNO37U9SSBU7,Imtiaz Super Market,2022-09-25,144102,12,1,24,2022-09-25,2025-09-25,2024-04-09,2024-06-11,Motherboard Fault,1,Functional,120795,1,Unregistered Technician,1,0,0,0,1,1,1,0,3,1,0,0,0,0,0,0,625,471,Active,63,0,0.8383,incomplete,4.0871,Valid Claim
CLM-001167,USR-0262,PRD-0073,Smartphone,Infinix,INF-559H,SN6JLS602EPD,Imtiaz Super Market,2023-07-13,229118,12,0,0,2023-07-13,2024-07-13,2024-06-14,2024-10-02,Battery Wear After Six Months,0,Physical,41430,0,None,0,0,1,1,1,1,1,1,0,0,0,0,0,0,0,0,447,-81,Expired,110,0,0.1808,normal,-9.0751,Invalid Claim
CLM-001168,USR-0014,PRD-0662,Refrigerator,Haier,HAI-601J,SNJN4LV11KJA,Daraz,2023-06-19,192246,12,0,0,2023-06-19,2024-06-19,2023-09-12,2023-05-22,Thermostat Fault,1,Functional,25947,1,Local Repair Shop,1,0,0,1,0,1,0,1,3,1,0,1,0,0,0,1,-28,394,Active,-113,0,0.135,contradictory,1.5959,Manual Review
CLM-001170,USR-0101,PRD-0125,Smartphone,Vivo,VIV-534A,SNI9BY6MO8H0,HKB Store,2024-03-02,45305,12,1,12,2024-03-02,2026-03-02,2026-08-05,2026-08-12,Network Module Fault,1,Functional,8890,2,Unregistered Technician,1,0,1,1,1,1,1,1,0,0,0,0,0,0,0,0,893,-163,Expired,7,1,0.1962,normal,-2.7371,Invalid Claim
CLM-001173,USR-0072,PRD-0449,Washing Machine,LG,LG-588D,SNI5GSE146OO,Daraz,2025-11-12,126833,24,1,12,2025-11-12,2028-11-12,2026-04-10,2026-04-19,Drum Bearing Noise,1,Functional,41697,1,Authorised Service Centre Lahore,0,0,0,0,1,1,0,0,4,1,0,0,0,0,0,0,158,938,Active,9,1,0.3288,incomplete,6.0915,Valid Claim
CLM-001174,USR-0181,PRD-0749,Smartphone,Oppo,OPP-915G,SNGK9JYFDMOW,Imtiaz Super Market,2024-03-28,216538,12,0,0,2024-03-28,2025-03-28,2025-12-09,2026-01-09,Network Module Fault,1,Functional,121164,1,Unregistered Technician,1,0,0,0,1,0,0,1,4,0,0,0,0,0,0,0,652,-287,Expired,31,0,0.5596,incomplete,-8.4898,Manual Review
CLM-001175,USR-0296,PRD-0145,Laptop,Dell,DEL-229P,SN5RAU7BWHZM,Daraz,2023-05-10,108787,12,0,0,2023-05-10,2024-05-10,2023-09-24,2023-09-26,Fan Failure,1,Functional,33198,0,None,0,1,1,0,1,1,1,1,1,1,1,0,0,0,0,0,139,227,Active,2,1,0.3052,contradictory,5.4183,Valid Claim
CLM-001177,USR-0374,PRD-0139,Smartphone,Vivo,VIV-935A,SNHXPO6ZD87R,HKB Store,2023-12-11,279609,12,0,0,2023-12-11,2024-12-11,2024-12-05,2025-02-06,Network Module Fault,1,Functional,58292,2,Authorised Service Centre Karachi,0,0,0,1,1,1,0,1,2,1,0,0,0,0,0,0,423,-57,Expired,63,0,0.2085,borderline,-2.5033,Invalid Claim
CLM-001178,USR-0255,PRD-0558,Smartphone,Oppo,OPP-771L,SN9QRSNEY0ER,Imtiaz Super Market,2023-05-13,176888,12,1,12,2023-05-13,2025-05-13,2025-04-19,2025-07-10,Water Damage,0,Installation,109508,1,Authorised Service Centre Islamabad,0,0,1,0,1,1,1,1,1,1,0,0,0,0,0,0,789,-58,Expired,82,0,0.6191,normal,-8.5073,Invalid Claim
CLM-001179,USR-0391,PRD-0891,Smartphone,Samsung,SAM-865C,SN1JD1BJE9XO,Metro Cash And Carry,2023-03-02,246867,12,1,12,2023-03-02,2025-03-02,2023-06-07,2023-06-17,Physical Damage,0,Environmental,154369,3,Authorised Service Centre Karachi,0,0,1,1,1,1,1,1,0,0,0,0,0,0,0,0,107,624,Active,10,1,0.6253,complex,0.4937,Manual Review
CLM-001180,USR-0169,PRD-0039,Laptop,HP,HP-863M,SNDCZ6PBBOUZ,Local Electronics Dealer,2024-07-18,128314,12,0,0,2024-07-18,2025-07-18,2025-07-19,2025-07-26,Screen Crack,0,Environmental,99609,2,Unregistered Technician,1,0,1,0,1,1,1,1,1,1,0,0,0,0,0,0,373,-8,Expired,7,1,0.7763,borderline,-7.3434,Invalid Claim
CLM-001183,USR-0225,PRD-0011,Laptop,Asus,ASU-306P,SNX2KBVSIGBI,Metro Cash And Carry,2022-12-23,115127,12,1,24,2022-12-23,2025-12-23,2023-11-20,2023-11-28,Liquid Spill,0,Environmental,92858,2,Authorised Service Centre Karachi,0,0,1,1,1,1,1,1,0,1,0,0,0,0,0,0,340,756,Active,8,1,0.8066,complex,2.7943,Manual Review
CLM-001185,USR-0071,PRD-0683,Laptop,HP,HP-130J,SNJKBHQC711U,Local Electronics Dealer,2023-06-14,345186,12,0,0,2023-06-14,2024-06-14,2024-05-11,2024-07-14,Motherboard Fault,1,Functional,93832,0,None,0,1,1,1,0,0,1,1,2,1,0,0,0,0,1,1,396,-30,Expired,64,0,0.2718,contradictory,-2.518,Invalid Claim
CLM-001186,USR-0328,PRD-0030,Air Conditioner,Mitsubishi,MIT-246F,SNEVMY1QNQVI,Metro Cash And Carry,2024-06-30,152005,12,0,0,2024-06-30,2025-06-30,2024-07-27,2024-07-27,Compressor Failure,1,Functional,127798,0,None,0,0,1,1,1,1,1,1,0,1,0,0,0,0,1,1,27,338,Active,0,1,0.8407,normal,7.9631,Valid Claim
CLM-001187,USR-0279,PRD-0485,Laptop,Dell,DEL-359A,SN1GM25LEN60,Naheed Online,2026-04-18,247569,12,0,0,2026-04-18,2027-04-18,2026-05-15,2026-05-30,Keyboard Failure,1,Functional,114452,1,Authorised Service Centre Lahore,0,0,0,0,1,1,1,0,3,1,1,0,0,0,0,0,42,323,Active,15,1,0.4623,incomplete,3.844,Manual Review
CLM-001188,USR-0342,PRD-0618,Washing Machine,LG,LG-514H,SNSFQERI7B03,Naheed Online,2022-12-25,149919,24,0,0,2022-12-25,2024-12-25,2024-02-03,2024-02-12,Drum Bearing Noise,1,Functional,50204,0,None,0,0,0,1,0,0,1,1,3,1,0,0,0,0,0,0,414,317,Active,9,1,0.3349,incomplete,7.3645,Valid Claim
CLM-001189,USR-0363,PRD-0840,Washing Machine,Dawlance,DAW-674P,SNOEYHCXTR69,Local Electronics Dealer,2026-05-13,58430,24,1,12,2026-05-13,2029-05-13,2026-09-23,2026-09-23,Control Board Fault,1,Functional,38641,3,Unregistered Technician,1,0,1,0,1,1,1,1,1,0,0,0,0,0,0,0,133,963,Active,0,1,0.6613,contradictory,4.4542,Valid Claim
CLM-001190,USR-0284,PRD-0811,Washing Machine,Haier,HAI-856A,SNQ3XLRFCD6M,Local Electronics Dealer,2025-09-13,68670,24,0,0,2025-09-13,2027-09-13,2026-08-15,2026-08-25,Improper Installation,0,User Induced,37219,2,Authorised Service Centre Islamabad,0,0,1,1,1,1,1,1,0,1,0,0,0,0,0,0,346,384,Active,10,1,0.542,normal,1.8046,Manual Review
CLM-001191,USR-0294,PRD-0210,Air Conditioner,Haier,HAI-568F,SN419943UN69,Local Electronics Dealer,2022-11-26,153332,12,0,0,2022-11-26,2023-11-26,2023-04-15,2023-04-15,Cooling Fault,1,Functional,82028,2,Authorised Service Centre Karachi,0,0,1,1,0,1,1,0,2,1,0,0,0,0,0,0,140,225,Active,0,1,0.535,normal,8.8074,Valid Claim
CLM-001192,USR-0169,PRD-0626,Refrigerator,Dawlance,DAW-640M,SNJ2FUW48XLP,Naheed Online,2026-03-14,268977,12,0,0,2026-03-14,2027-03-14,2026-03-25,2026-03-05,Compressor Failure,1,Functional,61385,2,Authorised Service Centre Karachi,0,0,1,1,1,1,1,0,1,1,0,1,1,1,1,4,-9,374,Active,-20,0,0.2282,contradictory,0.794,Manual Review
CLM-001193,USR-0205,PRD-0898,Laptop,Asus,ASU-661K,SN79YRBON403,Daraz,2023-02-21,184426,12,0,0,2023-02-21,2024-02-21,2023-07-22,2023-08-18,Motherboard Fault,1,Functional,54729,0,None,0,0,1,1,1,0,1,1,1,1,0,0,0,0,0,0,178,187,Active,27,0,0.2968,normal,7.3157,Valid Claim
CLM-001194,USR-0080,PRD-0539,Refrigerator,Samsung,SAM-297F,SN9VKAD0TQ2I,HKB Store,2022-09-30,100638,12,0,0,2022-09-30,2023-09-30,2023-04-29,2023-07-21,Compressor Failure,1,Functional,27889,1,Authorised Service Centre Karachi,0,0,1,1,1,1,1,1,0,1,0,0,0,0,0,0,294,71,Active,83,0,0.2771,normal,7.2101,Valid Claim
CLM-001195,USR-0333,PRD-0246,Laptop,Lenovo,LEN-392P,SNSMV4QQJ3A1,Imtiaz Super Market,2024-02-02,227928,12,0,0,2024-02-02,2025-02-02,2025-02-11,2025-02-17,Storage Failure,1,Functional,136143,0,None,0,0,1,1,0,0,1,1,2,1,0,0,0,0,0,0,381,-15,Expired,6,1,0.5973,borderline,1.5611,Manual Review
CLM-001197,USR-0316,PRD-0881,Refrigerator,Orient,ORI-395K,SN5QK7WUGHGR,Local Electronics Dealer,2025-04-15,281477,12,0,0,2025-04-15,2026-04-15,2026-04-13,2026-05-03,Improper Installation,0,Environmental,117129,0,None,0,0,1,1,1,1,1,1,0,1,0,0,0,0,0,0,383,-18,Expired,20,1,0.4161,borderline,-4.1237,Invalid Claim
CLM-001198,USR-0096,PRD-0262,Refrigerator,Samsung,SAM-449N,SN51QD41J2PA,Authorised Brand Outlet,2022-12-19,133218,12,1,48,2022-12-19,2027-12-19,2023-02-28,2023-03-12,Physical Damage,0,Environmental,76516,1,Authorised Service Centre Lahore,0,0,1,0,1,1,0,0,3,1,0,0,0,0,0,0,83,1743,Active,12,1,0.5744,incomplete,0.9786,Manual Review
CLM-001199,USR-0286,PRD-0428,Refrigerator,Haier,HAI-686L,SN91XSD0NKVD,Daraz,2025-03-18,194275,12,0,0,2025-03-18,2026-03-18,2025-09-18,2026-01-08,Voltage Surge Without Stabilizer,0,User Induced,154439,2,Local Repair Shop,1,0,0,1,1,1,1,1,1,1,0,0,0,0,0,0,296,69,Active,112,0,0.795,complex,-3.2846,Invalid Claim
CLM-001201,USR-0181,PRD-0849,Refrigerator,LG,LG-655G,SNS1EGPGVTN4,Local Electronics Dealer,2023-06-07,168541,12,1,48,2023-06-07,2028-06-07,2024-06-26,2024-07-04,Thermostat Fault,1,Functional,63760,0,None,0,0,1,0,1,1,1,1,1,1,0,0,0,0,1,1,393,1434,Active,8,1,0.3783,contradictory,9.1288,Valid Claim
CLM-001202,USR-0398,PRD-0374,Smartphone,Infinix,INF-782D,SNJ94KIC0GIZ,HKB Store,2025-04-01,165224,12,1,12,2025-04-01,2027-04-01,2026-09-23,2026-09-23,Screen Crack,0,Environmental,68380,2,Authorised Service Centre Lahore,0,0,1,0,1,1,1,1,1,1,0,0,1,0,0,1,540,190,Active,0,1,0.4139,normal,0.9324,Manual Review
CLM-001203,USR-0189,PRD-0333,Air Conditioner,Gree,GRE-185M,SN5JE6K9WAM0,Daraz,2023-10-19,272170,12,0,0,2023-10-19,2024-10-19,2024-12-03,2024-12-23,PCB Fault,1,Functional,151366,1,Authorised Service Centre Lahore,0,0,1,1,1,0,1,1,1,1,0,0,0,0,0,0,431,-65,Expired,20,1,0.5561,borderline,1.3853,Manual Review
CLM-001204,USR-0143,PRD-0357,Air Conditioner,Dawlance,DAW-229A,SN5PSZ1CTW68,Local Electronics Dealer,2023-03-19,96398,12,0,0,2023-03-19,2024-03-19,2023-04-11,2023-07-07,Physical Damage,0,Installation,20495,1,Authorised Service Centre Karachi,0,0,0,0,1,1,1,0,3,0,1,0,0,0,0,0,110,256,Active,87,0,0.2126,incomplete,-6.9995,Manual Review
CLM-001205,USR-0346,PRD-0366,Smartphone,Samsung,SAM-683J,SNJMJ7OH3QDY,Local Electronics Dealer,2022-12-19,156871,12,0,0,2022-12-19,2023-12-19,2024-02-23,2024-04-03,Battery Wear After Six Months,0,Environmental,44353,0,None,0,0,0,0,0,1,0,1,4,1,0,0,0,0,0,0,471,-106,Expired,40,0,0.2827,incomplete,-10.2108,Invalid Claim
CLM-001206,USR-0097,PRD-0150,Smartphone,Samsung,SAM-367K,SNN567N385C6,Daraz,2023-10-26,52262,12,1,12,2023-10-26,2025-10-26,2025-12-08,2025-12-14,Speaker Failure,1,Functional,7367,0,None,0,0,1,1,0,0,0,1,3,1,1,0,0,0,0,0,780,-49,Expired,6,1,0.141,borderline,-2.7187,Manual Review
CLM-001207,USR-0267,PRD-0299,Air Conditioner,Mitsubishi,MIT-814L,SNBAIVEKT478,HKB Store,2025-06-19,161796,12,0,0,2025-06-19,2026-06-19,2026-09-06,2026-09-08,PCB Fault,1,Functional,56444,2,Authorised Service Centre Lahore,0,0,1,0,1,0,1,0,3,1,0,0,0,0,0,0,446,-81,Expired,2,1,0.3489,contradictory,0.432,Manual Review
CLM-001208,USR-0185,PRD-0223,Air Conditioner,Dawlance,DAW-892L,SNT45OHFSFYN,Metro Cash And Carry,2024-05-15,290673,12,0,0,2024-05-15,2025-05-15,2025-05-19,2025-06-26,Physical Damage,0,Installation,177618,2,Unregistered Technician,1,0,1,0,1,1,1,1,1,1,0,0,0,0,0,0,407,-42,Expired,38,0,0.6111,borderline,-9.263,Invalid Claim
CLM-001209,USR-0121,PRD-0474,Smartphone,Oppo,OPP-178E,SNNIC4DTZNNV,Metro Cash And Carry,2025-02-16,230985,12,0,0,2025-02-16,2026-02-16,2026-10-01,2026-09-13,Network Module Fault,1,Functional,46916,0,None,0,0,1,0,1,1,1,1,1,0,0,0,0,1,1,2,574,-209,Expired,-18,0,0.2031,contradictory,-5.5923,Manual Review
CLM-001210,USR-0209,PRD-0398,Refrigerator,Samsung,SAM-561L,SNOLOEAZC0B4,Daraz,2026-02-19,206298,12,1,48,2026-02-19,2031-02-19,2026-07-07,2026-07-17,Voltage Surge Without Stabilizer,0,Installation,21940,2,Authorised Service Centre Lahore,0,0,0,0,0,0,0,0,6,1,0,0,0,0,0,0,148,1678,Active,10,1,0.1064,incomplete,-0.7373,Manual Review
CLM-001211,USR-0367,PRD-0052,Refrigerator,LG,LG-252A,SNM4NJICXAT9,Authorised Brand Outlet,2023-10-21,111455,12,0,0,2023-10-21,2024-10-21,2024-04-27,2024-05-05,Rodent Damage,0,User Induced,83169,1,Local Repair Shop,1,0,1,1,1,0,1,0,2,1,1,0,0,0,0,0,197,169,Active,8,1,0.7462,normal,-2.4183,Invalid Claim
CLM-001213,USR-0271,PRD-0562,Refrigerator,Samsung,SAM-196N,SNZ0FPFBD1JF,Authorised Brand Outlet,2023-02-09,92908,12,0,0,2023-02-09,2024-02-09,2025-11-21,2025-11-26,Compressor Failure,1,Functional,75643,1,Authorised Service Centre Karachi,0,0,0,1,1,1,0,1,2,1,0,0,0,0,0,0,1021,-656,Expired,5,1,0.8142,complex,-2.4935,Invalid Claim
CLM-001214,USR-0040,PRD-0520,Laptop,Lenovo,LEN-554B,SNSILN3OX5FL,HKB Store,2025-12-17,368346,12,0,0,2025-12-17,2026-12-17,2026-09-23,2026-09-23,Motherboard Fault,1,Functional,230089,0,None,0,0,1,1,1,1,0,1,1,1,0,0,0,0,1,1,280,85,Active,0,1,0.6247,borderline,6.6306,Valid Claim
CLM-001215,USR-0149,PRD-0459,Washing Machine,LG,LG-258L,SNGHPAS0ZBTB,Naheed Online,2024-01-09,74428,24,0,0,2024-01-09,2026-01-09,2026-01-09,2023-12-19,Physical Damage,0,User Induced,43807,1,Unregistered Technician,1,0,0,1,1,1,1,1,1,0,0,1,0,0,0,1,-21,752,Active,-752,0,0.5886,borderline,-7.1967,Manual Review
CLM-001216,USR-0290,PRD-0663,Washing Machine,Dawlance,DAW-793P,SNX8PSW9ROG9,Naheed Online,2023-05-28,132654,24,1,12,2023-05-28,2026-05-28,2026-05-23,2026-08-10,External Water Ingress,0,Environmental,99146,0,None,0,0,1,0,1,1,1,1,1,1,0,0,0,0,0,0,1170,-74,Expired,79,0,0.7474,borderline,-8.2337,Invalid Claim
CLM-001218,USR-0040,PRD-0278,Laptop,Lenovo,LEN-687N,SNYPAKCO0VJC,Authorised Brand Outlet,2024-02-19,467397,12,0,0,2024-02-19,2025-02-19,2026-09-06,2026-09-07,Liquid Spill,0,Physical,183431,0,None,0,0,1,1,1,1,1,1,0,1,0,0,0,0,0,0,931,-565,Expired,1,1,0.3925,normal,-5.1986,Invalid Claim
CLM-001220,USR-0056,PRD-0588,Air Conditioner,Dawlance,DAW-714H,SNPETFMV787N,Local Electronics Dealer,2024-08-09,97790,12,0,0,2024-08-09,2025-08-09,2026-09-23,2026-09-23,Lack Of Servicing,0,Environmental,55652,0,None,0,0,0,1,1,0,1,1,2,0,0,0,0,0,0,0,775,-410,Expired,0,1,0.5691,incomplete,-9.6397,Invalid Claim
CLM-001222,USR-0312,PRD-0755,Air Conditioner,Mitsubishi,MIT-774J,SN2OR6I1Z13U,Metro Cash And Carry,2023-01-26,190577,12,0,0,2023-01-26,2024-01-26,2024-01-25,2024-02-01,Improper Installation,0,Physical,28040,1,Unregistered Technician,1,0,1,1,1,1,1,0,1,1,0,0,0,0,0,0,371,-6,Expired,7,1,0.1471,borderline,-6.5675,Invalid Claim
CLM-001223,USR-0346,PRD-0219,Laptop,Asus,ASU-623H,SN280XKXWD8I,Daraz,2022-12-13,328787,12,0,0,2022-12-13,2023-12-13,2026-09-02,2026-09-23,Physical Damage,0,Installation,132642,1,Unregistered Technician,1,0,1,0,1,0,1,1,2,1,1,0,0,0,0,0,1380,-1015,Expired,21,0,0.4034,normal,-11.7501,Invalid Claim
CLM-001224,USR-0134,PRD-0310,Smartphone,Samsung,SAM-711E,SNGP52F1JOHK,Daraz,2023-05-08,227501,12,1,12,2023-05-08,2025-05-08,2023-05-14,2023-05-24,Camera Module Fault,1,Functional,88281,2,Unregistered Technician,1,0,1,1,1,1,0,1,1,1,0,0,0,0,0,0,16,715,Active,10,1,0.388,normal,7.7079,Valid Claim
CLM-001225,USR-0030,PRD-0288,Refrigerator,Haier,HAI-401K,SN3QTMUEMY8N,Imtiaz Super Market,2025-07-28,230298,12,0,0,2025-07-28,2026-07-28,2026-07-28,2026-07-31,Physical Damage,0,Installation,75773,0,None,0,0,0,0,1,1,1,1,2,1,1,0,0,0,0,0,368,-3,Expired,3,1,0.329,contradictory,-9.919,Invalid Claim
CLM-001227,USR-0298,PRD-0339,Air Conditioner,Mitsubishi,MIT-112E,SNQ2ANY1YC1L,HKB Store,2026-07-22,351669,12,0,0,2026-07-22,2027-07-22,2026-09-23,2026-09-23,PCB Fault,1,Functional,160663,1,Local Repair Shop,1,0,1,1,1,1,1,1,0,1,0,0,0,0,0,0,63,302,Active,0,1,0.4569,normal,8.4968,Valid Claim
CLM-001228,USR-0331,PRD-0296,Refrigerator,Orient,ORI-513A,SNMV66JN7ZOM,Authorised Brand Outlet,2023-06-22,165617,12,0,0,2023-06-22,2024-06-22,2025-03-08,2025-07-03,Voltage Surge Without Stabilizer,0,Environmental,99063,0,None,0,0,0,0,0,0,0,1,5,1,0,0,0,0,0,0,742,-376,Expired,117,0,0.5981,incomplete,-10.0794,Invalid Claim
CLM-001232,USR-0263,PRD-0637,Air Conditioner,Haier,HAI-910M,SN4IVSRLZXWW,HKB Store,2023-02-10,347471,12,0,0,2023-02-10,2024-02-10,2023-03-12,2023-03-12,Improper Installation,0,Installation,28518,4,Local Repair Shop,1,0,1,0,1,0,0,1,3,1,0,0,1,0,0,1,30,335,Active,0,1,0.0821,complex,-3.2635,Manual Review
CLM-001233,USR-0239,PRD-0737,Smartphone,Infinix,INF-108C,SNNDTQYPICLK,Authorised Brand Outlet,2026-06-26,141779,12,0,0,2026-06-26,2027-06-26,2026-07-08,2026-07-13,Speaker Failure,1,Functional,43508,0,None,0,0,0,0,0,0,0,1,5,1,0,0,0,0,0,0,17,348,Active,5,1,0.3069,incomplete,5.7666,Valid Claim
CLM-001234,USR-0005,PRD-0307,Washing Machine,Dawlance,DAW-866A,SNQWHAOB8BCN,Local Electronics Dealer,2022-11-11,116275,24,1,12,2022-11-11,2025-11-11,2025-12-24,2026-02-13,Drain Pump Failure,1,Functional,58335,0,None,0,0,0,0,1,0,0,1,4,1,0,0,0,0,0,0,1190,-94,Expired,51,0,0.5017,incomplete,-3.7285,Invalid Claim
CLM-001235,USR-0078,PRD-0431,Air Conditioner,Haier,HAI-642A,SNOJTBPGT996,Authorised Brand Outlet,2025-07-16,216854,12,0,0,2025-07-16,2026-07-16,2026-08-08,2026-08-09,Gas Leakage,1,Functional,69375,0,None,0,0,1,1,1,1,1,1,0,1,0,0,0,0,0,0,389,-24,Expired,1,1,0.3199,borderline,2.8703,Manual Review
CLM-001236,USR-0350,PRD-0717,Refrigerator,Haier,HAI-872P,SNOL5RKH87CY,Metro Cash And Carry,2026-03-03,200842,12,0,0,2026-03-03,2027-03-03,2026-07-10,2026-02-19,Voltage Surge Without Stabilizer,0,Physical,157183,0,None,0,0,1,1,1,0,1,1,1,1,0,1,0,0,0,1,-12,377,Active,-141,0,0.7826,contradictory,-0.5704,Manual Review
CLM-001238,USR-0331,PRD-0849,Smartphone,Vivo,VIV-895B,SNS53YGS0GE5,Imtiaz Super Market,2023-02-15,74654,12,0,0,2023-02-15,2024-02-15,2024-06-25,2024-06-08,Charging Port Fault,1,Functional,57762,0,None,0,0,1,0,1,1,1,1,1,1,0,0,0,1,0,1,479,-114,Expired,-17,0,0.7737,contradictory,-2.3544,Invalid Claim
CLM-001239,USR-0203,PRD-0875,Air Conditioner,Mitsubishi,MIT-831A,SNS62YWE1G98,HKB Store,2024-07-14,339698,12,0,0,2024-07-14,2025-07-14,2024-11-26,2024-11-30,Gas Leakage,1,Functional,98200,1,Authorised Service Centre Karachi,0,0,1,1,0,1,1,0,2,1,0,0,0,0,0,0,139,226,Active,4,1,0.2891,normal,8.8141,Valid Claim
CLM-001242,USR-0356,PRD-0046,Refrigerator,LG,LG-459B,SNCCYC3T13HL,Naheed Online,2025-03-10,185241,12,0,0,2025-03-10,2026-03-10,2026-09-13,2025-02-10,Improper Installation,0,User Induced,156667,2,Local Repair Shop,1,0,1,0,1,1,0,0,3,0,1,1,1,0,0,2,-28,393,Active,-580,0,0.8457,contradictory,-11.5392,Manual Review
CLM-001243,USR-0204,PRD-0376,Smartphone,Samsung,SAM-422B,SNF43YWLPTPO,Daraz,2025-12-17,258413,12,0,0,2025-12-17,2026-12-17,2026-03-21,2026-03-29,Network Module Fault,1,Functional,107690,1,Unregistered Technician,1,0,1,1,1,1,0,1,1,1,0,0,0,0,0,0,102,263,Active,8,1,0.4167,normal,6.5647,Valid Claim
CLM-001244,USR-0094,PRD-0499,Refrigerator,LG,LG-817G,SNA5QNLRZFRB,Imtiaz Super Market,2025-07-25,282680,12,0,0,2025-07-25,2026-07-25,2026-05-20,2026-07-30,Rodent Damage,0,Physical,23993,0,None,0,1,1,1,0,0,1,1,2,1,0,0,0,0,0,0,370,-5,Expired,71,0,0.0849,incomplete,-7.1462,Invalid Claim
CLM-001246,USR-0125,PRD-0010,Washing Machine,Samsung,SAM-935M,SNGQ2YCQHCFB,HKB Store,2024-07-07,130066,24,0,0,2024-07-07,2026-07-07,2026-04-30,2026-05-17,External Water Ingress,0,Environmental,12092,1,Authorised Service Centre Lahore,0,0,1,0,1,0,0,1,3,0,0,0,0,0,1,1,679,51,Nearing Expiry,17,1,0.093,contradictory,-3.781,Manual Review
CLM-001247,USR-0273,PRD-0850,Washing Machine,PEL,PEL-442N,SNQG6NX9OWWE,Authorised Brand Outlet,2025-10-13,149871,24,0,0,2025-10-13,2027-10-13,2026-05-07,2026-05-24,External Water Ingress,0,User Induced,42072,1,Authorised Service Centre Karachi,0,0,1,1,1,1,1,1,0,1,0,0,0,0,0,0,223,507,Active,17,1,0.2807,normal,2.7726,Manual Review
CLM-001249,USR-0034,PRD-0337,Smartphone,Infinix,INF-938B,SNIYX95OJW9B,Imtiaz Super Market,2023-12-05,206691,12,1,12,2023-12-05,2025-12-05,2025-04-22,2025-05-13,Camera Module Fault,1,Functional,150561,0,None,0,0,0,0,0,0,0,1,5,1,0,0,0,0,0,0,525,206,Active,21,0,0.7284,incomplete,4.3634,Valid Claim
CLM-001250,USR-0102,PRD-0131,Washing Machine,Haier,HAI-433P,SNOTYQU6KWY9,Naheed Online,2023-11-14,175149,24,0,0,2023-11-14,2025-11-14,2025-10-30,2025-11-16,Physical Damage,0,Physical,15668,0,None,0,0,1,0,0,0,1,1,3,1,0,0,0,0,0,0,733,-2,Expired,17,1,0.0895,normal,-5.7567,Invalid Claim
CLM-001251,USR-0315,PRD-0210,Refrigerator,Samsung,SAM-316N,SN40W6A718FV,Local Electronics Dealer,2024-11-11,130297,12,0,0,2024-11-11,2025-11-11,2025-10-15,2025-10-19,Cooling Fault,1,Functional,64311,0,None,0,0,1,0,1,1,1,1,1,1,0,0,0,0,0,0,342,23,Nearing Expiry,4,1,0.4936,normal,7.72,Valid Claim
CLM-001252,USR-0264,PRD-0276,Refrigerator,Samsung,SAM-856C,SN4QLEJDR6LW,Imtiaz Super Market,2025-04-19,215168,12,0,0,2025-04-19,2026-04-19,2025-10-14,2025-10-15,Physical Damage,0,Environmental,97992,0,None,0,0,0,1,1,1,1,1,1,0,0,0,0,0,0,0,179,186,Active,1,1,0.4554,normal,-2.0361,Invalid Claim
CLM-001253,USR-0371,PRD-0241,Refrigerator,Dawlance,DAW-666E,SN7XXDSBRP14,Local Electronics Dealer,2026-01-07,157693,12,1,48,2026-01-07,2031-01-07,2026-09-23,2026-09-23,Gas Leakage,1,Functional,56292,0,None,0,0,1,1,1,1,1,1,0,1,0,0,0,0,1,1,259,1567,Active,0,1,0.357,normal,8.9691,Valid Claim
CLM-001255,USR-0091,PRD-0885,Refrigerator,LG,LG-643K,SNIJST72V3M4,Daraz,2022-11-01,297254,12,0,0,2022-11-01,2023-11-01,2024-07-14,2024-07-18,Thermostat Fault,1,Functional,143484,1,Local Repair Shop,1,1,1,1,1,0,1,1,1,1,0,0,0,0,0,0,625,-260,Expired,4,1,0.4827,normal,-0.7138,Manual Review
CLM-001256,USR-0114,PRD-0253,Laptop,Lenovo,LEN-120H,SNIMW4HGIL4F,HKB Store,2025-05-31,352880,12,0,0,2025-05-31,2026-05-31,2026-05-25,2026-08-15,Keyboard Failure,1,Functional,45481,0,None,0,0,1,1,1,0,1,1,1,1,0,0,0,0,0,0,441,-76,Expired,82,0,0.1289,borderline,0.6843,Manual Review
CLM-001258,USR-0036,PRD-0396,Refrigerator,Haier,HAI-390D,SNIXCCSG4OFD,Authorised Brand Outlet,2024-10-27,67035,12,0,0,2024-10-27,2025-10-27,2025-11-28,2026-02-15,Gas Leakage,1,Functional,13363,0,None,0,0,1,1,0,1,1,1,1,1,0,0,0,0,0,0,476,-111,Expired,79,0,0.1993,borderline,-0.2134,Manual Review
CLM-001259,USR-0098,PRD-0483,Refrigerator,Orient,ORI-765A,SN549UM6S86L,Imtiaz Super Market,2023-05-21,310673,12,0,0,2023-05-21,2024-05-21,2024-01-23,2024-04-09,Rodent Damage,0,Installation,221287,4,Local Repair Shop,1,0,1,0,1,1,1,1,1,1,0,0,0,0,0,0,324,42,Nearing Expiry,77,0,0.7123,complex,-3.0536,Invalid Claim
CLM-001261,USR-0336,PRD-0346,Smartphone,Samsung,SAM-559G,SN80I4527KKZ,HKB Store,2024-03-02,79232,12,1,12,2024-03-02,2026-03-02,2025-10-17,2025-11-07,Camera Module Fault,1,Functional,11913,1,Local Repair Shop,1,0,1,0,1,0,1,1,2,0,0,0,0,0,1,1,615,115,Active,21,0,0.1504,contradictory,1.7829,Manual Review
CLM-001262,USR-0298,PRD-0829,Washing Machine,LG,LG-859N,SN91DZ8XEBNP,Local Electronics Dealer,2025-11-17,79553,24,0,0,2025-11-17,2027-11-17,2026-09-23,2026-09-23,Control Board Fault,1,Functional,6947,0,None,0,0,0,0,1,1,1,1,2,1,0,0,0,0,0,0,310,420,Active,0,1,0.0873,borderline,6.431,Valid Claim
CLM-001264,USR-0243,PRD-0119,Washing Machine,Dawlance,DAW-139G,SNBOP8I6T5FJ,Authorised Brand Outlet,2026-03-24,111095,24,0,0,2026-03-24,2028-03-24,2026-05-09,2026-05-11,Water Inlet Valve Fault,1,Functional,93141,1,Local Repair Shop,1,0,1,0,1,1,1,1,1,1,0,0,0,0,0,0,48,683,Active,2,1,0.8384,complex,6.5194,Valid Claim
CLM-001265,USR-0087,PRD-0735,Air Conditioner,Gree,GRE-148M,SNXZQINMM5DE,Naheed Online,2026-06-03,110177,12,0,0,2026-06-03,2027-06-03,2026-07-08,2026-07-31,Improper Installation,0,Physical,75328,0,None,0,0,1,1,1,1,1,1,0,1,0,0,0,0,0,0,58,307,Active,23,1,0.6837,normal,3.1291,Manual Review
CLM-001266,USR-0225,PRD-0850,Air Conditioner,Haier,HAI-559G,SN4RV923UV15,Metro Cash And Carry,2025-10-09,307559,12,0,0,2025-10-09,2026-10-09,2026-01-22,2026-02-16,Fan Motor Failure,1,Functional,29274,0,None,0,0,1,1,0,0,0,1,3,1,0,0,0,0,0,0,130,235,Active,25,1,0.0952,incomplete,7.5274,Valid Claim
CLM-001268,USR-0044,PRD-0848,Laptop,Acer,ACE-894N,SNY650OPM0OG,Naheed Online,2024-05-07,130586,12,0,0,2024-05-07,2025-05-07,2025-04-25,2025-06-19,Battery Swelling,1,Functional,105425,1,Authorised Service Centre Karachi,0,0,1,1,1,1,0,1,1,1,0,0,1,0,0,1,408,-43,Expired,55,0,0.8073,complex,-2.8839,Invalid Claim
CLM-001270,USR-0009,PRD-0543,Smartphone,Oppo,OPP-434F,SNUMWFRGN1F3,HKB Store,2025-07-25,108240,12,0,0,2025-07-25,2026-07-25,2026-03-22,2026-03-25,Display Line Defect,1,Functional,81508,1,Local Repair Shop,1,0,1,0,1,1,1,1,1,1,1,0,0,0,0,0,243,122,Active,3,1,0.753,complex,4.044,Valid Claim
CLM-001271,USR-0395,PRD-0283,Smartphone,Infinix,INF-828C,SNN1RIAMWU28,Naheed Online,2023-06-09,164464,12,0,0,2023-06-09,2024-06-09,2024-02-25,2024-04-25,Water Damage,0,Environmental,17028,0,None,0,0,1,1,1,1,1,1,0,0,0,0,0,0,0,0,321,45,Nearing Expiry,60,0,0.1035,contradictory,-1.9515,Manual Review
CLM-001272,USR-0347,PRD-0557,Smartphone,Oppo,OPP-488G,SN382KKZMPJR,Imtiaz Super Market,2025-09-14,175884,12,0,0,2025-09-14,2026-09-14,2026-06-21,2026-07-01,Speaker Failure,1,Functional,25942,0,None,0,0,0,0,0,0,0,1,5,1,0,0,0,0,0,0,290,75,Active,10,1,0.1475,incomplete,5.3383,Valid Claim
CLM-001273,USR-0081,PRD-0150,Washing Machine,PEL,PEL-930A,SNNIU9W1SZIE,HKB Store,2022-10-25,77418,24,0,0,2022-10-25,2024-10-25,2025-04-06,2025-04-07,External Water Ingress,0,Installation,49760,1,Local Repair Shop,1,0,0,0,1,1,1,1,2,0,0,0,0,0,0,0,895,-164,Expired,1,1,0.6427,normal,-11.4724,Invalid Claim
CLM-001274,USR-0029,PRD-0545,Air Conditioner,TCL,TCL-435K,SNLYPGW00JYJ,HKB Store,2025-09-04,322294,12,0,0,2025-09-04,2026-09-04,2026-07-26,2026-07-21,Improper Installation,0,User Induced,253154,1,Authorised Service Centre Islamabad,0,0,0,1,1,1,1,1,1,1,0,0,1,1,1,3,320,45,Nearing Expiry,-5,0,0.7855,contradictory,-6.7431,Manual Review
CLM-001275,USR-0014,PRD-0423,Laptop,HP,HP-903B,SNOTKQXW112C,Metro Cash And Carry,2025-07-16,257240,12,0,0,2025-07-16,2026-07-16,2026-01-31,2026-02-09,Storage Failure,1,Functional,115801,0,None,0,0,0,1,1,1,1,1,1,1,0,0,0,0,0,0,208,157,Active,9,1,0.4502,normal,7.0933,Valid Claim
CLM-001276,USR-0306,PRD-0141,Washing Machine,Samsung,SAM-452A,SNTD503779U7,Metro Cash And Carry,2024-05-21,152910,24,0,0,2024-05-21,2026-05-21,2025-11-07,2025-11-16,Drum Bearing Noise,1,Functional,89775,0,None,0,0,1,1,1,1,1,1,0,1,0,0,0,0,0,0,544,186,Active,9,1,0.5871,normal,8.978,Valid Claim
CLM-001277,USR-0305,PRD-0675,Laptop,Acer,ACE-191G,SN3OH640IW8C,Local Electronics Dealer,2026-02-12,472817,12,0,0,2026-02-12,2027-02-12,2026-07-26,2026-08-05,Motherboard Fault,1,Functional,69941,0,None,0,0,1,1,1,1,1,1,0,1,0,0,0,0,0,0,174,191,Active,10,1,0.1479,normal,9.3381,Valid Claim
CLM-001279,USR-0285,PRD-0299,Air Conditioner,Haier,HAI-847P,SNFH2TN8B8ZU,Imtiaz Super Market,2024-08-29,332753,12,0,0,2024-08-29,2025-08-29,2025-07-19,2025-08-17,Voltage Surge Without Stabilizer,0,Installation,246329,0,None,0,0,1,1,0,0,1,1,2,0,0,0,0,0,1,1,353,12,Nearing Expiry,29,1,0.7403,contradictory,-3.0523,Manual Review
CLM-001281,USR-0177,PRD-0261,Refrigerator,Haier,HAI-262G,SN4V5I2J4R40,Imtiaz Super Market,2024-10-18,191022,12,0,0,2024-10-18,2025-10-18,2025-07-11,2025-07-11,Improper Installation,0,Environmental,118155,1,Authorised Service Centre Karachi,0,0,1,0,1,1,1,1,1,1,0,0,0,0,0,0,266,99,Active,0,1,0.6185,normal,1.3284,Manual Review
CLM-001282,USR-0180,PRD-0768,Air Conditioner,Haier,HAI-517M,SN1DXQ46GA2S,Metro Cash And Carry,2025-07-09,297073,12,0,0,2025-07-09,2026-07-09,2026-07-14,2026-07-20,Cooling Fault,1,Functional,139177,0,None,0,1,0,1,1,1,1,1,1,1,0,0,0,0,0,0,376,-11,Expired,6,1,0.4685,borderline,-0.3013,Manual Review
CLM-001283,USR-0134,PRD-0655,Smartphone,Infinix,INF-361K,SNJ86FBOJPGJ,Daraz,2023-10-03,276122,12,0,0,2023-10-03,2024-10-03,2024-02-06,2024-02-10,Camera Module Fault,1,Functional,157755,3,Local Repair Shop,1,0,1,0,1,0,1,1,2,0,0,0,0,0,0,0,130,236,Active,4,1,0.5713,complex,3.5127,Valid Claim
CLM-001285,USR-0073,PRD-0614,Laptop,Dell,DEL-352K,SNY5PU5WH50J,Local Electronics Dealer,2026-02-13,295742,12,0,0,2026-02-13,2027-02-13,2026-09-23,2026-09-23,Fan Failure,1,Functional,25376,1,Authorised Service Centre Karachi,0,1,1,0,1,1,0,1,2,1,0,0,0,0,0,0,222,143,Active,0,1,0.0858,borderline,6.4531,Valid Claim
CLM-001287,USR-0104,PRD-0739,Smartphone,Samsung,SAM-606B,SN1BVF589X75,Naheed Online,2026-02-10,31504,12,0,0,2026-02-10,2027-02-10,2026-05-01,2026-04-27,Water Damage,0,Environmental,9807,2,Authorised Service Centre Islamabad,0,0,1,0,1,1,1,1,1,1,0,0,0,1,0,1,76,289,Active,-4,0,0.3113,normal,-2.2939,Invalid Claim
CLM-001289,USR-0060,PRD-0816,Air Conditioner,TCL,TCL-811C,SN6IZ8ER6U0E,Authorised Brand Outlet,2023-05-23,137723,12,0,0,2023-05-23,2024-05-23,2024-06-04,2024-06-13,Fan Motor Failure,1,Functional,103261,0,None,0,0,1,1,1,1,1,1,0,1,1,0,0,0,0,0,387,-21,Expired,9,1,0.7498,borderline,-0.6058,Manual Review
CLM-001290,USR-0009,PRD-0359,Washing Machine,PEL,PEL-106C,SNZ2TVB1KWVG,Authorised Brand Outlet,2025-11-10,189816,24,0,0,2025-11-10,2027-11-10,2025-12-05,2025-12-14,Rodent Damage,0,Installation,66856,0,None,0,0,0,1,1,1,0,1,2,1,0,0,0,0,0,0,34,696,Active,9,1,0.3522,normal,-1.193,Manual Review
CLM-001291,USR-0129,PRD-0175,Smartphone,Infinix,INF-917E,SNW6I0Q2PJYX,Authorised Brand Outlet,2023-10-19,188447,12,0,0,2023-10-19,2024-10-19,2025-10-06,2025-10-07,Physical Damage,0,User Induced,29201,1,Authorised Service Centre Islamabad,0,0,1,1,0,0,0,1,3,1,0,0,0,0,0,0,719,-353,Expired,1,1,0.155,incomplete,-6.9538,Invalid Claim
CLM-001293,USR-0245,PRD-0364,Refrigerator,Orient,ORI-692B,SNJ3NP6W30Y2,Metro Cash And Carry,2023-06-15,94230,12,0,0,2023-06-15,2024-06-15,2024-03-30,2024-04-12,Cooling Fault,1,Functional,79885,1,Local Repair Shop,1,0,1,1,1,1,1,1,0,1,0,0,1,0,0,1,302,64,Active,13,1,0.8478,normal,6.3046,Valid Claim
CLM-001294,USR-0375,PRD-0823,Refrigerator,Samsung,SAM-112C,SNS9V7LP1LEX,Metro Cash And Carry,2025-03-21,173967,12,0,0,2025-03-21,2026-03-21,2025-09-19,2025-09-21,Improper Installation,0,User Induced,63263,0,None,0,0,1,1,1,1,1,1,0,1,0,0,0,0,0,0,184,181,Active,2,1,0.3636,normal,3.4195,Valid Claim
CLM-001295,USR-0363,PRD-0484,Smartphone,Vivo,VIV-442F,SN1ZEKGO1P74,Authorised Brand Outlet,2024-02-23,120336,12,0,0,2024-02-23,2025-02-23,2025-06-04,2025-06-23,Physical Damage,0,Physical,51680,0,None,0,0,1,0,1,1,1,1,1,0,0,0,0,0,0,0,486,-120,Expired,19,0,0.4295,normal,-9.784,Invalid Claim
CLM-001296,USR-0238,PRD-0757,Smartphone,Vivo,VIV-637B,SNFYBVOKBUWF,Daraz,2023-10-30,265384,12,0,0,2023-10-30,2024-10-30,2026-07-23,2026-09-21,Camera Module Fault,1,Functional,93906,4,Unregistered Technician,1,1,1,1,1,1,1,0,1,1,0,0,0,0,0,0,1057,-691,Expired,60,0,0.3538,complex,-2.6346,Invalid Claim
CLM-001297,USR-0213,PRD-0217,Air Conditioner,Mitsubishi,MIT-510C,SN2TP5HQKJNZ,Local Electronics Dealer,2024-05-27,182826,12,1,36,2024-05-27,2028-05-27,2025-09-24,2024-05-04,Lack Of Servicing,0,Environmental,151349,0,None,0,0,1,1,1,1,1,1,0,0,0,1,0,0,0,1,-23,1484,Active,-508,0,0.8278,contradictory,-3.2767,Manual Review
CLM-001298,USR-0247,PRD-0441,Washing Machine,LG,LG-190C,SNJ9LCOY4XCQ,Naheed Online,2023-07-18,166171,24,0,0,2023-07-18,2025-07-18,2024-08-13,2024-08-10,External Water Ingress,0,User Induced,27099,0,None,0,0,0,1,1,1,0,1,2,1,0,0,0,1,0,1,389,342,Active,-3,0,0.1631,incomplete,-4.0467,Invalid Claim
CLM-001299,USR-0343,PRD-0326,Laptop,Dell,DEL-235H,SNRUMEHCYKJB,Imtiaz Super Market,2023-09-26,199751,12,0,0,2023-09-26,2024-09-26,2024-01-04,2024-01-11,Physical Damage,0,User Induced,129892,1,Authorised Service Centre Lahore,0,0,0,0,1,0,0,1,4,1,0,0,0,0,0,0,107,259,Active,7,1,0.6503,incomplete,-1.3438,Manual Review
CLM-001301,USR-0205,PRD-0134,Washing Machine,Dawlance,DAW-770M,SN505XF36L3E,Local Electronics Dealer,2024-04-10,181033,24,0,0,2024-04-10,2026-04-10,2025-05-15,2025-06-13,Drain Pump Failure,1,Functional,134947,1,Unregistered Technician,1,0,1,1,1,1,1,1,0,1,0,0,0,0,0,0,429,301,Active,29,1,0.7454,normal,7.4767,Valid Claim
CLM-001302,USR-0361,PRD-0185,Laptop,HP,HP-459K,SNWDEKL93B7A,Naheed Online,2023-08-08,154575,12,1,24,2023-08-08,2026-08-08,2026-06-09,2026-07-05,Battery Swelling,1,Functional,66230,0,None,0,0,1,1,1,0,0,1,2,1,0,0,0,0,0,0,1062,34,Nearing Expiry,26,0,0.4285,normal,7.3589,Valid Claim
CLM-001303,USR-0036,PRD-0701,Laptop,Dell,DEL-141J,SN79R47URMIQ,Local Electronics Dealer,2023-02-22,91112,12,0,0,2023-02-22,2024-02-22,2024-02-21,2024-03-22,Liquid Spill,0,Physical,36459,0,None,0,0,1,1,1,1,1,1,0,1,0,0,0,0,0,0,394,-29,Expired,30,0,0.4002,borderline,-6.3045,Invalid Claim
CLM-001304,USR-0054,PRD-0020,Laptop,Dell,DEL-448E,SN228GN0GX4O,Local Electronics Dealer,2024-06-09,317736,12,1,24,2024-06-09,2027-06-09,2026-09-23,2026-09-23,Fan Failure,1,Functional,49499,0,None,0,0,1,1,1,0,1,1,1,1,0,0,0,0,0,0,836,259,Active,0,1,0.1558,borderline,9.5928,Valid Claim
CLM-001305,USR-0075,PRD-0291,Laptop,Dell,DEL-917H,SN2EJPKC0XTY,Authorised Brand Outlet,2022-09-29,459700,12,0,0,2022-09-29,2023-09-29,2023-10-17,2023-10-19,Keyboard Failure,1,Functional,340341,0,None,0,0,1,1,1,1,0,1,1,1,0,0,0,0,0,0,385,-20,Expired,2,1,0.7404,borderline,0.8061,Manual Review
CLM-001306,USR-0019,PRD-0117,Washing Machine,LG,LG-206L,SNEHHD8WXQBI,Daraz,2022-09-02,99079,24,0,0,2022-09-02,2024-09-02,2024-12-25,2024-12-21,Control Board Fault,1,Functional,56494,2,Authorised Service Centre Islamabad,0,0,1,1,1,1,1,1,0,1,0,0,0,1,0,1,841,-110,Expired,-4,0,0.5702,borderline,-1.6972,Manual Review
CLM-001308,USR-0138,PRD-0019,Smartphone,Samsung,SAM-727H,SNU73365RD46,Local Electronics Dealer,2024-05-10,35286,12,1,12,2024-05-10,2026-05-10,2026-08-13,2026-09-23,Charging Port Fault,1,Functional,12694,0,None,0,0,0,1,1,0,0,1,3,1,0,0,0,0,0,0,866,-136,Expired,41,0,0.3597,incomplete,-3.4702,Invalid Claim
CLM-001309,USR-0379,PRD-0098,Air Conditioner,TCL,TCL-205J,SNZPO8I87R2X,Local Electronics Dealer,2024-12-20,255680,12,0,0,2024-12-20,2025-12-20,2026-09-16,2026-09-21,Physical Damage,0,Installation,35313,4,Authorised Service Centre Karachi,0,0,1,1,1,1,1,1,0,1,0,0,0,0,0,0,640,-275,Expired,5,1,0.1381,complex,-6.5698,Invalid Claim
CLM-001310,USR-0271,PRD-0103,Smartphone,Infinix,INF-398K,SNO2LCHHCC5Z,Authorised Brand Outlet,2025-02-04,246424,12,1,12,2025-02-04,2027-02-04,2025-09-18,2025-09-26,Charging Port Fault,1,Functional,84161,0,None,0,0,1,0,1,1,1,1,1,1,0,0,0,0,0,0,234,496,Active,8,1,0.3415,normal,9.4924,Valid Claim
CLM-001311,USR-0362,PRD-0181,Laptop,Asus,ASU-206G,SNBM0UTCQCL3,Imtiaz Super Market,2024-04-06,377669,12,0,0,2024-04-06,2025-04-06,2026-09-23,2026-09-23,Liquid Spill,0,Environmental,76928,2,Authorised Service Centre Karachi,0,0,1,1,1,0,1,1,1,1,0,0,1,0,0,1,900,-535,Expired,0,1,0.2037,complex,-7.4052,Invalid Claim
CLM-001312,USR-0241,PRD-0621,Washing Machine,Samsung,SAM-974L,SN30KF8VD3RR,Daraz,2026-07-05,170914,24,0,0,2026-07-05,2028-07-05,2026-09-23,2026-09-23,Drum Bearing Noise,1,Functional,115697,1,Authorised Service Centre Lahore,0,0,1,0,1,1,0,1,2,1,0,0,0,0,0,0,80,651,Active,0,1,0.6769,normal,7.0255,Valid Claim
CLM-001314,USR-0248,PRD-0050,Smartphone,Samsung,SAM-160P,SNO93QMCWMC0,Imtiaz Super Market,2023-04-26,174673,12,0,0,2023-04-26,2024-04-26,2024-01-27,2024-02-17,Water Damage,0,Environmental,21125,1,Unregistered Technician,1,0,0,0,0,1,1,1,3,1,0,0,0,0,0,0,297,69,Active,21,0,0.1209,normal,-3.1234,Invalid Claim
CLM-001315,USR-0090,PRD-0728,Laptop,HP,HP-675C,SNGN2ENVYWAQ,Metro Cash And Carry,2023-06-08,303753,12,0,0,2023-06-08,2024-06-08,2026-04-04,2023-05-24,Screen Crack,0,Environmental,172223,0,None,0,0,0,0,1,1,1,1,2,1,0,1,0,0,0,1,-15,381,Active,-1046,0,0.567,incomplete,-3.5281,Invalid Claim
CLM-001318,USR-0162,PRD-0121,Refrigerator,LG,LG-670C,SN6QGCBJJUID,Metro Cash And Carry,2024-09-07,284117,12,0,0,2024-09-07,2025-09-07,2026-06-01,2026-05-15,Cooling Fault,1,Functional,126847,3,Unregistered Technician,1,0,1,1,1,1,1,1,0,0,0,0,1,1,0,2,615,-250,Expired,-17,0,0.4465,contradictory,-7.1327,Manual Review
CLM-001319,USR-0074,PRD-0886,Air Conditioner,Mitsubishi,MIT-618J,SNF5ZB7LGIEO,Metro Cash And Carry,2023-05-16,283438,12,0,0,2023-05-16,2024-05-16,2024-05-05,2024-09-01,Physical Damage,0,Installation,115212,0,None,0,0,1,0,1,1,1,1,1,1,0,0,0,0,0,0,474,-108,Expired,119,0,0.4065,borderline,-7.58,Invalid Claim
CLM-001321,USR-0320,PRD-0515,Refrigerator,Samsung,SAM-948E,SN895TX69VA9,Local Electronics Dealer,2024-09-14,81681,12,0,0,2024-09-14,2025-09-14,2025-03-02,2025-03-13,Voltage Surge Without Stabilizer,0,Installation,32053,0,None,0,1,1,1,1,0,0,1,2,1,0,0,0,0,0,0,180,185,Active,11,1,0.3924,incomplete,0.4971,Manual Review
CLM-001324,USR-0090,PRD-0492,Washing Machine,Samsung,SAM-559P,SN78U42I3P4L,Imtiaz Super Market,2024-06-08,69430,24,0,0,2024-06-08,2026-06-08,2026-02-12,2026-02-13,Rodent Damage,0,Physical,39666,1,Authorised Service Centre Islamabad,0,0,1,0,1,1,1,1,1,1,0,0,0,0,0,0,615,115,Active,1,1,0.5713,contradictory,1.7112,Manual Review
CLM-001326,USR-0192,PRD-0246,Laptop,HP,HP-923B,SNGQT1KAYWQ9,Naheed Online,2024-10-10,303944,12,1,24,2024-10-10,2027-10-10,2026-09-23,2026-09-23,Keyboard Failure,1,Functional,162421,3,Authorised Service Centre Karachi,0,0,1,1,1,1,1,0,1,1,0,0,0,0,0,0,713,382,Active,0,1,0.5344,complex,9.695,Valid Claim
CLM-001327,USR-0214,PRD-0126,Refrigerator,Orient,ORI-600M,SNX05H3K7UJJ,HKB Store,2025-08-18,201600,12,0,0,2025-08-18,2026-08-18,2026-02-01,2025-07-30,Voltage Surge Without Stabilizer,0,Installation,42849,2,Authorised Service Centre Karachi,0,0,1,1,1,1,1,1,0,0,1,1,0,0,0,1,-19,384,Active,-186,0,0.2125,contradictory,-6.3723,Manual Review
CLM-001328,USR-0133,PRD-0713,Air Conditioner,Gree,GRE-435G,SNNDITN5KG3F,Local Electronics Dealer,2025-11-18,379695,12,0,0,2025-11-18,2026-11-18,2026-01-12,2026-01-13,Fan Motor Failure,1,Functional,109608,3,Unregistered Technician,1,0,1,1,1,1,1,0,1,1,0,0,0,0,0,0,56,309,Active,1,1,0.2887,complex,6.8304,Valid Claim
CLM-001329,USR-0004,PRD-0245,Air Conditioner,Dawlance,DAW-559J,SNGU5IO8VE6U,Local Electronics Dealer,2022-10-28,411725,12,0,0,2022-10-28,2023-10-28,2023-06-24,2022-10-17,PCB Fault,1,Functional,101510,0,None,0,0,1,1,1,1,1,1,0,1,0,1,0,0,1,2,-11,376,Active,-250,0,0.2465,contradictory,5.0673,Manual Review
CLM-001330,USR-0032,PRD-0801,Laptop,Dell,DEL-953A,SN0SHDKKG1R1,Metro Cash And Carry,2023-01-08,314350,12,1,24,2023-01-08,2026-01-08,2023-02-06,2022-12-23,Motherboard Fault,1,Functional,28023,2,Authorised Service Centre Islamabad,0,0,1,1,1,1,0,1,1,1,1,1,0,0,0,1,-16,1112,Active,-45,0,0.0891,contradictory,3.8764,Manual Review
CLM-001331,USR-0178,PRD-0305,Washing Machine,Dawlance,DAW-643E,SNZHSP3V5VS0,Daraz,2023-02-25,53528,24,0,0,2023-02-25,2025-02-25,2024-09-19,2024-10-22,Drum Bearing Noise,1,Functional,26940,0,None,0,0,1,1,0,0,0,1,3,1,0,0,0,0,0,0,605,126,Active,33,0,0.5033,normal,6.5046,Valid Claim
CLM-001333,USR-0339,PRD-0745,Air Conditioner,Mitsubishi,MIT-354H,SNMYN4U9BXF4,HKB Store,2024-07-18,414135,12,0,0,2024-07-18,2025-07-18,2026-06-19,2026-09-20,Fan Motor Failure,1,Functional,52261,0,None,0,0,1,1,1,1,1,1,0,1,0,0,0,0,0,0,794,-429,Expired,93,0,0.1262,normal,0.5091,Manual Review
CLM-001334,USR-0306,PRD-0138,Refrigerator,LG,LG-260L,SNKXVQVAEUTJ,Local Electronics Dealer,2022-10-30,66091,12,1,48,2022-10-30,2027-10-30,2023-03-19,2023-06-07,Gas Leakage,1,Functional,25632,1,Local Repair Shop,1,0,0,0,1,0,0,1,4,1,0,0,0,0,0,0,220,1606,Active,80,0,0.3878,incomplete,3.4188,Valid Claim
CLM-001335,USR-0008,PRD-0544,Laptop,HP,HP-912F,SNP4LEW4P220,Local Electronics Dealer,2023-07-09,144361,12,1,24,2023-07-09,2026-07-09,2024-03-17,2024-03-25,Storage Failure,1,Functional,58994,1,Local Repair Shop,1,0,0,0,0,1,1,1,3,1,0,0,0,0,0,0,260,836,Active,8,1,0.4087,incomplete,6.249,Valid Claim
CLM-001336,USR-0018,PRD-0359,Air Conditioner,Gree,GRE-716L,SNHRZFFMOZ2N,Metro Cash And Carry,2024-11-13,182129,12,0,0,2024-11-13,2025-11-13,2025-10-04,2025-11-23,Physical Damage,0,Environmental,20832,2,Unregistered Technician,1,0,1,1,0,1,1,1,1,1,0,0,0,0,0,0,375,-10,Expired,50,0,0.1144,borderline,-8.0804,Invalid Claim
CLM-001338,USR-0078,PRD-0438,Washing Machine,PEL,PEL-660K,SNJ6AC4JRCQ9,Local Electronics Dealer,2024-03-20,95767,24,0,0,2024-03-20,2026-03-20,2024-04-03,2024-03-15,Drum Bearing Noise,1,Functional,36781,2,Local Repair Shop,1,0,1,1,1,1,1,1,0,1,0,1,1,1,1,4,-5,735,Active,-19,0,0.3841,contradictory,0.0475,Manual Review
CLM-001339,USR-0383,PRD-0387,Washing Machine,PEL,PEL-525G,SNPCFLOIG8B2,HKB Store,2023-07-10,94442,24,1,12,2023-07-10,2026-07-10,2026-01-17,2026-01-19,Control Board Fault,1,Functional,36123,1,Authorised Service Centre Lahore,0,0,1,1,1,0,1,0,2,1,0,0,0,0,0,0,924,172,Active,2,1,0.3825,normal,9.5141,Valid Claim
CLM-001340,USR-0374,PRD-0146,Air Conditioner,Gree,GRE-456E,SNM2SMDZQCBZ,Metro Cash And Carry,2023-01-21,135012,12,0,0,2023-01-21,2024-01-21,2023-07-10,2023-01-17,Gas Leakage,1,Functional,19287,0,None,0,0,1,1,1,1,1,1,0,1,0,1,0,0,0,1,-4,369,Active,-174,0,0.1429,contradictory,6.4027,Valid Claim
CLM-001341,USR-0146,PRD-0232,Air Conditioner,TCL,TCL-688E,SN5JSYXUFBLP,Authorised Brand Outlet,2024-10-17,234592,12,0,0,2024-10-17,2025-10-17,2025-10-16,2025-12-17,PCB Fault,1,Functional,120264,1,Authorised Service Centre Islamabad,0,0,1,1,1,0,1,1,1,1,0,0,0,0,0,0,426,-61,Expired,62,0,0.5127,borderline,-0.052,Manual Review
CLM-001343,USR-0159,PRD-0561,Refrigerator,LG,LG-988N,SN2DDL7FKNDG,HKB Store,2023-03-02,63916,12,1,48,2023-03-02,2028-03-02,2024-05-17,2024-06-01,Rodent Damage,0,Installation,10488,1,Authorised Service Centre Islamabad,0,0,1,0,1,1,1,1,1,1,0,0,0,0,0,0,457,1370,Active,15,1,0.1641,normal,2.818,Manual Review
CLM-001344,USR-0349,PRD-0674,Smartphone,Infinix,INF-481A,SNUEUVLD7P44,HKB Store,2024-05-24,226356,12,1,12,2024-05-24,2026-05-24,2025-12-10,2025-12-30,Camera Module Fault,1,Functional,75223,0,None,0,0,0,1,1,1,1,1,1,0,0,0,0,0,0,0,585,145,Active,20,0,0.3323,normal,4.5042,Valid Claim
CLM-001346,USR-0158,PRD-0468,Washing Machine,Samsung,SAM-950K,SN2Q0IW3D1CZ,HKB Store,2025-10-10,169471,24,0,0,2025-10-10,2027-10-10,2026-05-22,2026-06-03,Drum Bearing Noise,1,Functional,33915,0,None,0,0,1,1,0,1,0,1,2,1,0,0,0,0,0,0,236,494,Active,12,1,0.2001,incomplete,8.5324,Valid Claim
CLM-001347,USR-0299,PRD-0680,Washing Machine,PEL,PEL-244F,SNLXXEZDUXLE,Local Electronics Dealer,2026-06-15,84419,24,0,0,2026-06-15,2028-06-15,2026-09-23,2026-09-23,Control Board Fault,1,Functional,26734,0,None,0,0,1,1,1,1,1,1,0,1,0,0,0,0,1,1,100,631,Active,0,1,0.3167,contradictory,7.9302,Valid Claim
CLM-001348,USR-0207,PRD-0596,Laptop,HP,HP-948C,SN0EX7KI139D,Naheed Online,2024-01-20,247375,12,0,0,2024-01-20,2025-01-20,2025-01-06,2025-01-15,Battery Swelling,1,Functional,67207,0,None,0,0,1,1,1,1,1,1,0,1,0,0,0,0,0,0,361,5,Nearing Expiry,9,1,0.2717,borderline,8.9699,Valid Claim
CLM-001349,USR-0245,PRD-0046,Smartphone,Xiaomi,XIA-957E,SNJHAXI328TB,Metro Cash And Carry,2026-07-30,270072,12,0,0,2026-07-30,2027-07-30,2026-09-03,2026-09-23,Battery Wear After Six Months,0,User Induced,57341,1,Unregistered Technician,1,1,1,0,1,1,1,0,2,1,0,0,0,0,0,0,55,310,Active,20,0,0.2123,normal,-2.9964,Invalid Claim
CLM-001350,USR-0267,PRD-0651,Washing Machine,LG,LG-679B,SNR9XRWNNVGQ,Metro Cash And Carry,2026-02-10,49043,24,0,0,2026-02-10,2028-02-10,2026-07-12,2026-07-21,Motor Failure,1,Functional,23166,0,None,0,0,1,1,1,1,1,1,0,1,0,0,0,0,0,0,161,569,Active,9,1,0.4724,contradictory,8.9548,Valid Claim
CLM-001351,USR-0085,PRD-0178,Laptop,Lenovo,LEN-325E,SNDILUVNHDCZ,Naheed Online,2025-05-19,211890,12,0,0,2025-05-19,2026-05-19,2026-06-08,2026-06-16,Fan Failure,1,Functional,88486,1,Authorised Service Centre Lahore,0,0,0,0,1,1,1,0,3,1,0,0,0,0,0,0,393,-28,Expired,8,1,0.4176,incomplete,-0.837,Manual Review
CLM-001352,USR-0003,PRD-0515,Smartphone,Infinix,INF-255P,SNI63OVWUMZT,HKB Store,2024-01-11,85647,12,0,0,2024-01-11,2025-01-11,2024-12-23,2025-01-05,Network Module Fault,1,Functional,4491,0,None,0,0,1,1,1,1,1,1,0,1,0,0,0,0,0,0,360,6,Nearing Expiry,13,1,0.0524,borderline,8.4204,Valid Claim
CLM-001353,USR-0042,PRD-0141,Refrigerator,Haier,HAI-394F,SN0HF36C0OX8,HKB Store,2025-08-29,141930,12,1,48,2025-08-29,2030-08-29,2026-09-23,2026-09-23,Rodent Damage,0,Installation,7789,0,None,0,0,1,1,1,1,1,1,0,1,0,0,0,0,0,0,390,1436,Active,0,1,0.0549,borderline,2.6927,Manual Review
CLM-001354,USR-0118,PRD-0402,Air Conditioner,TCL,TCL-766M,SN7KGCIO4UKA,Imtiaz Super Market,2025-10-29,312245,12,1,36,2025-10-29,2029-10-29,2026-09-23,2026-09-23,Fan Motor Failure,1,Functional,111768,4,Authorised Service Centre Karachi,0,0,1,1,1,1,1,1,0,1,0,0,0,0,1,1,329,1132,Active,0,1,0.3579,complex,8.1274,Valid Claim
CLM-001355,USR-0294,PRD-0151,Air Conditioner,Haier,HAI-157C,SNJG8VUAZXKD,Naheed Online,2025-05-20,358772,12,1,36,2025-05-20,2029-05-20,2025-09-06,2025-09-08,Improper Installation,0,Environmental,29187,0,None,0,0,1,0,1,0,0,1,3,1,0,0,0,0,0,0,111,1350,Active,2,1,0.0814,incomplete,1.3741,Manual Review
CLM-001356,USR-0007,PRD-0090,Washing Machine,PEL,PEL-102P,SN08D716JQVL,Local Electronics Dealer,2025-01-02,85968,24,1,12,2025-01-02,2028-01-02,2025-05-16,2024-12-24,Improper Installation,0,Installation,56439,0,None,0,0,1,1,1,1,1,1,0,1,0,1,0,0,1,2,-9,1104,Active,-143,0,0.6565,contradictory,-1.0885,Manual Review
CLM-001357,USR-0206,PRD-0158,Washing Machine,Dawlance,DAW-239L,SNBSF434UMQK,Naheed Online,2024-04-02,137170,24,0,0,2024-04-02,2026-04-02,2026-02-15,2026-04-14,Physical Damage,0,Environmental,81492,0,None,0,0,1,1,1,1,1,1,0,0,0,0,0,0,0,0,742,-12,Expired,58,0,0.5941,contradictory,-9.1056,Invalid Claim
CLM-001359,USR-0386,PRD-0572,Washing Machine,PEL,PEL-731H,SN1Q3Q4RSSVR,Authorised Brand Outlet,2024-09-28,179676,24,0,0,2024-09-28,2026-09-28,2025-05-01,2025-05-27,External Water Ingress,0,Physical,20630,1,Unregistered Technician,1,0,0,0,0,0,0,0,6,1,0,0,0,0,0,0,241,489,Active,26,1,0.1148,incomplete,-3.284,Invalid Claim
CLM-001360,USR-0086,PRD-0852,Air Conditioner,Gree,GRE-941M,SNV47XOL1IVZ,Naheed Online,2024-04-18,160302,12,0,0,2024-04-18,2025-04-18,2025-03-25,2025-06-23,Fan Motor Failure,1,Functional,87480,0,None,0,0,1,0,1,0,0,1,3,0,1,0,0,0,0,0,431,-66,Expired,90,0,0.5457,borderline,-7.1536,Manual Review
CLM-001361,USR-0081,PRD-0155,Smartphone,Vivo,VIV-706E,SNEL57OBVLXU,Imtiaz Super Market,2022-09-27,95160,12,0,0,2022-09-27,2023-09-27,2023-08-18,2023-09-17,Camera Module Fault,1,Functional,6872,0,None,0,0,1,0,1,1,1,1,1,1,0,0,0,0,0,0,355,10,Nearing Expiry,30,0,0.0722,normal,6.0932,Valid Claim
CLM-001362,USR-0134,PRD-0333,Refrigerator,Orient,ORI-857D,SN9ASFOK80TY,Naheed Online,2023-11-23,292954,12,0,0,2023-11-23,2024-11-23,2024-07-23,2024-07-23,Compressor Failure,1,Functional,145353,0,None,0,0,1,0,1,1,0,1,2,0,0,0,0,0,1,1,243,123,Active,0,1,0.4962,contradictory,4.0741,Manual Review
CLM-001363,USR-0216,PRD-0575,Air Conditioner,Gree,GRE-575G,SNLT1RKQQL7P,Imtiaz Super Market,2024-07-13,116183,12,0,0,2024-07-13,2025-07-13,2025-04-02,2025-04-23,Gas Leakage,1,Functional,5919,0,None,0,0,1,0,1,1,1,1,1,1,0,0,0,0,0,0,284,81,Active,21,1,0.0509,contradictory,8.7697,Valid Claim
CLM-001364,USR-0076,PRD-0367,Air Conditioner,TCL,TCL-134A,SNOG996JLULY,Daraz,2024-02-09,138867,12,0,0,2024-02-09,2025-02-09,2024-04-07,2024-04-10,Fan Motor Failure,1,Functional,30650,0,None,0,0,1,0,1,0,0,1,3,1,0,0,0,0,0,0,61,305,Active,3,1,0.2207,incomplete,7.4547,Valid Claim
CLM-001365,USR-0267,PRD-0336,Laptop,Acer,ACE-894M,SN8WK501EPEK,Imtiaz Super Market,2024-03-26,316863,12,0,0,2024-03-26,2025-03-26,2025-05-12,2025-05-12,Keyboard Failure,1,Functional,177641,0,None,0,0,1,0,1,0,1,1,2,0,0,0,0,0,0,0,412,-47,Expired,0,1,0.5606,normal,-2.6897,Invalid Claim
CLM-001367,USR-0398,PRD-0151,Laptop,HP,HP-421A,SNRTLPZ1IA2G,Metro Cash And Carry,2024-03-13,140133,12,0,0,2024-03-13,2025-03-13,2025-11-12,2025-11-18,Motherboard Fault,1,Functional,89008,1,Authorised Service Centre Islamabad,0,0,0,0,0,1,0,0,5,1,0,0,0,0,0,0,615,-250,Expired,6,1,0.6352,incomplete,-2.7848,Invalid Claim
CLM-001368,USR-0043,PRD-0200,Air Conditioner,Haier,HAI-597G,SNZIYWGH10XW,Metro Cash And Carry,2024-10-18,177880,12,0,0,2024-10-18,2025-10-18,2026-03-15,2026-03-30,Physical Damage,0,Physical,63814,0,None,0,0,1,1,0,0,1,1,2,1,1,0,0,0,0,0,528,-163,Expired,15,1,0.3587,contradictory,-7.1446,Invalid Claim
CLM-001372,USR-0254,PRD-0087,Laptop,Asus,ASU-414L,SNMMI9XDUUOO,Local Electronics Dealer,2024-03-13,195880,12,0,0,2024-03-13,2025-03-13,2025-09-21,2025-09-06,Fan Failure,1,Functional,116488,0,None,0,0,0,1,1,0,1,1,2,1,0,0,0,1,0,1,542,-177,Expired,-15,0,0.5947,contradictory,-3.7149,Invalid Claim
CLM-001373,USR-0163,PRD-0595,Refrigerator,Orient,ORI-217K,SNUPK9IPHPTM,Naheed Online,2023-11-17,158998,12,0,0,2023-11-17,2024-11-17,2024-11-12,2024-11-14,Thermostat Fault,1,Functional,9994,2,Authorised Service Centre Karachi,0,0,1,1,1,0,1,1,1,1,0,0,0,0,0,0,363,3,Nearing Expiry,2,1,0.0629,borderline,7.6358,Valid Claim
CLM-001374,USR-0144,PRD-0547,Refrigerator,Orient,ORI-509M,SNYAF9JSC17F,Local Electronics Dealer,2023-05-11,155136,12,0,0,2023-05-11,2024-05-11,2024-12-06,2024-12-30,Voltage Surge Without Stabilizer,0,Environmental,110757,1,Authorised Service Centre Karachi,0,0,0,1,1,0,1,1,2,1,0,0,0,0,0,0,599,-233,Expired,24,1,0.7139,normal,-6.8402,Invalid Claim
CLM-001375,USR-0356,PRD-0587,Laptop,Dell,DEL-325F,SNGMN9ZTDY61,Metro Cash And Carry,2025-05-09,305356,12,0,0,2025-05-09,2026-05-09,2025-06-20,2025-10-15,Motherboard Fault,1,Functional,82345,1,Authorised Service Centre Lahore,0,0,1,1,1,1,1,1,0,1,0,0,0,0,0,0,159,206,Active,117,0,0.2697,complex,7.739,Valid Claim
CLM-001376,USR-0029,PRD-0427,Laptop,Lenovo,LEN-414L,SNCW0DPDZNXY,Metro Cash And Carry,2024-03-14,406847,12,0,0,2024-03-14,2025-03-14,2024-06-25,2024-09-10,Keyboard Failure,1,Functional,299500,1,Authorised Service Centre Islamabad,0,0,1,0,1,1,1,0,2,1,0,0,0,0,0,0,180,185,Active,77,0,0.7361,normal,5.7616,Valid Claim
CLM-001377,USR-0368,PRD-0433,Air Conditioner,Mitsubishi,MIT-997P,SNDFJCP0TLZ1,Local Electronics Dealer,2022-09-30,347788,12,0,0,2022-09-30,2023-09-30,2023-06-07,2023-06-10,Fan Motor Failure,1,Functional,148461,2,Authorised Service Centre Islamabad,0,0,0,1,1,0,1,1,2,1,0,0,0,0,0,0,253,112,Active,3,1,0.4269,normal,6.3546,Valid Claim
CLM-001378,USR-0113,PRD-0044,Air Conditioner,Haier,HAI-927M,SNE5AXYHIL6V,Local Electronics Dealer,2022-11-26,297002,12,0,0,2022-11-26,2023-11-26,2024-10-18,2024-10-28,Physical Damage,0,Environmental,192150,0,None,0,0,1,1,1,0,1,1,1,1,0,0,0,0,0,0,702,-337,Expired,10,1,0.647,normal,-4.7232,Invalid Claim
CLM-001383,USR-0122,PRD-0886,Washing Machine,Samsung,SAM-266N,SN35A0L7253J,HKB Store,2023-02-07,85515,24,0,0,2023-02-07,2025-02-07,2024-05-05,2024-06-02,Drum Bearing Noise,1,Functional,67609,2,Authorised Service Centre Islamabad,0,0,1,1,1,0,0,0,3,1,0,0,0,0,0,0,481,250,Active,28,1,0.7906,complex,6.5691,Valid Claim
CLM-001385,USR-0191,PRD-0424,Laptop,Dell,DEL-607G,SNVVQFN0IZH8,Imtiaz Super Market,2026-02-08,417260,12,0,0,2026-02-08,2027-02-08,2026-09-23,2026-09-23,Keyboard Failure,1,Functional,126823,0,None,0,0,0,0,1,1,1,1,2,1,0,0,0,0,0,0,227,138,Active,0,1,0.3039,borderline,6.6725,Valid Claim
CLM-001386,USR-0215,PRD-0837,Air Conditioner,Dawlance,DAW-891H,SNLGP14NVV4N,Daraz,2023-04-02,264636,12,0,0,2023-04-02,2024-04-02,2024-01-28,2024-03-10,Physical Damage,0,Installation,79399,2,Unregistered Technician,1,1,1,1,1,1,0,1,1,1,0,0,0,0,0,0,343,23,Nearing Expiry,42,0,0.3,complex,-3.3647,Invalid Claim
CLM-001387,USR-0011,PRD-0206,Air Conditioner,Dawlance,DAW-477E,SN7P72I82XP3,Naheed Online,2026-03-13,333920,12,0,0,2026-03-13,2027-03-13,2026-09-23,2026-09-23,PCB Fault,1,Functional,281645,1,Authorised Service Centre Karachi,0,0,1,1,1,1,0,1,1,1,0,0,0,0,0,0,194,171,Active,0,1,0.8435,borderline,8.2235,Valid Claim
CLM-001389,USR-0298,PRD-0837,Smartphone,Samsung,SAM-972L,SNLB2EMNIMCH,Local Electronics Dealer,2024-05-18,218328,12,1,12,2024-05-18,2026-05-18,2026-04-03,2026-05-03,Speaker Failure,1,Functional,21400,0,None,0,0,1,0,1,1,1,1,1,1,0,0,0,0,0,0,715,15,Nearing Expiry,30,0,0.098,normal,8.0429,Valid Claim
CLM-001390,USR-0266,PRD-0794,Washing Machine,PEL,PEL-779P,SN54RJSXFOH9,Daraz,2024-01-07,48554,24,0,0,2024-01-07,2026-01-07,2024-09-17,2024-09-17,External Water Ingress,0,Environmental,34580,0,None,0,0,1,1,1,0,0,1,2,1,0,0,0,0,0,0,254,477,Active,0,1,0.7122,incomplete,0.6962,Manual Review
CLM-001391,USR-0157,PRD-0352,Smartphone,Vivo,VIV-600K,SNMB2UN3AZZ5,HKB Store,2024-06-14,239437,12,0,0,2024-06-14,2025-06-14,2026-08-08,2026-08-21,Charging Port Fault,1,Functional,17611,0,None,0,0,0,0,1,0,0,1,4,1,0,0,0,0,0,0,798,-433,Expired,13,1,0.0736,incomplete,-2.1371,Invalid Claim
CLM-001392,USR-0351,PRD-0875,Air Conditioner,Mitsubishi,MIT-986M,SNL5DO3GQ83Q,Imtiaz Super Market,2023-05-31,348220,12,0,0,2023-05-31,2024-05-31,2024-07-23,2024-07-20,Compressor Failure,1,Functional,76262,0,None,0,0,1,1,1,1,1,1,0,1,0,0,0,1,0,1,416,-50,Expired,-3,0,0.219,borderline,-1.1865,Manual Review
CLM-001396,USR-0232,PRD-0333,Refrigerator,LG,LG-849M,SN62E52K20TV,Metro Cash And Carry,2025-04-17,71494,12,0,0,2025-04-17,2026-04-17,2026-05-28,2026-06-02,Physical Damage,0,Installation,41104,0,None,0,0,1,1,1,1,1,1,0,1,0,0,0,0,0,0,411,-46,Expired,5,1,0.5749,borderline,-5.612,Invalid Claim
CLM-001397,USR-0210,PRD-0419,Smartphone,Samsung,SAM-977M,SNU8RLEZ662P,Naheed Online,2023-12-25,194976,12,0,0,2023-12-25,2024-12-25,2024-06-23,2024-06-14,Battery Wear After Six Months,0,Physical,128211,1,Local Repair Shop,1,0,1,1,1,1,1,1,0,1,0,0,0,1,0,1,172,194,Active,-9,0,0.6576,normal,-1.6906,Manual Review
CLM-001398,USR-0039,PRD-0868,Smartphone,Oppo,OPP-276G,SNAUAI0JPPYR,HKB Store,2026-07-20,163128,12,0,0,2026-07-20,2027-07-20,2026-07-30,2026-08-03,Physical Damage,0,Environmental,84472,0,None,0,0,1,1,1,0,1,1,1,1,0,0,0,0,0,0,14,351,Active,4,1,0.5178,normal,2.3009,Manual Review
CLM-001399,USR-0062,PRD-0054,Laptop,Asus,ASU-307D,SN1VR1NECQOR,Naheed Online,2026-07-16,254983,12,0,0,2026-07-16,2027-07-16,2026-09-23,2026-09-23,Battery Swelling,1,Functional,65364,0,None,0,0,1,1,1,1,1,1,0,0,0,0,0,0,0,0,69,296,Active,0,1,0.2563,normal,6.6487,Valid Claim
CLM-001400,USR-0096,PRD-0391,Washing Machine,Samsung,SAM-626B,SNY7X6EBNBW6,Imtiaz Super Market,2023-07-14,92790,24,0,0,2023-07-14,2025-07-14,2025-07-26,2025-08-02,Rodent Damage,0,Environmental,35883,0,None,0,0,1,1,1,1,1,1,0,1,0,0,0,0,0,0,750,-19,Expired,7,1,0.3867,normal,-4.7063,Invalid Claim
CLM-001402,USR-0161,PRD-0009,Air Conditioner,Gree,GRE-649D,SN39D7YFIKN1,Imtiaz Super Market,2024-12-25,238162,12,0,0,2024-12-25,2025-12-25,2026-03-06,2026-03-11,Voltage Surge Without Stabilizer,0,Environmental,15877,0,None,0,0,0,1,1,1,1,1,1,1,1,0,0,0,0,0,441,-76,Expired,5,1,0.0667,normal,-9.4269,Invalid Claim
CLM-001404,USR-0009,PRD-0525,Smartphone,Oppo,OPP-894D,SN4350Q8OBW3,Daraz,2025-01-15,305185,12,0,0,2025-01-15,2026-01-15,2026-01-15,2026-01-21,Speaker Failure,1,Functional,258946,0,None,0,0,1,1,1,1,0,1,1,0,0,0,0,0,0,0,371,-6,Expired,6,1,0.8485,borderline,-2.5396,Invalid Claim
CLM-001405,USR-0099,PRD-0591,Refrigerator,Orient,ORI-840K,SNCYOBG0IUZ9,HKB Store,2022-12-30,268033,12,0,0,2022-12-30,2023-12-30,2023-07-16,2023-07-22,Compressor Failure,1,Functional,59800,2,Authorised Service Centre Islamabad,0,0,1,1,1,1,1,0,1,1,0,0,0,0,0,0,204,161,Active,6,1,0.2231,contradictory,8.5489,Valid Claim
CLM-001406,USR-0261,PRD-0660,Refrigerator,Orient,ORI-696F,SN2C67AIBXJU,Daraz,2025-04-06,303579,12,0,0,2025-04-06,2026-04-06,2026-04-10,2026-04-10,Voltage Surge Without Stabilizer,0,Environmental,224972,2,Authorised Service Centre Islamabad,0,1,1,1,0,1,1,0,2,1,0,0,0,0,0,0,369,-4,Expired,0,1,0.7411,borderline,-6.7109,Invalid Claim
CLM-001408,USR-0138,PRD-0829,Refrigerator,Orient,ORI-901N,SNEZNJ8U81NW,Local Electronics Dealer,2023-06-13,141390,12,0,0,2023-06-13,2024-06-13,2026-03-29,2026-04-04,Control Board Fault,1,Functional,104471,1,Local Repair Shop,1,0,1,0,1,0,0,1,3,1,0,0,1,0,0,1,1026,-660,Expired,6,1,0.7389,incomplete,-4.0394,Manual Review
CLM-001409,USR-0026,PRD-0313,Air Conditioner,TCL,TCL-600P,SNXODHS6JHB0,Metro Cash And Carry,2022-10-25,205539,12,0,0,2022-10-25,2023-10-25,2023-06-05,2023-06-18,Compressor Failure,1,Functional,88703,1,Authorised Service Centre Lahore,0,0,1,0,1,0,1,1,2,1,0,0,0,0,1,1,236,129,Active,13,1,0.4316,normal,7.2875,Valid Claim
CLM-001411,USR-0231,PRD-0022,Smartphone,Vivo,VIV-908K,SNGBZUO7MTCO,Local Electronics Dealer,2025-05-19,54021,12,0,0,2025-05-19,2026-05-19,2025-07-06,2025-07-21,Speaker Failure,1,Functional,43424,3,Unregistered Technician,1,0,1,0,1,1,1,0,2,1,0,0,0,0,0,0,63,302,Active,15,1,0.8038,normal,5.5867,Valid Claim
CLM-001412,USR-0107,PRD-0607,Refrigerator,Samsung,SAM-894K,SNXTQSR7SH2C,HKB Store,2026-07-04,312826,12,0,0,2026-07-04,2027-07-04,2026-08-28,2026-09-22,Cooling Fault,1,Functional,119425,0,None,0,0,0,1,1,1,1,1,1,1,0,0,0,0,0,0,80,285,Active,25,1,0.3818,normal,8.2649,Valid Claim
CLM-001413,USR-0324,PRD-0223,Air Conditioner,Mitsubishi,MIT-305D,SNWKMY9X8SYL,Metro Cash And Carry,2025-09-06,377208,12,0,0,2025-09-06,2026-09-06,2026-08-14,2026-08-28,Voltage Surge Without Stabilizer,0,Installation,278593,0,None,0,0,1,1,1,1,1,1,0,1,0,0,0,0,0,0,356,9,Nearing Expiry,14,1,0.7386,borderline,1.2778,Manual Review
CLM-001414,USR-0151,PRD-0142,Laptop,Dell,DEL-955B,SN91RZ84EMS8,Metro Cash And Carry,2023-09-19,309262,12,0,0,2023-09-19,2024-09-19,2024-10-10,2024-11-14,Storage Failure,1,Functional,157990,0,None,0,0,1,1,1,0,1,1,1,1,0,0,0,0,0,0,422,-56,Expired,35,0,0.5109,normal,0.5677,Manual Review
CLM-001416,USR-0266,PRD-0188,Refrigerator,Dawlance,DAW-339F,SN3B79P7D7UW,Imtiaz Super Market,2023-07-06,230122,12,1,48,2023-07-06,2028-07-06,2026-09-23,2023-06-16,Cooling Fault,1,Functional,39365,2,Unregistered Technician,1,0,1,1,1,1,1,1,0,1,0,1,0,0,0,1,-20,1847,Active,-1195,0,0.1711,borderline,5.4272,Valid Claim
CLM-001418,USR-0035,PRD-0090,Laptop,HP,HP-396K,SNOYOOJ3JX7E,Authorised Brand Outlet,2022-11-10,444580,12,0,0,2022-11-10,2023-11-10,2023-11-15,2023-11-18,Motherboard Fault,1,Functional,346487,3,Authorised Service Centre Lahore,0,1,1,1,1,0,1,0,2,1,1,0,0,0,0,0,373,-8,Expired,3,1,0.7794,borderline,-2.7385,Invalid Claim
CLM-001419,USR-0117,PRD-0344,Washing Machine,Haier,HAI-188G,SNSFFQ0NEZH1,Authorised Brand Outlet,2025-12-06,55281,24,0,0,2025-12-06,2027-12-06,2026-09-23,2026-09-23,Drum Bearing Noise,1,Functional,35156,2,Local Repair Shop,1,0,0,1,0,1,1,1,2,1,0,0,1,0,0,1,291,439,Active,0,1,0.636,normal,4.4722,Valid Claim
CLM-001420,USR-0142,PRD-0885,Washing Machine,Samsung,SAM-291K,SN7D9IKB3LVL,Local Electronics Dealer,2023-06-10,83956,24,0,0,2023-06-10,2025-06-10,2025-07-03,2025-07-07,Physical Damage,0,Physical,21509,0,None,0,0,1,1,0,0,1,1,2,1,0,0,0,0,0,0,758,-27,Expired,4,1,0.2562,borderline,-5.1921,Invalid Claim
CLM-001422,USR-0107,PRD-0225,Laptop,HP,HP-307H,SN5OL5U7NTED,Naheed Online,2025-02-07,295211,12,0,0,2025-02-07,2026-02-07,2026-06-23,2026-06-24,Battery Swelling,1,Functional,165461,0,None,0,0,1,1,1,1,1,1,0,1,0,0,0,0,0,0,502,-137,Expired,1,1,0.5605,normal,1.9963,Manual Review
CLM-001423,USR-0303,PRD-0199,Smartphone,Xiaomi,XIA-354P,SNMI8FO0VYHF,Daraz,2024-06-05,152120,12,0,0,2024-06-05,2025-06-05,2025-08-11,2025-09-28,Physical Damage,0,Physical,55218,0,None,0,0,1,1,1,1,1,1,0,1,0,0,0,0,0,0,480,-115,Expired,48,0,0.363,normal,-6.3254,Invalid Claim
CLM-001425,USR-0244,PRD-0898,Washing Machine,PEL,PEL-354H,SNAJW44QDZNX,Authorised Brand Outlet,2023-01-10,151886,24,0,0,2023-01-10,2025-01-10,2025-04-15,2025-05-03,Improper Installation,0,Environmental,20458,3,Unregistered Technician,1,0,1,1,1,1,1,1,0,1,0,0,0,0,0,0,844,-113,Expired,18,1,0.1347,complex,-6.991,Invalid Claim
CLM-001427,USR-0286,PRD-0680,Washing Machine,Haier,HAI-319D,SNN8XZ4OSU2M,Metro Cash And Carry,2025-10-25,159069,24,0,0,2025-10-25,2027-10-25,2026-09-23,2026-09-23,External Water Ingress,0,Physical,109938,1,Authorised Service Centre Lahore,0,0,1,0,1,1,1,1,1,1,0,0,0,0,0,0,333,397,Active,0,1,0.6911,borderline,2.0857,Manual Review
CLM-001428,USR-0036,PRD-0725,Refrigerator,Samsung,SAM-215K,SN7W683O3FO2,HKB Store,2026-09-03,255653,12,0,0,2026-09-03,2027-09-03,2026-09-23,2026-09-23,Thermostat Fault,1,Functional,62363,2,Authorised Service Centre Islamabad,0,0,1,1,1,1,1,1,0,1,0,0,1,0,0,1,20,345,Active,0,1,0.2439,normal,8.0862,Valid Claim
CLM-001430,USR-0379,PRD-0160,Washing Machine,Haier,HAI-104K,SNBG1743JHPY,Daraz,2026-02-01,165384,24,0,0,2026-02-01,2028-02-01,2026-06-23,2026-07-01,Rodent Damage,0,Installation,40136,2,Unregistered Technician,1,0,0,0,0,0,1,0,5,1,0,0,0,0,0,0,150,580,Active,8,1,0.2427,incomplete,-3.1636,Invalid Claim
CLM-001431,USR-0012,PRD-0549,Laptop,Lenovo,LEN-814A,SNU777LDM1VL,Daraz,2024-06-26,231987,12,0,0,2024-06-26,2025-06-26,2025-07-23,2025-08-13,Keyboard Failure,1,Functional,35071,1,Authorised Service Centre Islamabad,0,0,1,1,1,1,0,1,1,1,0,0,0,0,0,0,413,-48,Expired,21,0,0.1512,borderline,-0.8249,Manual Review
CLM-001434,USR-0380,PRD-0314,Smartphone,Xiaomi,XIA-676H,SNO7RV87ZMYP,HKB Store,2025-05-26,273647,12,1,12,2025-05-26,2027-05-26,2025-10-15,2025-10-16,Charging Port Fault,1,Functional,18835,1,Authorised Service Centre Islamabad,0,0,1,1,1,1,1,0,1,1,0,0,0,0,0,0,143,587,Active,1,1,0.0688,complex,9.705,Valid Claim
CLM-001436,USR-0292,PRD-0852,Washing Machine,Samsung,SAM-933G,SNFG00ZKOM2Z,Daraz,2025-11-22,83505,24,0,0,2025-11-22,2027-11-22,2026-09-23,2026-09-23,Physical Damage,0,Environmental,28575,0,None,0,0,1,0,0,0,1,1,3,1,0,0,0,0,0,0,305,425,Active,0,1,0.3422,incomplete,1.5809,Manual Review
CLM-001438,USR-0258,PRD-0347,Washing Machine,LG,LG-192F,SNYP5SSM0DL4,Local Electronics Dealer,2022-09-29,149756,24,0,0,2022-09-29,2024-09-29,2023-06-11,2023-06-12,Water Inlet Valve Fault,1,Functional,66178,1,Authorised Service Centre Lahore,0,0,1,1,1,1,0,1,1,1,0,0,0,0,0,0,256,475,Active,1,1,0.4419,normal,7.6765,Valid Claim
CLM-001439,USR-0118,PRD-0415,Smartphone,Oppo,OPP-764G,SN6XHGGO6ZHD,Naheed Online,2023-11-01,341427,12,0,0,2023-11-01,2024-11-01,2025-06-23,2025-07-18,Physical Damage,0,Environmental,280362,3,Authorised Service Centre Islamabad,0,0,1,0,1,1,1,1,1,1,0,0,0,0,0,0,625,-259,Expired,25,0,0.8211,normal,-7.9108,Invalid Claim
CLM-001440,USR-0380,PRD-0657,Smartphone,Infinix,INF-801P,SNQVIWWR8H22,Authorised Brand Outlet,2024-08-25,130346,12,0,0,2024-08-25,2025-08-25,2025-01-25,2025-02-24,Battery Wear After Six Months,0,Installation,98627,2,Authorised Service Centre Karachi,0,0,0,1,1,0,0,0,4,1,0,0,0,0,0,0,183,182,Active,30,0,0.7567,incomplete,-3.5931,Invalid Claim
CLM-001441,USR-0308,PRD-0889,Smartphone,Oppo,OPP-211B,SNWIB79BYFQH,Daraz,2024-05-08,82805,12,0,0,2024-05-08,2025-05-08,2025-06-13,2025-06-30,Physical Damage,0,Physical,5398,2,Authorised Service Centre Karachi,0,1,1,0,1,1,1,1,1,1,0,0,0,0,0,0,418,-53,Expired,17,0,0.0652,borderline,-9.0407,Invalid Claim
CLM-001442,USR-0068,PRD-0632,Smartphone,Vivo,VIV-615E,SNCZLCOJ2S3J,Authorised Brand Outlet,2023-08-07,215863,12,0,0,2023-08-07,2024-08-07,2024-05-27,2024-09-06,Water Damage,0,Physical,68416,0,None,0,0,1,1,1,1,1,1,0,1,0,0,0,0,1,1,396,-30,Expired,102,0,0.3169,normal,-7.6041,Invalid Claim
CLM-001444,USR-0066,PRD-0119,Washing Machine,Haier,HAI-886B,SNF1W5ZS9BK4,Authorised Brand Outlet,2022-12-31,174386,24,0,0,2022-12-31,2024-12-31,2023-11-06,2023-11-07,Motor Failure,1,Functional,42092,1,Authorised Service Centre Islamabad,0,0,1,0,1,1,1,1,1,1,0,0,0,0,0,0,311,420,Active,1,1,0.2414,complex,8.8638,Valid Claim
CLM-001446,USR-0291,PRD-0463,Laptop,HP,HP-152F,SN0IPS5OVDSZ,Local Electronics Dealer,2025-08-28,282915,12,0,0,2025-08-28,2026-08-28,2026-08-21,2026-09-23,Screen Crack,0,Environmental,74593,2,Authorised Service Centre Karachi,0,0,0,1,0,1,0,1,3,1,0,0,0,0,0,0,391,-26,Expired,33,0,0.2637,borderline,-10.0155,Invalid Claim
CLM-001447,USR-0288,PRD-0004,Washing Machine,Haier,HAI-666N,SNVLYJMWUOCS,HKB Store,2025-07-12,148902,24,0,0,2025-07-12,2027-07-12,2026-04-28,2026-07-09,Control Board Fault,1,Functional,65151,1,Authorised Service Centre Karachi,0,0,1,0,1,1,1,1,1,1,0,0,0,0,0,0,362,368,Active,72,0,0.4375,normal,7.4406,Valid Claim
CLM-001448,USR-0364,PRD-0113,Refrigerator,Dawlance,DAW-830D,SNFVB9EKTR1T,Local Electronics Dealer,2025-07-30,210435,12,0,0,2025-07-30,2026-07-30,2025-09-20,2025-09-22,Rodent Damage,0,Environmental,142364,1,Authorised Service Centre Lahore,0,1,1,1,1,1,1,1,0,1,1,0,0,0,0,0,54,311,Active,2,1,0.6765,complex,-1.2784,Manual Review
CLM-001450,USR-0138,PRD-0533,Washing Machine,Haier,HAI-122D,SNZ46ABQZ21P,Daraz,2024-09-26,61398,24,0,0,2024-09-26,2026-09-26,2026-06-15,2026-06-19,Control Board Fault,1,Functional,49766,0,None,0,0,0,1,1,1,1,1,1,1,0,0,0,0,0,0,631,99,Active,4,1,0.8105,normal,6.6955,Valid Claim
CLM-001452,USR-0329,PRD-0601,Washing Machine,Samsung,SAM-956H,SNUZIIFLNWRO,Authorised Brand Outlet,2025-12-08,106812,24,0,0,2025-12-08,2027-12-08,2026-05-10,2026-05-14,Drum Bearing Noise,1,Functional,33787,0,None,0,0,1,1,1,1,1,1,0,1,0,0,0,0,0,0,157,573,Active,4,1,0.3163,normal,9.7328,Valid Claim
CLM-001453,USR-0357,PRD-0596,Washing Machine,Samsung,SAM-783E,SNMRUWNN6LXY,Naheed Online,2023-08-08,140896,24,0,0,2023-08-08,2025-08-08,2025-07-03,2025-07-13,Drum Bearing Noise,1,Functional,75593,0,None,0,0,1,1,1,1,1,1,0,1,0,0,0,0,0,0,705,26,Nearing Expiry,10,1,0.5365,borderline,8.6947,Valid Claim
CLM-001454,USR-0039,PRD-0084,Refrigerator,Haier,HAI-784D,SN3M84BCTWKK,Authorised Brand Outlet,2024-11-30,90614,12,0,0,2024-11-30,2025-11-30,2025-04-03,2025-04-06,Cooling Fault,1,Functional,64967,2,Authorised Service Centre Islamabad,0,0,0,0,1,1,1,1,2,1,0,0,0,0,0,0,127,238,Active,3,1,0.717,complex,5.8994,Valid Claim
CLM-001455,USR-0241,PRD-0270,Smartphone,Samsung,SAM-206C,SNADAPVSF4ET,Authorised Brand Outlet,2025-04-07,178188,12,0,0,2025-04-07,2026-04-07,2025-07-19,2025-08-11,Physical Damage,0,Installation,130248,0,None,0,0,0,0,0,0,0,1,5,1,0,0,0,0,0,0,126,239,Active,23,0,0.731,incomplete,-3.2729,Invalid Claim
CLM-001456,USR-0007,PRD-0621,Laptop,Lenovo,LEN-819L,SNPGYBOA763B,Authorised Brand Outlet,2023-05-23,130712,12,0,0,2023-05-23,2024-05-23,2024-05-11,2024-05-16,Keyboard Failure,1,Functional,36596,1,Local Repair Shop,1,0,0,1,1,1,1,1,1,1,1,0,0,0,0,0,359,7,Nearing Expiry,5,1,0.28,normal,2.599,Manual Review
CLM-001457,USR-0045,PRD-0418,Air Conditioner,Dawlance,DAW-575J,SN7GEYV6NH44,Naheed Online,2025-01-15,158693,12,0,0,2025-01-15,2026-01-15,2025-04-10,2025-04-18,Compressor Failure,1,Functional,11291,0,None,0,0,1,1,1,0,1,1,1,0,1,0,0,0,0,0,93,272,Active,8,1,0.0711,contradictory,3.955,Manual Review
CLM-001459,USR-0042,PRD-0679,Refrigerator,Orient,ORI-714A,SNM8TNAWVDZV,HKB Store,2023-02-07,229774,12,0,0,2023-02-07,2024-02-07,2024-01-09,2023-01-25,Control Board Fault,1,Functional,106273,0,None,0,0,1,1,1,1,1,1,0,1,1,1,0,0,0,1,-13,378,Active,-349,0,0.4625,contradictory,3.3024,Manual Review
CLM-001460,USR-0110,PRD-0532,Smartphone,Xiaomi,XIA-971F,SN76EGQE8DKG,Local Electronics Dealer,2023-10-19,286288,12,0,0,2023-10-19,2024-10-19,2023-12-12,2023-12-20,Speaker Failure,1,Functional,45692,1,Authorised Service Centre Karachi,0,1,1,1,0,1,1,1,1,1,0,0,0,0,0,0,62,304,Active,8,1,0.1596,complex,8.7422,Valid Claim
CLM-001461,USR-0350,PRD-0419,Refrigerator,Samsung,SAM-264K,SNXYWGFEDFOP,Daraz,2025-08-12,125310,12,0,0,2025-08-12,2026-08-12,2026-06-25,2025-07-15,Rodent Damage,0,Installation,105208,1,Authorised Service Centre Karachi,0,0,1,1,1,1,0,1,1,1,0,1,0,0,0,1,-28,393,Active,-345,0,0.8396,complex,-2.3968,Invalid Claim
CLM-001462,USR-0107,PRD-0371,Laptop,HP,HP-761E,SNJNJ0KX69XP,HKB Store,2023-01-09,369557,12,0,0,2023-01-09,2024-01-09,2023-12-12,2023-12-21,Keyboard Failure,1,Functional,285510,3,Authorised Service Centre Islamabad,0,0,1,1,1,1,1,0,1,1,0,0,0,0,0,0,346,19,Nearing Expiry,9,1,0.7726,borderline,7.6839,Valid Claim
CLM-001465,USR-0249,PRD-0188,Refrigerator,LG,LG-966P,SN9W255Z4R2J,Authorised Brand Outlet,2022-11-01,145314,12,0,0,2022-11-01,2023-11-01,2023-10-24,2024-01-22,Thermostat Fault,1,Functional,48985,3,Authorised Service Centre Karachi,0,0,0,1,1,1,1,1,1,1,1,0,0,0,0,0,447,-82,Expired,90,0,0.3371,complex,-4.7112,Invalid Claim
CLM-001466,USR-0139,PRD-0795,Air Conditioner,Gree,GRE-838N,SN3H8V16SHQX,Daraz,2025-09-14,145395,12,0,0,2025-09-14,2026-09-14,2026-02-04,2026-04-10,Voltage Surge Without Stabilizer,0,Physical,95385,2,Authorised Service Centre Lahore,0,0,1,1,1,1,1,1,0,1,1,0,0,0,0,0,208,157,Active,65,0,0.656,contradictory,-1.4328,Manual Review
CLM-001468,USR-0225,PRD-0696,Refrigerator,Dawlance,DAW-392D,SNHF33GUWYH3,Metro Cash And Carry,2025-09-12,111306,12,0,0,2025-09-12,2026-09-12,2026-09-16,2026-09-23,Compressor Failure,1,Functional,28048,0,None,0,0,1,1,1,1,1,1,0,1,0,0,0,0,0,0,376,-11,Expired,7,1,0.252,borderline,1.7952,Manual Review
CLM-001469,USR-0213,PRD-0034,Air Conditioner,Gree,GRE-567L,SN8GAMQDPHV3,Naheed Online,2023-05-21,316660,12,0,0,2023-05-21,2024-05-21,2025-07-24,2025-07-27,Physical Damage,0,Installation,262093,1,Unregistered Technician,1,0,1,0,1,1,1,0,2,0,0,0,0,0,0,0,798,-432,Expired,3,1,0.8277,normal,-10.6716,Invalid Claim
CLM-001471,USR-0167,PRD-0220,Air Conditioner,Dawlance,DAW-104K,SNF0PH6EEG9N,Daraz,2023-10-23,261798,12,0,0,2023-10-23,2024-10-23,2024-10-21,2024-10-23,Physical Damage,0,Environmental,114481,0,None,0,0,1,1,1,1,1,1,0,1,0,0,0,0,0,0,366,0,Expired,2,1,0.4373,contradictory,-4.6371,Invalid Claim
CLM-001473,USR-0122,PRD-0760,Air Conditioner,Gree,GRE-630K,SNOAB2BOI3W3,Naheed Online,2022-12-14,318133,12,0,0,2022-12-14,2023-12-14,2024-01-08,2024-01-09,Improper Installation,0,User Induced,136377,0,None,0,0,1,0,1,1,1,1,1,1,0,0,0,0,0,0,391,-26,Expired,1,1,0.4287,normal,-5.7311,Invalid Claim
CLM-001474,USR-0230,PRD-0505,Refrigerator,Haier,HAI-437N,SNDINUSMJN7B,Local Electronics Dealer,2023-03-25,286552,12,0,0,2023-03-25,2024-03-25,2024-01-01,2024-01-01,Rodent Damage,0,Installation,39811,0,None,0,0,1,1,1,0,0,1,2,0,0,0,0,0,0,0,282,84,Active,0,1,0.1389,contradictory,-1.5428,Manual Review
CLM-001475,USR-0161,PRD-0447,Washing Machine,LG,LG-720J,SNE6GBPS3Y70,Imtiaz Super Market,2024-01-14,114590,24,0,0,2024-01-14,2026-01-14,2026-01-27,2026-01-30,Improper Installation,0,User Induced,9236,0,None,0,0,1,1,1,1,0,1,1,1,1,0,0,0,0,0,747,-16,Expired,3,1,0.0806,borderline,-8.2227,Invalid Claim
CLM-001477,USR-0169,PRD-0095,Smartphone,Xiaomi,XIA-752N,SNDXVC6WN93D,Imtiaz Super Market,2023-04-25,105866,12,1,12,2023-04-25,2025-04-25,2026-06-19,2026-06-19,Screen Crack,0,Installation,11582,2,Authorised Service Centre Lahore,0,0,0,0,0,0,0,0,6,1,0,0,0,0,0,0,1151,-420,Expired,0,1,0.1094,incomplete,-8.655,Invalid Claim
CLM-001479,USR-0327,PRD-0013,Laptop,Acer,ACE-960M,SN42SIHXODLC,Authorised Brand Outlet,2023-10-11,346509,12,0,0,2023-10-11,2024-10-11,2024-09-24,2025-01-08,Physical Damage,0,User Induced,144652,2,Local Repair Shop,1,0,1,1,1,1,1,1,0,1,0,0,0,0,0,0,455,-89,Expired,106,0,0.4175,complex,-8.6887,Invalid Claim
CLM-001480,USR-0300,PRD-0394,Refrigerator,Dawlance,DAW-189B,SNE0EV6XGZ7C,Authorised Brand Outlet,2022-12-21,230458,12,0,0,2022-12-21,2023-12-21,2023-08-20,2023-08-29,Gas Leakage,1,Functional,62398,0,None,0,0,1,1,1,0,1,1,1,1,0,0,0,0,0,0,251,114,Active,9,1,0.2708,normal,9.5633,Valid Claim
CLM-001481,USR-0325,PRD-0685,Air Conditioner,Gree,GRE-600J,SNN8991LGDNW,Metro Cash And Carry,2022-10-25,129070,12,0,0,2022-10-25,2023-10-25,2025-05-16,2025-05-28,Fan Motor Failure,1,Functional,58343,1,Local Repair Shop,1,0,1,0,1,1,1,1,1,0,0,0,0,0,0,0,946,-581,Expired,12,1,0.452,complex,-3.7637,Invalid Claim
CLM-001482,USR-0353,PRD-0245,Washing Machine,Haier,HAI-274F,SNYFLQ8XPA95,Imtiaz Super Market,2025-06-11,169979,24,1,12,2025-06-11,2028-06-11,2026-09-23,2026-09-23,Drum Bearing Noise,1,Functional,109002,2,Local Repair Shop,1,0,1,1,1,1,1,0,1,1,0,0,0,0,0,0,469,627,Active,0,1,0.6413,borderline,8.3234,Valid Claim
CLM-001483,USR-0172,PRD-0403,Washing Machine,Dawlance,DAW-410A,SNAKE1Z0RLA0,Authorised Brand Outlet,2026-03-10,141202,24,0,0,2026-03-10,2028-03-10,2026-09-23,2026-03-03,External Water Ingress,0,Physical,81195,2,Authorised Service Centre Lahore,0,1,1,1,0,1,1,0,2,1,0,1,0,0,0,1,-7,738,Active,-204,0,0.575,complex,-2.0094,Invalid Claim
CLM-001484,USR-0116,PRD-0881,Refrigerator,Samsung,SAM-350K,SNSYI8R5NTIP,Authorised Brand Outlet,2024-10-27,307478,12,0,0,2024-10-27,2025-10-27,2025-10-21,2025-10-16,Control Board Fault,1,Functional,192090,0,None,0,0,1,1,1,1,1,1,0,1,1,0,0,1,0,1,354,11,Nearing Expiry,-5,0,0.6247,contradictory,2.6078,Manual Review
CLM-001486,USR-0263,PRD-0127,Laptop,Lenovo,LEN-688G,SN04W4JSNYM3,HKB Store,2026-02-01,212757,12,0,0,2026-02-01,2027-02-01,2026-04-23,2026-05-03,Unauthorised Software Modification,0,User Induced,19767,2,Unregistered Technician,1,0,0,1,1,1,1,0,2,1,0,0,0,0,0,0,91,274,Active,10,1,0.0929,normal,-1.2627,Manual Review
CLM-001488,USR-0119,PRD-0409,Laptop,Acer,ACE-122K,SNOGRUOCGUAE,Local Electronics Dealer,2022-12-17,138157,12,0,0,2022-12-17,2023-12-17,2024-12-18,2025-01-08,Unauthorised Software Modification,0,Environmental,89167,1,Authorised Service Centre Karachi,0,1,1,1,1,1,0,1,1,1,1,0,0,0,0,0,753,-388,Expired,21,0,0.6454,complex,-10.9183,Invalid Claim
CLM-001489,USR-0105,PRD-0292,Laptop,Asus,ASU-617H,SNJH9PO2UBAT,Naheed Online,2022-12-17,462391,12,0,0,2022-12-17,2023-12-17,2023-08-15,2023-08-22,Motherboard Fault,1,Functional,283714,0,None,0,0,0,0,1,0,1,1,3,1,0,0,0,0,0,0,248,117,Active,7,1,0.6136,incomplete,7.0202,Valid Claim
CLM-001491,USR-0055,PRD-0757,Laptop,Asus,ASU-630C,SNRR2KU2NNU8,Authorised Brand Outlet,2023-04-09,467158,12,0,0,2023-04-09,2024-04-09,2024-03-01,2024-05-13,Keyboard Failure,1,Functional,307420,0,None,0,1,1,1,1,1,1,1,0,1,0,0,0,0,0,0,400,-34,Expired,73,0,0.6581,borderline,-0.8114,Manual Review
CLM-001492,USR-0166,PRD-0136,Smartphone,Vivo,VIV-479G,SN9HJ67TM0ZX,Naheed Online,2024-12-22,307186,12,0,0,2024-12-22,2025-12-22,2026-04-25,2026-05-30,Network Module Fault,1,Functional,94173,2,Local Repair Shop,1,0,1,0,0,1,1,1,2,1,0,0,0,0,0,0,524,-159,Expired,35,0,0.3066,normal,-2.892,Invalid Claim
CLM-001493,USR-0126,PRD-0346,Washing Machine,Dawlance,DAW-144G,SNECKC546RXO,Local Electronics Dealer,2024-04-13,156741,24,1,12,2024-04-13,2027-04-13,2025-04-24,2025-04-30,Motor Failure,1,Functional,128423,3,Local Repair Shop,1,0,1,0,1,0,1,1,2,0,0,0,0,0,0,0,382,713,Active,6,1,0.8193,contradictory,4.5354,Valid Claim
CLM-001494,USR-0134,PRD-0120,Washing Machine,Dawlance,DAW-420A,SN9R9KMP6J37,Authorised Brand Outlet,2025-05-11,184047,24,0,0,2025-05-11,2027-05-11,2026-09-23,2026-09-23,Drain Pump Failure,1,Functional,72945,0,None,0,0,1,1,1,1,1,1,0,1,0,0,0,0,0,0,500,230,Active,0,1,0.3963,normal,9.5416,Valid Claim
CLM-001496,USR-0018,PRD-0268,Smartphone,Oppo,OPP-531C,SNFY4QCYD52A,Daraz,2026-04-10,104035,12,0,0,2026-04-10,2027-04-10,2026-09-08,2026-09-17,Camera Module Fault,1,Functional,28918,0,None,0,1,0,0,1,1,0,1,3,0,0,0,0,0,0,0,160,205,Active,9,1,0.278,incomplete,1.5776,Manual Review
CLM-001499,USR-0324,PRD-0601,Laptop,Lenovo,LEN-311H,SNOIJSDVLN1M,Authorised Brand Outlet,2025-01-31,462787,12,0,0,2025-01-31,2026-01-31,2026-03-07,2026-07-02,Battery Swelling,1,Functional,224044,1,Authorised Service Centre Islamabad,0,0,1,1,0,0,1,1,2,0,0,0,0,0,0,0,517,-152,Expired,117,0,0.4841,borderline,-3.2798,Invalid Claim
CLM-001500,USR-0061,PRD-0361,Washing Machine,Haier,HAI-995M,SNU9IN7OFHEP,Naheed Online,2023-01-13,116297,24,0,0,2023-01-13,2025-01-13,2023-11-10,2023-11-15,Control Board Fault,1,Functional,84003,0,None,0,0,1,1,1,1,1,1,0,1,0,0,0,0,0,0,306,425,Active,5,1,0.7223,contradictory,9.255,Valid Claim
